"Address","Date","Rent","Aprt_Type","Building_Type"
"277 Promenade Pl, Las Vegas, NV 89106","2026/07/07",2058,"Studio","Apartment"
"277 Promenade Pl, Las Vegas, NV 89106","2026/07/07",1872,"1 Bed","Apartment"
"277 Promenade Pl, Las Vegas, NV 89106","2026/07/07",3118,"2 Beds+","Apartment"
"1201 S 3rd St, Las Vegas, NV 89104","2026/07/07",1640,"1 Bed","Apartment"
"1201 S 3rd St, Las Vegas, NV 89104","2026/07/07",2725,"2 Beds","Apartment"
"215-219 S Water St, Henderson, NV 89015","2026/07/07",1509,"Studio","Apartment"
"215-219 S Water St, Henderson, NV 89015","2026/07/07",1430,"1 Bed","Apartment"
"215-219 S Water St, Henderson, NV 89015","2026/07/07",2200,"2 Beds+","Apartment"
"4250 S Arville St, Las Vegas, NV 89103","2026/07/07",1308,"1 Bed","Apartment"
"4250 S Arville St, Las Vegas, NV 89103","2026/07/07",1508,"2 Beds","Apartment"
"4200 Paradise Rd, Las Vegas, NV 89169","2026/07/07",1152,"1 Bed","Apartment"
"4200 Paradise Rd, Las Vegas, NV 89169","2026/07/07",1446,"2 Beds","Apartment"
"6901 E Lake Mead Blvd, Las Vegas, NV 89156","2026/07/07",1197,"1 Bed","Apartment"
"6901 E Lake Mead Blvd, Las Vegas, NV 89156","2026/07/07",1357,"2 Beds","Apartment"
"6901 E Lake Mead Blvd, Las Vegas, NV 89156","2026/07/07",1792,"3 Beds","Apartment"
"3011 S Arville St, Las Vegas, NV 89102","2026/07/07",1040,"2 Beds","Apartment"
"3011 S Arville St, Las Vegas, NV 89102","2026/07/07",1350,"3 Beds","Apartment"
"7401 W Washington Ave, Las Vegas, NV 89128","2026/07/07",1280,"1 Bed","Apartment"
"7401 W Washington Ave, Las Vegas, NV 89128","2026/07/07",1545,"2 Beds","Apartment"
"7401 W Washington Ave, Las Vegas, NV 89128","2026/07/07",1895,"3 Beds","Apartment"
"1500 Karen Ave, Las Vegas, NV 89109","2026/07/07",934,"1 Bed","Apartment"
"1500 Karen Ave, Las Vegas, NV 89109","2026/07/07",1180,"2 Beds","Apartment"
"6930 Paradise Rd, Las Vegas, NV 89119","2026/07/07",1260,"1 Bed","Apartment"
"6930 Paradise Rd, Las Vegas, NV 89119","2026/07/07",1399,"2 Beds","Apartment"
"511 E Sahara Ave, Las Vegas, NV 89104","2026/07/07",1395,"1 Bed","Apartment"
"511 E Sahara Ave, Las Vegas, NV 89104","2026/07/07",1350,"2 Beds","Apartment"
"1330 E Reno Ave, Las Vegas, NV 89119","2026/07/07",1299,"1 Bed","Apartment"
"1330 E Reno Ave, Las Vegas, NV 89119","2026/07/07",1450,"2 Beds","Apartment"
"5711 W Tropicana Ave, Las Vegas, NV 89103","2026/07/07",1217,"1 Bed","Apartment"
"5711 W Tropicana Ave, Las Vegas, NV 89103","2026/07/07",1367,"2 Beds","Apartment"
"5711 W Tropicana Ave, Las Vegas, NV 89103","2026/07/07",1672,"3 Beds","Apartment"
"4201 W Rochelle Ave, Las Vegas, NV 89103","2026/07/07",1225,"1 Bed","Apartment"
"4201 W Rochelle Ave, Las Vegas, NV 89103","2026/07/07",1375,"2 Beds","Apartment"
"4650 W Oakey Blvd, Las Vegas, NV 89102","2026/07/07",1214,"1 Bed","Apartment"
"4650 W Oakey Blvd, Las Vegas, NV 89102","2026/07/07",1364,"2 Beds","Apartment"
"3240 Las Vegas Blvd N, Las Vegas, NV 89115","2026/07/07",1226,"1 Bed","Apartment"
"3240 Las Vegas Blvd N, Las Vegas, NV 89115","2026/07/07",1394,"2 Beds","Apartment"
"3240 Las Vegas Blvd N, Las Vegas, NV 89115","2026/07/07",1587,"3 Beds+","Apartment"
"4870 Nellis Oasis Ln, Las Vegas, NV 89115","2026/07/07",910,"1 Bed","Apartment"
"4870 Nellis Oasis Ln, Las Vegas, NV 89115","2026/07/07",1110,"2 Beds","Apartment"
"4870 Nellis Oasis Ln, Las Vegas, NV 89115","2026/07/07",1470,"3 Beds","Apartment"
"11055 Las Vegas Blvd S, Las Vegas, NV 89183","2026/07/07",1486,"1 Bed","Apartment"
"11055 Las Vegas Blvd S, Las Vegas, NV 89183","2026/07/07",1915,"2 Beds","Apartment"
"11055 Las Vegas Blvd S, Las Vegas, NV 89183","2026/07/07",2565,"3 Beds","Apartment"
"4350 Paradise Rd, Las Vegas, NV 89169","2026/07/07",860,"",NA
"8475 Michael Cherry Ave, Las Vegas, NV 89113","2026/07/07",2010,"Studio","Apartment"
"8475 Michael Cherry Ave, Las Vegas, NV 89113","2026/07/07",2180,"1 Bed","Apartment"
"8475 Michael Cherry Ave, Las Vegas, NV 89113","2026/07/07",2800,"2 Beds+","Apartment"
"8550 W Deer Springs Way, Las Vegas, NV 89149","2026/07/07",1858,"1 Bed","Apartment"
"8550 W Deer Springs Way, Las Vegas, NV 89149","2026/07/07",2244,"2 Beds","Apartment"
"8550 W Deer Springs Way, Las Vegas, NV 89149","2026/07/07",2751,"3 Beds","Apartment"
"5050 W Russell Rd, Las Vegas, NV 89118","2026/07/07",1739,"1 Bed","Apartment"
"5050 W Russell Rd, Las Vegas, NV 89118","2026/07/07",1718,"2 Beds","Apartment"
"5050 W Russell Rd, Las Vegas, NV 89118","2026/07/07",2753,"3 Beds","Apartment"
"8888 N Grand Canyon Dr, Las Vegas, NV 89166","2026/07/07",1555,"Studio","Apartment"
"8888 N Grand Canyon Dr, Las Vegas, NV 89166","2026/07/07",1480,"1 Bed","Apartment"
"8888 N Grand Canyon Dr, Las Vegas, NV 89166","2026/07/07",2028,"2 Beds+","Apartment"
"4000 W Silverado Ranch, Las Vegas, NV 89139","2026/07/07",1520,"1 Bed","Apartment"
"4000 W Silverado Ranch, Las Vegas, NV 89139","2026/07/07",2015,"2 Beds","Apartment"
"4000 W Silverado Ranch, Las Vegas, NV 89139","2026/07/07",2390,"3 Beds","Apartment"
"6650 S Sandhill Rd, Las Vegas, NV 89120","2026/07/07",1330,"1 Bed","Apartment"
"6650 S Sandhill Rd, Las Vegas, NV 89120","2026/07/07",1500,"2 Beds","Apartment"
"6650 S Sandhill Rd, Las Vegas, NV 89120","2026/07/07",1800,"3 Beds","Apartment"
"3110 E Flamingo Rd, Las Vegas, NV 89121","2026/07/07",1110,"1 Bed","Apartment"
"3110 E Flamingo Rd, Las Vegas, NV 89121","2026/07/07",1365,"2 Beds","Apartment"
"9745 Grand Teton Dr, Las Vegas, NV 89166","2026/07/07",1480,"1 Bed","Apartment"
"9745 Grand Teton Dr, Las Vegas, NV 89166","2026/07/07",1460,"2 Beds","Apartment"
"9745 Grand Teton Dr, Las Vegas, NV 89166","2026/07/07",1910,"3 Beds","Apartment"
"5800 W Charleston Blvd, Las Vegas, NV 89146","2026/07/07",1400,"1 Bed","Apartment"
"5800 W Charleston Blvd, Las Vegas, NV 89146","2026/07/07",1600,"2 Beds","Apartment"
"5800 W Charleston Blvd, Las Vegas, NV 89146","2026/07/07",1900,"3 Beds","Apartment"
"360 N Arroyo Grande Blvd, Henderson, NV 89014","2026/07/07",1351,"1 Bed","Apartment"
"360 N Arroyo Grande Blvd, Henderson, NV 89014","2026/07/07",1506,"2 Beds","Apartment"
"360 N Arroyo Grande Blvd, Henderson, NV 89014","2026/07/07",1561,"3 Beds","Apartment"
"2151 N Green Valley Pky, Henderson, NV 89074","2026/07/07",1304,"1 Bed","Apartment"
"2151 N Green Valley Pky, Henderson, NV 89074","2026/07/07",1444,"2 Beds","Apartment"
"2151 N Green Valley Pky, Henderson, NV 89074","2026/07/07",1604,"3 Beds","Apartment"
"650 Whitney Ranch Dr, Henderson, NV 89014","2026/07/07",1364,"1 Bed","Apartment"
"650 Whitney Ranch Dr, Henderson, NV 89014","2026/07/07",1619,"2 Beds","Apartment"
"650 Whitney Ranch Dr, Henderson, NV 89014","2026/07/07",1849,"3 Beds","Apartment"
"1800 N Green Valley Pky, Henderson, NV 89074","2026/07/07",1395,"1 Bed","Apartment"
"1800 N Green Valley Pky, Henderson, NV 89074","2026/07/07",1478,"2 Beds","Apartment"
"5880 Boulder Falls St, Henderson, NV 89011","2026/07/07",1300,"1 Bed","Apartment"
"5880 Boulder Falls St, Henderson, NV 89011","2026/07/07",1559,"2 Beds","Apartment"
"5880 Boulder Falls St, Henderson, NV 89011","2026/07/07",1719,"3 Beds","Apartment"
"6700 Hollywood Blvd, Henderson, NV 89011","2026/07/07",1423,"1 Bed","Apartment"
"6700 Hollywood Blvd, Henderson, NV 89011","2026/07/07",1748,"2 Beds","Apartment"
"6700 Hollywood Blvd, Henderson, NV 89011","2026/07/07",2384,"3 Beds","Apartment"
"2575 Horizon Ridge Pky, Henderson, NV 89052","2026/07/07",1398,"1 Bed","Apartment"
"2575 Horizon Ridge Pky, Henderson, NV 89052","2026/07/07",1598,"2 Beds","Apartment"
"1770 N Green Valley Pky, Henderson, NV 89074","2026/07/07",1391,"1 Bed","Apartment"
"1770 N Green Valley Pky, Henderson, NV 89074","2026/07/07",1478,"2 Beds","Apartment"
"4650 N Rainbow Blvd, Las Vegas, NV 89108","2026/07/07",1401,"1 Bed","Apartment"
"4650 N Rainbow Blvd, Las Vegas, NV 89108","2026/07/07",1496,"2 Beds","Apartment"
"4650 N Rainbow Blvd, Las Vegas, NV 89108","2026/07/07",1823,"3 Beds","Apartment"
"100 Park Vista Dr, Las Vegas, NV 89138","2026/07/07",1694,"1 Bed","Apartment"
"100 Park Vista Dr, Las Vegas, NV 89138","2026/07/07",1982,"2 Beds","Apartment"
"100 Park Vista Dr, Las Vegas, NV 89138","2026/07/07",2174,"3 Beds","Apartment"
"2901 N Rainbow Blvd, Las Vegas, NV 89108","2026/07/07",1171,"1 Bed","Apartment"
"2901 N Rainbow Blvd, Las Vegas, NV 89108","2026/07/07",1143,"2 Beds","Apartment"
"5055 Jeffreys St, Las Vegas, NV 89119","2026/07/07",1069,"1 Bed","Apartment"
"5055 Jeffreys St, Las Vegas, NV 89119","2026/07/07",1321,"2 Beds","Apartment"
"3985 E Cheyenne Ave, Las Vegas, NV 89115","2026/07/07",999,"1 Bed","Apartment"
"3985 E Cheyenne Ave, Las Vegas, NV 89115","2026/07/07",1040,"2 Beds","Apartment"
"3985 E Cheyenne Ave, Las Vegas, NV 89115","2026/07/07",1450,"3 Beds","Apartment"
"3625 S Decatur Blvd, Las Vegas, NV 89103","2026/07/07",1259,"1 Bed","Apartment"
"3625 S Decatur Blvd, Las Vegas, NV 89103","2026/07/07",1355,"2 Beds","Apartment"
"3625 S Decatur Blvd, Las Vegas, NV 89103","2026/07/07",2191,"3 Beds","Apartment"
"10697 W Centennial Pky, Las Vegas, NV 89166","2026/07/07",1282,"1 Bed","Apartment"
"10697 W Centennial Pky, Las Vegas, NV 89166","2026/07/07",1528,"2 Beds","Apartment"
"9242 W Russell Rd, Las Vegas, NV 89148","2026/07/07",1370,"1 Bed","Apartment"
"9242 W Russell Rd, Las Vegas, NV 89148","2026/07/07",1675,"2 Beds","Apartment"
"10175 W Spring Mountain Rd, Las Vegas, NV 89117","2026/07/07",1399,"1 Bed","Apartment"
"10175 W Spring Mountain Rd, Las Vegas, NV 89117","2026/07/07",1640,"2 Beds","Apartment"
"10175 W Spring Mountain Rd, Las Vegas, NV 89117","2026/07/07",1769,"3 Beds","Apartment"
"5600 E Russell Rd, Las Vegas, NV 89122","2026/07/07",1459,"1 Bed","Apartment"
"5600 E Russell Rd, Las Vegas, NV 89122","2026/07/07",1615,"2 Beds","Apartment"
"5600 E Russell Rd, Las Vegas, NV 89122","2026/07/07",2214,"3 Beds","Apartment"
"10115 S Jeffreys St, Las Vegas, NV 89183","2026/07/07",1468,"1 Bed","Apartment"
"10115 S Jeffreys St, Las Vegas, NV 89183","2026/07/07",1461,"2 Beds","Apartment"
"10115 S Jeffreys St, Las Vegas, NV 89183","2026/07/07",2056,"3 Beds","Apartment"
"3779 Autzen Stadium Way, Las Vegas, NV 89115","2026/07/07",2130,"3 Beds","Apartment"
"3779 Autzen Stadium Way, Las Vegas, NV 89115","2026/07/07",2071,"4 Beds","Apartment"
"304 E Silverado Ranch Blvd, Las Vegas, NV 89183","2026/07/07",1416,"1 Bed","Apartment"
"304 E Silverado Ranch Blvd, Las Vegas, NV 89183","2026/07/07",1585,"2 Beds","Apartment"
"304 E Silverado Ranch Blvd, Las Vegas, NV 89183","2026/07/07",2159,"3 Beds","Apartment"
"9025 W Desert Inn Rd, Las Vegas, NV 89117","2026/07/07",1331,"1 Bed","Apartment"
"9025 W Desert Inn Rd, Las Vegas, NV 89117","2026/07/07",1470,"2 Beds","Apartment"
"9100 W Flamingo Rd, Las Vegas, NV 89147","2026/07/07",1351,"1 Bed","Apartment"
"9100 W Flamingo Rd, Las Vegas, NV 89147","2026/07/07",1674,"2 Beds","Apartment"
"3580 E Alexander Rd, Las Vegas, NV 89115","2026/07/07",1250,"1 Bed","Apartment"
"3580 E Alexander Rd, Las Vegas, NV 89115","2026/07/07",1450,"2 Beds","Apartment"
"3580 E Alexander Rd, Las Vegas, NV 89115","2026/07/07",1650,"3 Beds","Apartment"
"7413 W Russell Rd, Las Vegas, NV 89113","2026/07/07",1400,"1 Bed","Apartment"
"7413 W Russell Rd, Las Vegas, NV 89113","2026/07/07",1681,"2 Beds","Apartment"
"7413 W Russell Rd, Las Vegas, NV 89113","2026/07/07",2086,"3 Beds","Apartment"
"2051 N Torrey Pines Dr, Las Vegas, NV 89108","2026/07/07",1133,"1 Bed","Apartment"
"2051 N Torrey Pines Dr, Las Vegas, NV 89108","2026/07/07",1408,"2 Beds","Apartment"
"6275 Boulder Hwy, Las Vegas, NV 89122","2026/07/07",1404,"Studio","Apartment"
"6275 Boulder Hwy, Las Vegas, NV 89122","2026/07/07",1352,"1 Bed","Apartment"
"6275 Boulder Hwy, Las Vegas, NV 89122","2026/07/07",1560,"2 Beds+","Apartment"
"2500 N Rainbow Blvd, Las Vegas, NV 89108","2026/07/07",1319,"1 Bed","Apartment"
"2500 N Rainbow Blvd, Las Vegas, NV 89108","2026/07/07",1624,"2 Beds","Apartment"
"6575 W Tropicana Ave, Las Vegas, NV 89103","2026/07/07",1186,"1 Bed","Apartment"
"6575 W Tropicana Ave, Las Vegas, NV 89103","2026/07/07",1503,"2 Beds","Apartment"
"5400 Mountain Vista St, Las Vegas, NV 89120","2026/07/07",1403,"1 Bed","Apartment"
"5400 Mountain Vista St, Las Vegas, NV 89120","2026/07/07",1397,"2 Beds","Apartment"
"5400 Mountain Vista St, Las Vegas, NV 89120","2026/07/07",1529,"3 Beds","Apartment"
"8600 Scholar Ln, Las Vegas, NV 89128","2026/07/07",1633,"1 Bed","Apartment"
"8600 Scholar Ln, Las Vegas, NV 89128","2026/07/07",1499,"2 Beds","Apartment"
"4250 S Jones Blvd, Las Vegas, NV 89103","2026/07/07",1130,"1 Bed","Apartment"
"4250 S Jones Blvd, Las Vegas, NV 89103","2026/07/07",1290,"2 Beds","Apartment"
"3295 Casey Dr, Las Vegas, NV 89120","2026/07/07",1127,"1 Bed","Apartment"
"3295 Casey Dr, Las Vegas, NV 89120","2026/07/07",1253,"2 Beds","Apartment"
"3295 Casey Dr, Las Vegas, NV 89120","2026/07/07",1695,"3 Beds","Apartment"
"2150 N Tenaya Way, Las Vegas, NV 89128","2026/07/07",1199,"1 Bed","Apartment"
"2150 N Tenaya Way, Las Vegas, NV 89128","2026/07/07",1318,"2 Beds","Apartment"
"2150 N Tenaya Way, Las Vegas, NV 89128","2026/07/07",1690,"3 Beds","Apartment"
"2725 W Wigwam Ave, Las Vegas, NV 89123","2026/07/07",1292,"1 Bed","Apartment"
"2725 W Wigwam Ave, Las Vegas, NV 89123","2026/07/07",1703,"2 Beds","Apartment"
"2725 W Wigwam Ave, Las Vegas, NV 89123","2026/07/07",2007,"3 Beds","Apartment"
"3600 S University Center Dr, Las Vegas, NV 89169","2026/07/07",829,"Studio","Apartment"
"3600 S University Center Dr, Las Vegas, NV 89169","2026/07/07",893,"1 Bed","Apartment"
"3600 S University Center Dr, Las Vegas, NV 89169","2026/07/07",902,"2 Beds+","Apartment"
"6701 Del Rey Ave, Las Vegas, NV 89146","2026/07/07",1313,"1 Bed","Apartment"
"6701 Del Rey Ave, Las Vegas, NV 89146","2026/07/07",1670,"2 Beds","Apartment"
"6701 Del Rey Ave, Las Vegas, NV 89146","2026/07/07",1780,"3 Beds","Apartment"
NA,NA,NA,NA,NA
"875 E Silverado Ranch Blvd, Las Vegas, NV 89183","2026/07/07",1369,"1 Bed","Apartment"
"875 E Silverado Ranch Blvd, Las Vegas, NV 89183","2026/07/07",1750,"2 Beds","Apartment"
"875 E Silverado Ranch Blvd, Las Vegas, NV 89183","2026/07/07",1907,"3 Beds","Apartment"
"2600 S Town Center Dr, Las Vegas, NV 89135","2026/07/07",1686,"1 Bed","Apartment"
"2600 S Town Center Dr, Las Vegas, NV 89135","2026/07/07",2138,"2 Beds","Apartment"
"2600 S Town Center Dr, Las Vegas, NV 89135","2026/07/07",2325,"3 Beds","Apartment"
"9475 W Tompkins Ave, Las Vegas, NV 89147","2026/07/07",1336,"1 Bed","Apartment"
"9475 W Tompkins Ave, Las Vegas, NV 89147","2026/07/07",1536,"2 Beds","Apartment"
"9475 W Tompkins Ave, Las Vegas, NV 89147","2026/07/07",1836,"3 Beds","Apartment"
"3644 S Ft Apache Rd, Las Vegas, NV 89147","2026/07/07",1553,"1 Bed","Apartment"
"3644 S Ft Apache Rd, Las Vegas, NV 89147","2026/07/07",1752,"2 Beds","Apartment"
"3644 S Ft Apache Rd, Las Vegas, NV 89147","2026/07/07",2023,"3 Beds","Apartment"
NA,NA,NA,NA,NA
NA,NA,NA,NA,NA
"6355 S Riley St, Las Vegas, NV 89148","2026/07/07",1387,"1 Bed","Apartment"
"6355 S Riley St, Las Vegas, NV 89148","2026/07/07",1727,"2 Beds","Apartment"
NA,NA,NA,NA,NA
"9620 W Russell Rd, Las Vegas, NV 89148","2026/07/07",1370,"1 Bed","Apartment"
"9620 W Russell Rd, Las Vegas, NV 89148","2026/07/07",1703,"2 Beds","Apartment"
"9620 W Russell Rd, Las Vegas, NV 89148","2026/07/07",2174,"3 Beds","Apartment"
"3350 N Durango Dr, Las Vegas, NV 89129","2026/07/07",1391,"Studio","Apartment"
"3350 N Durango Dr, Las Vegas, NV 89129","2026/07/07",1288,"1 Bed","Apartment"
"3350 N Durango Dr, Las Vegas, NV 89129","2026/07/07",1522,"2 Beds+","Apartment"
"5701 W Rochelle Ave, Las Vegas, NV 89103","2026/07/07",1239,"1 Bed","Apartment"
"5701 W Rochelle Ave, Las Vegas, NV 89103","2026/07/07",1399,"2 Beds","Apartment"
"5701 W Rochelle Ave, Las Vegas, NV 89103","2026/07/07",1660,"3 Beds","Apartment"
"3050 S Nellis Blvd, Las Vegas, NV 89121","2026/07/07",1009,"1 Bed","Apartment"
"3050 S Nellis Blvd, Las Vegas, NV 89121","2026/07/07",1163,"2 Beds","Apartment"
"3050 S Nellis Blvd, Las Vegas, NV 89121","2026/07/07",1599,"3 Beds","Apartment"
"9625 W Russell Rd, Las Vegas, NV 89148","2026/07/07",1500,"1 Bed","Apartment"
"9625 W Russell Rd, Las Vegas, NV 89148","2026/07/07",1671,"2 Beds","Apartment"
"9625 W Russell Rd, Las Vegas, NV 89148","2026/07/07",2335,"3 Beds","Apartment"
"4801 E Sahara Ave, Las Vegas, NV 89104","2026/07/07",1126,"1 Bed","Apartment"
"4801 E Sahara Ave, Las Vegas, NV 89104","2026/07/07",1278,"2 Beds","Apartment"
"4801 E Sahara Ave, Las Vegas, NV 89104","2026/07/07",1604,"3 Beds","Apartment"
"9350 S Cimarron Rd, Las Vegas, NV 89178","2026/07/07",1238,"1 Bed","Apartment"
"9350 S Cimarron Rd, Las Vegas, NV 89178","2026/07/07",1648,"2 Beds","Apartment"
"6655 Boulder Hwy, Las Vegas, NV 89122","2026/07/07",1454,"1 Bed","Apartment"
"6655 Boulder Hwy, Las Vegas, NV 89122","2026/07/07",1582,"2 Beds","Apartment"
"6655 Boulder Hwy, Las Vegas, NV 89122","2026/07/07",1721,"3 Beds","Apartment"
"1450 E Pebble Rd, Las Vegas, NV 89123","2026/07/07",1377,"Studio","Apartment"
"1450 E Pebble Rd, Las Vegas, NV 89123","2026/07/07",1427,"1 Bed","Apartment"
"1450 E Pebble Rd, Las Vegas, NV 89123","2026/07/07",1592,"2 Beds","Apartment"
"1200 W Cheyenne Ave, Las Vegas, NV 89030","2026/07/07",1253,"1 Bed","Apartment"
"1200 W Cheyenne Ave, Las Vegas, NV 89030","2026/07/07",1372,"2 Beds","Apartment"
"1200 W Cheyenne Ave, Las Vegas, NV 89030","2026/07/07",1740,"3 Beds","Apartment"
"3950 Mountain Vista St, Las Vegas, NV 89121","2026/07/07",1140,"2 Beds","Apartment"
"3950 Mountain Vista St, Las Vegas, NV 89121","2026/07/07",1570,"3 Beds","Apartment"
"5075 Spyglass Hill Dr, Las Vegas, NV 89142","2026/07/07",1080,"1 Bed","Apartment"
"5075 Spyglass Hill Dr, Las Vegas, NV 89142","2026/07/07",1185,"2 Beds","Apartment"
"3300 Winterhaven St, Las Vegas, NV 89108","2026/07/07",1436,"1 Bed","Apartment"
"3300 Winterhaven St, Las Vegas, NV 89108","2026/07/07",1450,"2 Beds","Apartment"
"7777 S Jones Blvd, Las Vegas, NV 89139","2026/07/07",1576,"1 Bed","Apartment"
"7777 S Jones Blvd, Las Vegas, NV 89139","2026/07/07",1981,"2 Beds","Apartment"
"7777 S Jones Blvd, Las Vegas, NV 89139","2026/07/07",2295,"3 Beds","Apartment"
"3663 S Valley View Blvd, Las Vegas, NV 89103","2026/07/07",1193,"1 Bed","Apartment"
"3663 S Valley View Blvd, Las Vegas, NV 89103","2026/07/07",1553,"2 Beds","Apartment"
"7955-7975 W Badura Ave, Las Vegas, NV 89113","2026/07/07",1415,"1 Bed","Apartment"
"7955-7975 W Badura Ave, Las Vegas, NV 89113","2026/07/07",1410,"2 Beds","Apartment"
"7955-7975 W Badura Ave, Las Vegas, NV 89113","2026/07/07",1650,"3 Beds","Apartment"
"818 E Flamingo Rd, Las Vegas, NV 89119","2026/07/07",1364,"1 Bed","Apartment"
"818 E Flamingo Rd, Las Vegas, NV 89119","2026/07/07",1609,"2 Beds","Apartment"
"6255 W Tropicana Ave, Las Vegas, NV 89103","2026/07/07",1372,"1 Bed","Apartment"
"6255 W Tropicana Ave, Las Vegas, NV 89103","2026/07/07",1332,"2 Beds","Apartment"
"6255 W Tropicana Ave, Las Vegas, NV 89103","2026/07/07",2083,"3 Beds","Apartment"
"6335 Annie Oakley Dr, Las Vegas, NV 89120","2026/07/07",1450,"3 Beds",NA
"2301 Redwood St, Las Vegas, NV 89146","2026/07/07",1582,"1 Bed","Apartment"
"2301 Redwood St, Las Vegas, NV 89146","2026/07/07",1562,"2 Beds","Apartment"
"2301 Redwood St, Las Vegas, NV 89146","2026/07/07",1880,"3 Beds","Apartment"
"629 S Main St, Las Vegas, NV 89101","2026/07/07",92012,"",NA
"6300 W Lake Mead Blvd, Las Vegas, NV 89108","2026/07/07",1234,"1 Bed","Apartment"
"6300 W Lake Mead Blvd, Las Vegas, NV 89108","2026/07/07",1451,"2 Beds","Apartment"
"6300 W Lake Mead Blvd, Las Vegas, NV 89108","2026/07/07",2022,"3 Beds","Apartment"
"3450 N Hualapai Way, Las Vegas, NV 89129","2026/07/07",1393,"1 Bed","Apartment"
"3450 N Hualapai Way, Las Vegas, NV 89129","2026/07/07",1631,"2 Beds","Apartment"
"3450 N Hualapai Way, Las Vegas, NV 89129","2026/07/07",2016,"3 Beds","Apartment"
"9465 W Post Rd, Las Vegas, NV 89148","2026/07/07",1653,"1 Bed","Apartment"
"9465 W Post Rd, Las Vegas, NV 89148","2026/07/07",1534,"2 Beds","Apartment"
"5905 W Charleston Blvd, Las Vegas, NV 89146","2026/07/07",1335,"1 Bed","Apartment"
"5905 W Charleston Blvd, Las Vegas, NV 89146","2026/07/07",1576,"2 Beds","Apartment"
"3040 E Charleston Blvd, Las Vegas, NV 89104","2026/07/07",756,"Studio","Apartment"
"3040 E Charleston Blvd, Las Vegas, NV 89104","2026/07/07",896,"1 Bed","Apartment"
"3309 Sky Country Ln, Las Vegas, NV 89117","2026/07/07",1362,"1 Bed","Apartment"
"3309 Sky Country Ln, Las Vegas, NV 89117","2026/07/07",1522,"2 Beds","Apartment"
"3309 Sky Country Ln, Las Vegas, NV 89117","2026/07/07",1980,"3 Beds","Apartment"
"2900 El Camino Ave, Las Vegas, NV 89102","2026/07/07",1043,"1 Bed","Apartment"
"2900 El Camino Ave, Las Vegas, NV 89102","2026/07/07",1338,"2 Beds","Apartment"
"2900 El Camino Ave, Las Vegas, NV 89102","2026/07/07",1788,"3 Beds","Apartment"
"5325 E Tropicana Ave, Las Vegas, NV 89122","2026/07/07",1097,"1 Bed","Apartment"
"5325 E Tropicana Ave, Las Vegas, NV 89122","2026/07/07",1464,"2 Beds","Apartment"
"5325 E Tropicana Ave, Las Vegas, NV 89122","2026/07/07",1914,"3 Beds","Apartment"
"7055 E Lake Mead Blvd, Las Vegas, NV 89156","2026/07/07",1429,"1 Bed","Apartment"
"7055 E Lake Mead Blvd, Las Vegas, NV 89156","2026/07/07",1650,"2 Beds","Apartment"
"3700 E Bonanza Rd, Las Vegas, NV 89110","2026/07/07",925,"1 Bed","Apartment"
"3700 E Bonanza Rd, Las Vegas, NV 89110","2026/07/07",1023,"2 Beds","Apartment"
"5150 E Sahara Ave, Las Vegas, NV 89142","2026/07/07",1195,"2 Beds",NA
"6661 Silverstream Ave, Las Vegas, NV 89107","2026/07/07",1262,"1 Bed","Apartment"
"6661 Silverstream Ave, Las Vegas, NV 89107","2026/07/07",1369,"2 Beds","Apartment"
"5850 Sky Pointe Dr, Las Vegas, NV 89130","2026/07/07",1326,"1 Bed","Apartment"
"5850 Sky Pointe Dr, Las Vegas, NV 89130","2026/07/07",1613,"2 Beds","Apartment"
"5850 Sky Pointe Dr, Las Vegas, NV 89130","2026/07/07",2237,"3 Beds","Apartment"
"9225 W Charleston Blvd, Las Vegas, NV 89117","2026/07/07",1543,"1 Bed","Apartment"
"9225 W Charleston Blvd, Las Vegas, NV 89117","2026/07/07",1577,"2 Beds","Apartment"
"9225 W Charleston Blvd, Las Vegas, NV 89117","2026/07/07",1724,"3 Beds","Apartment"
"3675 Cambridge St, Las Vegas, NV 89169","2026/07/07",940,"1 Bed","Apartment"
"3675 Cambridge St, Las Vegas, NV 89169","2026/07/07",1040,"2 Beds","Apartment"
"9110 W Tropicana Ave, Las Vegas, NV 89147","2026/07/07",1550,"1 Bed","Apartment"
"9110 W Tropicana Ave, Las Vegas, NV 89147","2026/07/07",1951,"2 Beds","Apartment"
"5025 Nellis Oasis Ln, Las Vegas, NV 89115","2026/07/07",745,"",NA
"9501 W Sahara Ave, Las Vegas, NV 89117","2026/07/07",1300,"1 Bed","Apartment"
"9501 W Sahara Ave, Las Vegas, NV 89117","2026/07/07",1600,"2 Beds","Apartment"
"9501 W Sahara Ave, Las Vegas, NV 89117","2026/07/07",1800,"3 Beds","Apartment"
"7350 W Centennial Pky, Las Vegas, NV 89131","2026/07/07",1589,"1 Bed","Apartment"
"7350 W Centennial Pky, Las Vegas, NV 89131","2026/07/07",1748,"2 Beds","Apartment"
"7350 W Centennial Pky, Las Vegas, NV 89131","2026/07/07",2138,"3 Beds","Apartment"
"7960 Rafael Rivera Way, Las Vegas, NV 89113","2026/07/07",1251,"1 Bed","Apartment"
"7960 Rafael Rivera Way, Las Vegas, NV 89113","2026/07/07",1739,"2 Beds","Apartment"
"7960 Rafael Rivera Way, Las Vegas, NV 89113","2026/07/07",2196,"3 Beds","Apartment"
"3463 Procyon St, Las Vegas, NV 89102","2026/07/07",1655,"Studio","Apartment"
"3463 Procyon St, Las Vegas, NV 89102","2026/07/07",1647,"1 Bed","Apartment"
"3463 Procyon St, Las Vegas, NV 89102","2026/07/07",1845,"2 Beds+","Apartment"
"2656 N Buffalo Dr, Las Vegas, NV 89128","2026/07/07",1606,"1 Bed","Apartment"
"2656 N Buffalo Dr, Las Vegas, NV 89128","2026/07/07",1856,"2 Beds","Apartment"
"9830 W Tropicana Ave, Las Vegas, NV 89147","2026/07/07",1760,"1 Bed","Apartment"
"9830 W Tropicana Ave, Las Vegas, NV 89147","2026/07/07",2010,"2 Beds","Apartment"
"9830 W Tropicana Ave, Las Vegas, NV 89147","2026/07/07",3010,"3 Beds","Apartment"
"4350 S Hualapai Way, Las Vegas, NV 89147","2026/07/07",1496,"1 Bed","Apartment"
"4350 S Hualapai Way, Las Vegas, NV 89147","2026/07/07",1547,"2 Beds","Apartment"
"4350 S Hualapai Way, Las Vegas, NV 89147","2026/07/07",2562,"3 Beds","Apartment"
"240 E Silverado Ranch Blvd, Las Vegas, NV 89183","2026/07/07",1779,"1 Bed","Apartment"
"240 E Silverado Ranch Blvd, Las Vegas, NV 89183","2026/07/07",2014,"2 Beds","Apartment"
"10650 Dean Martin Dr, Las Vegas, NV 89141","2026/07/07",1649,"1 Bed","Apartment"
"10650 Dean Martin Dr, Las Vegas, NV 89141","2026/07/07",2099,"2 Beds","Apartment"
"8360 Montecito Pointe Dr, Las Vegas, NV 89149","2026/07/07",1634,"Studio","Apartment"
"8360 Montecito Pointe Dr, Las Vegas, NV 89149","2026/07/07",1441,"1 Bed","Apartment"
"8360 Montecito Pointe Dr, Las Vegas, NV 89149","2026/07/07",2096,"2 Beds+","Apartment"
"4480 Meadows Ln, Las Vegas, NV 89107","2026/07/07",1314,"Studio","Apartment"
"4480 Meadows Ln, Las Vegas, NV 89107","2026/07/07",1412,"1 Bed","Apartment"
"4480 Meadows Ln, Las Vegas, NV 89107","2026/07/07",1790,"2 Beds","Apartment"
"5055 S Fort Apache Rd, Las Vegas, NV 89148","2026/07/07",1505,"Studio","Apartment"
"5055 S Fort Apache Rd, Las Vegas, NV 89148","2026/07/07",1505,"1 Bed","Apartment"
"5055 S Fort Apache Rd, Las Vegas, NV 89148","2026/07/07",1900,"2 Beds+","Apartment"
"8030 W Maule Ave, Las Vegas, NV 89113","2026/07/07",1399,"Studio","Apartment"
"8030 W Maule Ave, Las Vegas, NV 89113","2026/07/07",1599,"1 Bed","Apartment"
"8030 W Maule Ave, Las Vegas, NV 89113","2026/07/07",2575,"2 Beds","Apartment"
"2255 Spruce Goose St, Las Vegas, NV 89135","2026/07/07",1793,"1 Bed","Apartment"
"2255 Spruce Goose St, Las Vegas, NV 89135","2026/07/07",3171,"2 Beds","Apartment"
"8341 W Warm Springs Rd, Las Vegas, NV 89113","2026/07/07",1599,"Studio","Apartment"
"8341 W Warm Springs Rd, Las Vegas, NV 89113","2026/07/07",1847,"1 Bed","Apartment"
"8341 W Warm Springs Rd, Las Vegas, NV 89113","2026/07/07",2477,"2 Beds","Apartment"
"8150 Rafael Rivera Way, Las Vegas, NV 89113","2026/07/07",1679,"Studio","Apartment"
"8150 Rafael Rivera Way, Las Vegas, NV 89113","2026/07/07",1677,"1 Bed","Apartment"
"8150 Rafael Rivera Way, Las Vegas, NV 89113","2026/07/07",2269,"2 Beds+","Apartment"
"8850 Echelon Point Dr, Las Vegas, NV 89149","2026/07/07",1506,"Studio","Apartment"
"8850 Echelon Point Dr, Las Vegas, NV 89149","2026/07/07",1600,"1 Bed","Apartment"
"8850 Echelon Point Dr, Las Vegas, NV 89149","2026/07/07",1838,"2 Beds","Apartment"
"1500 N Rainbow Blvd, Las Vegas, NV 89108","2026/07/07",1255,"Studio","Apartment"
"1500 N Rainbow Blvd, Las Vegas, NV 89108","2026/07/07",1515,"1 Bed","Apartment"
"1500 N Rainbow Blvd, Las Vegas, NV 89108","2026/07/07",1760,"2 Beds+","Apartment"
"6775 Badura Ave, Las Vegas, NV 89118","2026/07/07",1615,"Studio","Apartment"
"6775 Badura Ave, Las Vegas, NV 89118","2026/07/07",1615,"1 Bed","Apartment"
"6775 Badura Ave, Las Vegas, NV 89118","2026/07/07",2100,"2 Beds+","Apartment"
"9280 W Post Rd, Las Vegas, NV 89148","2026/07/07",1435,"Studio","Apartment"
"9280 W Post Rd, Las Vegas, NV 89148","2026/07/07",1310,"1 Bed","Apartment"
"9280 W Post Rd, Las Vegas, NV 89148","2026/07/07",1805,"2 Beds+","Apartment"
"6755 W Arby Ave, Las Vegas, NV 89118","2026/07/07",1726,"Studio","Apartment"
"6755 W Arby Ave, Las Vegas, NV 89118","2026/07/07",1964,"1 Bed","Apartment"
"6755 W Arby Ave, Las Vegas, NV 89118","2026/07/07",2314,"2 Beds","Apartment"
"4335 S Grand Canyon Dr, Las Vegas, NV 89147","2026/07/07",1837,"Studio","Apartment"
"4335 S Grand Canyon Dr, Las Vegas, NV 89147","2026/07/07",1833,"1 Bed","Apartment"
"4335 S Grand Canyon Dr, Las Vegas, NV 89147","2026/07/07",2048,"2 Beds","Apartment"
"6550 Quarterhorse Ln, Las Vegas, NV 89148","2026/07/07",1635,"1 Bed","Apartment"
"6550 Quarterhorse Ln, Las Vegas, NV 89148","2026/07/07",2035,"2 Beds","Apartment"
"6550 Quarterhorse Ln, Las Vegas, NV 89148","2026/07/07",2370,"3 Beds","Apartment"
"1635 E Tropicana Ave, Las Vegas, NV 89119","2026/07/07",1222,"Studio","Apartment"
"1635 E Tropicana Ave, Las Vegas, NV 89119","2026/07/07",1287,"1 Bed","Apartment"
"1635 E Tropicana Ave, Las Vegas, NV 89119","2026/07/07",1792,"2 Beds+","Apartment"
"11210 S Las Vegas Blvd, Las Vegas, NV 89183","2026/07/07",1802,"1 Bed","Apartment"
"11210 S Las Vegas Blvd, Las Vegas, NV 89183","2026/07/07",2102,"2 Beds","Apartment"
"11210 S Las Vegas Blvd, Las Vegas, NV 89183","2026/07/07",2607,"3 Beds","Apartment"
"4330 Channel 10 Dr, Las Vegas, NV 89119","2026/07/07",1450,"Studio","Apartment"
"4330 Channel 10 Dr, Las Vegas, NV 89119","2026/07/07",1445,"1 Bed","Apartment"
"4330 Channel 10 Dr, Las Vegas, NV 89119","2026/07/07",1670,"2 Beds","Apartment"
"8147 W Warm Springs Rd, Las Vegas, NV 89113","2026/07/07",1663,"1 Bed","Apartment"
"8147 W Warm Springs Rd, Las Vegas, NV 89113","2026/07/07",1995,"2 Beds","Apartment"
"8147 W Warm Springs Rd, Las Vegas, NV 89113","2026/07/07",2308,"3 Beds","Apartment"
"8025 W Russell Rd, Las Vegas, NV 89113","2026/07/07",1389,"1 Bed","Apartment"
"8025 W Russell Rd, Las Vegas, NV 89113","2026/07/07",1564,"2 Beds","Apartment"
"8025 W Russell Rd, Las Vegas, NV 89113","2026/07/07",1869,"3 Beds","Apartment"
"6501 W Charleston Blvd, Las Vegas, NV 89146","2026/07/07",1150,"1 Bed","Apartment"
"6501 W Charleston Blvd, Las Vegas, NV 89146","2026/07/07",1280,"2 Beds","Apartment"
"6501 W Charleston Blvd, Las Vegas, NV 89146","2026/07/07",1705,"3 Beds","Apartment"
"9500 W Maule Ave, Las Vegas, NV 89148","2026/07/07",1617,"1 Bed","Apartment"
"9500 W Maule Ave, Las Vegas, NV 89148","2026/07/07",1884,"2 Beds","Apartment"
"3800 S Nellis Blvd, Las Vegas, NV 89121","2026/07/07",1019,"1 Bed","Apartment"
"3800 S Nellis Blvd, Las Vegas, NV 89121","2026/07/07",1132,"2 Beds","Apartment"
"3800 S Nellis Blvd, Las Vegas, NV 89121","2026/07/07",1284,"3 Beds","Apartment"
"2666 S Decatur Blvd, Las Vegas, NV 89102","2026/07/07",1195,"1 Bed","Apartment"
"2666 S Decatur Blvd, Las Vegas, NV 89102","2026/07/07",1349,"2 Beds","Apartment"
"2666 S Decatur Blvd, Las Vegas, NV 89102","2026/07/07",1695,"3 Beds","Apartment"
"50 N 21st St, Las Vegas, NV 89101","2026/07/07",753,"Studio","Apartment"
"50 N 21st St, Las Vegas, NV 89101","2026/07/07",800,"1 Bed","Apartment"
"2121 E Warm Springs Rd, Las Vegas, NV 89119","2026/07/07",1232,"1 Bed","Apartment"
"2121 E Warm Springs Rd, Las Vegas, NV 89119","2026/07/07",1522,"2 Beds","Apartment"
"6666 W Washington Ave, Las Vegas, NV 89107","2026/07/07",1026,"Studio","Apartment"
"6666 W Washington Ave, Las Vegas, NV 89107","2026/07/07",1117,"1 Bed","Apartment"
"6666 W Washington Ave, Las Vegas, NV 89107","2026/07/07",1134,"2 Beds+","Apartment"
"2701 N Decatur Blvd, Las Vegas, NV 89108","2026/07/07",1308,"1 Bed","Apartment"
"2701 N Decatur Blvd, Las Vegas, NV 89108","2026/07/07",1558,"2 Beds","Apartment"
"2701 N Decatur Blvd, Las Vegas, NV 89108","2026/07/07",1778,"3 Beds","Apartment"
"4895 E Russell Rd, Las Vegas, NV 89120","2026/07/07",1468,"1 Bed","Apartment"
"4895 E Russell Rd, Las Vegas, NV 89120","2026/07/07",1603,"2 Beds","Apartment"
"725 S Hualapai Way, Las Vegas, NV 89145","2026/07/07",1764,"1 Bed","Apartment"
"725 S Hualapai Way, Las Vegas, NV 89145","2026/07/07",1971,"2 Beds","Apartment"
"725 S Hualapai Way, Las Vegas, NV 89145","2026/07/07",2477,"3 Beds","Apartment"
"4255 Tamarus St, Las Vegas, NV 89119","2026/07/07",771,"Studio","Apartment"
"4255 Tamarus St, Las Vegas, NV 89119","2026/07/07",858,"1 Bed","Apartment"
"4255 Tamarus St, Las Vegas, NV 89119","2026/07/07",1075,"2 Beds","Apartment"
"4355 S Durango Dr, Las Vegas, NV 89147","2026/07/07",1240,"1 Bed","Apartment"
"4355 S Durango Dr, Las Vegas, NV 89147","2026/07/07",1480,"2 Beds","Apartment"
"4355 S Durango Dr, Las Vegas, NV 89147","2026/07/07",1875,"3 Beds","Apartment"
"8600 Starboard Dr, Las Vegas, NV 89117","2026/07/07",1130,"1 Bed","Apartment"
"8600 Starboard Dr, Las Vegas, NV 89117","2026/07/07",1209,"2 Beds","Apartment"
"8600 Starboard Dr, Las Vegas, NV 89117","2026/07/07",1803,"3 Beds","Apartment"
"1915 Simmons St, Las Vegas, NV 89106","2026/07/07",1283,"1 Bed","Apartment"
"1915 Simmons St, Las Vegas, NV 89106","2026/07/07",1552,"2 Beds","Apartment"
"1915 Simmons St, Las Vegas, NV 89106","2026/07/07",1723,"3 Beds","Apartment"
"8000 W Spring Mountain Rd, Las Vegas, NV 89117","2026/07/07",1330,"1 Bed","Apartment"
"8000 W Spring Mountain Rd, Las Vegas, NV 89117","2026/07/07",1626,"2 Beds","Apartment"
"8000 W Spring Mountain Rd, Las Vegas, NV 89117","2026/07/07",1858,"3 Beds","Apartment"
"8321 W Sahara Ave, Las Vegas, NV 89117","2026/07/07",1344,"1 Bed","Apartment"
"8321 W Sahara Ave, Las Vegas, NV 89117","2026/07/07",1529,"2 Beds","Apartment"
"8321 W Sahara Ave, Las Vegas, NV 89117","2026/07/07",1904,"3 Beds","Apartment"
"9105 W Flamingo Rd, Las Vegas, NV 89147","2026/07/07",1260,"1 Bed","Apartment"
"9105 W Flamingo Rd, Las Vegas, NV 89147","2026/07/07",1450,"2 Beds","Apartment"
"9105 W Flamingo Rd, Las Vegas, NV 89147","2026/07/07",1750,"3 Beds","Apartment"
"3900 E Sunset Rd, Las Vegas, NV 89120","2026/07/07",1200,"1 Bed","Apartment"
"3900 E Sunset Rd, Las Vegas, NV 89120","2026/07/07",1400,"2 Beds","Apartment"
"3900 E Sunset Rd, Las Vegas, NV 89120","2026/07/07",1800,"3 Beds","Apartment"
NA,NA,NA,NA,NA
"8445 Las Vegas Blvd S, Las Vegas, NV 89123","2026/07/07",1300,"1 Bed","Apartment"
"8445 Las Vegas Blvd S, Las Vegas, NV 89123","2026/07/07",1600,"2 Beds","Apartment"
"8445 Las Vegas Blvd S, Las Vegas, NV 89123","2026/07/07",1950,"3 Beds","Apartment"
"9550 W Sahara Ave, Las Vegas, NV 89117","2026/07/07",1445,"1 Bed","Apartment"
"9550 W Sahara Ave, Las Vegas, NV 89117","2026/07/07",1575,"2 Beds","Apartment"
"9550 W Sahara Ave, Las Vegas, NV 89117","2026/07/07",2099,"3 Beds","Apartment"
"1901 N Jones Blvd, Las Vegas, NV 89108","2026/07/07",1000,"1 Bed","Apartment"
"1901 N Jones Blvd, Las Vegas, NV 89108","2026/07/07",1105,"2 Beds","Apartment"
"1901 N Jones Blvd, Las Vegas, NV 89108","2026/07/07",1525,"3 Beds","Apartment"
"850 E Desert Inn Rd, Las Vegas, NV 89109","2026/07/07",1425,"1 Bed","Apartment"
"850 E Desert Inn Rd, Las Vegas, NV 89109","2026/07/07",1700,"2 Beds","Apartment"
"6885 W Lone Mountain Rd, Las Vegas, NV 89108","2026/07/07",1385,"1 Bed","Apartment"
"6885 W Lone Mountain Rd, Las Vegas, NV 89108","2026/07/07",1630,"2 Beds","Apartment"
"6885 W Lone Mountain Rd, Las Vegas, NV 89108","2026/07/07",1895,"3 Beds","Apartment"
"1300 S Casino Center Blvd, Las Vegas, NV 89104","2026/07/07",1299,"3 Beds",NA
"123 W Imperial Ave, Las Vegas, NV 89102","2026/07/07",1500,"Studio","Apartment"
"123 W Imperial Ave, Las Vegas, NV 89102","2026/07/07",1750,"1 Bed","Apartment"
"123 W Imperial Ave, Las Vegas, NV 89102","2026/07/07",2775,"2 Beds","Apartment"
"10340 s Decatur Blvd, Las Vegas, NV 89141","2026/07/07",1688,"1 Bed","Apartment"
"10340 s Decatur Blvd, Las Vegas, NV 89141","2026/07/07",1858,"2 Beds","Apartment"
"10340 s Decatur Blvd, Las Vegas, NV 89141","2026/07/07",2448,"3 Beds","Apartment"
NA,NA,NA,NA,NA
"5901 W Duncan Dr, Las Vegas, NV 89108","2026/07/07",1070,"1 Bed","Apartment"
"5901 W Duncan Dr, Las Vegas, NV 89108","2026/07/07",1280,"2 Beds","Apartment"
"5901 W Duncan Dr, Las Vegas, NV 89108","2026/07/07",1470,"3 Beds+","Apartment"
"370 E Harmon Ave, Las Vegas, NV 89169","2026/07/07",535,"Studio","Apartment"
"370 E Harmon Ave, Las Vegas, NV 89169","2026/07/07",540,"1 Bed","Apartment"
"370 E Harmon Ave, Las Vegas, NV 89169","2026/07/07",1075,"2 Beds","Apartment"
"2750 S Durango Dr, Las Vegas, NV 89117","2026/07/07",1300,"1 Bed","Apartment"
"2750 S Durango Dr, Las Vegas, NV 89117","2026/07/07",1400,"2 Beds","Apartment"
"2750 S Durango Dr, Las Vegas, NV 89117","2026/07/07",1600,"3 Beds","Apartment"
"4201 E Craig Rd, North Las Vegas, NV 89030","2026/07/07",1155,"1 Bed","Apartment"
"4201 E Craig Rd, North Las Vegas, NV 89030","2026/07/07",1375,"2 Beds","Apartment"
NA,NA,NA,NA,NA
"1237 W Alexander Rd, North Las Vegas, NV 89032","2026/07/07",1295,"1 Bed","Apartment"
"1237 W Alexander Rd, North Las Vegas, NV 89032","2026/07/07",1495,"2 Beds","Apartment"
"6551 Annie Oakley Dr, Henderson, NV 89014","2026/07/07",1586,"2 Beds","Apartment"
"6551 Annie Oakley Dr, Henderson, NV 89014","2026/07/07",1800,"3 Beds","Apartment"
"1350 W Horizon Rdg, Henderson, NV 89012","2026/07/07",1381,"1 Bed","Apartment"
"1350 W Horizon Rdg, Henderson, NV 89012","2026/07/07",1783,"2 Beds","Apartment"
"1350 W Horizon Rdg, Henderson, NV 89012","2026/07/07",2127,"3 Beds","Apartment"
"201 S Gibson Rd, Henderson, NV 89012","2026/07/07",2315,"1 Bed","Apartment"
"201 S Gibson Rd, Henderson, NV 89012","2026/07/07",2717,"2 Beds","Apartment"
"201 S Gibson Rd, Henderson, NV 89012","2026/07/07",3999,"3 Beds","Apartment"
"80 S Gibson Rd, Henderson, NV 89012","2026/07/07",1347,"1 Bed","Apartment"
"80 S Gibson Rd, Henderson, NV 89012","2026/07/07",1620,"2 Beds","Apartment"
"80 S Gibson Rd, Henderson, NV 89012","2026/07/07",2020,"3 Beds","Apartment"
"3001 W Warm Springs Rd, Henderson, NV 89014","2026/07/07",1227,"1 Bed","Apartment"
"3001 W Warm Springs Rd, Henderson, NV 89014","2026/07/07",1548,"2 Beds","Apartment"
"3001 W Warm Springs Rd, Henderson, NV 89014","2026/07/07",1643,"3 Beds","Apartment"
"210 Quest Park St, Henderson, NV 89074","2026/07/07",1628,"1 Bed","Apartment"
"210 Quest Park St, Henderson, NV 89074","2026/07/07",1718,"2 Beds","Apartment"
"210 Quest Park St, Henderson, NV 89074","2026/07/07",2418,"3 Beds","Apartment"
"245 E Centennial Pky, North Las Vegas, NV 89084","2026/07/07",1315,"1 Bed","Apartment"
"245 E Centennial Pky, North Las Vegas, NV 89084","2026/07/07",1699,"2 Beds","Apartment"
"245 E Centennial Pky, North Las Vegas, NV 89084","2026/07/07",1889,"3 Beds","Apartment"
"2929 E Centennial Pky, North Las Vegas, NV 89081","2026/07/07",1777,"2 Beds","Apartment"
"2929 E Centennial Pky, North Las Vegas, NV 89081","2026/07/07",2047,"3 Beds","Apartment"
"1005 Wigwam Pky, Henderson, NV 89074","2026/07/07",1489,"1 Bed","Apartment"
"1005 Wigwam Pky, Henderson, NV 89074","2026/07/07",1653,"2 Beds","Apartment"
"1005 Wigwam Pky, Henderson, NV 89074","2026/07/07",1992,"3 Beds","Apartment"
"3000 High View Dr, Henderson, NV 89014","2026/07/07",1341,"2 Beds","Apartment"
"3000 High View Dr, Henderson, NV 89014","2026/07/07",1567,"3 Beds","Apartment"
"650-675 E Azure Ave, North Las Vegas, NV 89081","2026/07/07",1148,"1 Bed","Apartment"
"650-675 E Azure Ave, North Las Vegas, NV 89081","2026/07/07",1677,"2 Beds","Apartment"
"650-675 E Azure Ave, North Las Vegas, NV 89081","2026/07/07",2183,"3 Beds","Apartment"
"6530 Annie Oakley Dr, Henderson, NV 89014","2026/07/07",1200,"1 Bed","Apartment"
"6530 Annie Oakley Dr, Henderson, NV 89014","2026/07/07",1425,"2 Beds","Apartment"
"6530 Annie Oakley Dr, Henderson, NV 89014","2026/07/07",1689,"3 Beds","Apartment"
"245 S Gibson Rd, Henderson, NV 89012","2026/07/07",1497,"1 Bed","Apartment"
"245 S Gibson Rd, Henderson, NV 89012","2026/07/07",1907,"2 Beds","Apartment"
"1445 Stonelake Cove Ave, Henderson, NV 89074","2026/07/07",1471,"1 Bed","Apartment"
"1445 Stonelake Cove Ave, Henderson, NV 89074","2026/07/07",1693,"2 Beds","Apartment"
"1445 Stonelake Cove Ave, Henderson, NV 89074","2026/07/07",2605,"3 Beds","Apartment"
"1480 Paseo Verde Pky, Henderson, NV 89012","2026/07/07",1367,"1 Bed","Apartment"
"1480 Paseo Verde Pky, Henderson, NV 89012","2026/07/07",1600,"2 Beds","Apartment"
"1545 Wigwam Pky, Henderson, NV 89074","2026/07/07",1406,"Studio","Apartment"
"1545 Wigwam Pky, Henderson, NV 89074","2026/07/07",1436,"1 Bed","Apartment"
"1545 Wigwam Pky, Henderson, NV 89074","2026/07/07",1661,"2 Beds+","Apartment"
"3080 St Rose Pky, Henderson, NV 89052","2026/07/07",1562,"1 Bed","Apartment"
"3080 St Rose Pky, Henderson, NV 89052","2026/07/07",1650,"2 Beds","Apartment"
"3080 St Rose Pky, Henderson, NV 89052","2026/07/07",2092,"3 Beds","Apartment"
"915 Alper Center Dr, Henderson, NV 89052","2026/07/07",1421,"1 Bed","Apartment"
"915 Alper Center Dr, Henderson, NV 89052","2026/07/07",1845,"2 Beds","Apartment"
"915 Alper Center Dr, Henderson, NV 89052","2026/07/07",2115,"3 Beds","Apartment"
"7618 N Decatur Blvd, North Las Vegas, NV 89084","2026/07/07",1627,"1 Bed","Apartment"
"7618 N Decatur Blvd, North Las Vegas, NV 89084","2026/07/07",1921,"2 Beds","Apartment"
"7618 N Decatur Blvd, North Las Vegas, NV 89084","2026/07/07",2320,"3 Beds","Apartment"
"1100 Wellness Pl, Henderson, NV 89011","2026/07/07",1641,"1 Bed","Apartment"
"1100 Wellness Pl, Henderson, NV 89011","2026/07/07",2491,"2 Beds","Apartment"
"7400 Evelyn Brook St, North Las Vegas, NV 89084","2026/07/07",1554,"1 Bed","Apartment"
"7400 Evelyn Brook St, North Las Vegas, NV 89084","2026/07/07",1819,"2 Beds","Apartment"
"7400 Evelyn Brook St, North Las Vegas, NV 89084","2026/07/07",2344,"3 Beds","Apartment"
"4475 Scott Robinson Blvd, North Las Vegas, NV 89032","2026/07/07",1635,"1 Bed","Apartment"
"4475 Scott Robinson Blvd, North Las Vegas, NV 89032","2026/07/07",2105,"2 Beds","Apartment"
"4475 Scott Robinson Blvd, North Las Vegas, NV 89032","2026/07/07",2520,"3 Beds","Apartment"
"6151 Mountain Vista St, Henderson, NV 89014","2026/07/07",1218,"1 Bed","Apartment"
"6151 Mountain Vista St, Henderson, NV 89014","2026/07/07",1458,"2 Beds","Apartment"
"1851 N Green Valley Pky, Henderson, NV 89074","2026/07/07",1400,"1 Bed","Apartment"
"1851 N Green Valley Pky, Henderson, NV 89074","2026/07/07",1600,"2 Beds","Apartment"
"1050 Whitney Ranch Rd, Henderson, NV 89014","2026/07/07",1166,"1 Bed","Apartment"
"1050 Whitney Ranch Rd, Henderson, NV 89014","2026/07/07",1530,"2 Beds","Apartment"
"1050 Whitney Ranch Rd, Henderson, NV 89014","2026/07/07",1616,"3 Beds","Apartment"
"160 Cielo Abierto Way, Henderson, NV 89012","2026/07/07",1714,"1 Bed","Apartment"
"160 Cielo Abierto Way, Henderson, NV 89012","2026/07/07",1984,"2 Beds","Apartment"
"160 Cielo Abierto Way, Henderson, NV 89012","2026/07/07",2359,"3 Beds","Apartment"
"2460 E Serene Ave, Henderson, NV 89052","2026/07/07",3200,"1 Bed","Apartment"
"2460 E Serene Ave, Henderson, NV 89052","2026/07/07",3445,"2 Beds","Apartment"
"2030 Olympic Ave, Henderson, NV 89014","2026/07/07",1255,"Studio","Apartment"
"2030 Olympic Ave, Henderson, NV 89014","2026/07/07",1300,"1 Bed","Apartment"
"2030 Olympic Ave, Henderson, NV 89014","2026/07/07",1650,"2 Beds+","Apartment"
"4145 Scott Robinson Blvd, North Las Vegas, NV 89032","2026/07/07",1584,"1 Bed","Apartment"
"4145 Scott Robinson Blvd, North Las Vegas, NV 89032","2026/07/07",1776,"2 Beds","Apartment"
"4145 Scott Robinson Blvd, North Las Vegas, NV 89032","2026/07/07",2205,"3 Beds","Apartment"
"770 Grand Cadence Dr, Henderson, NV 89011","2026/07/07",1689,"1 Bed","Apartment"
"770 Grand Cadence Dr, Henderson, NV 89011","2026/07/07",2105,"2 Beds","Apartment"
"770 Grand Cadence Dr, Henderson, NV 89011","2026/07/07",2390,"3 Beds+","Apartment"
NA,NA,NA,NA,NA
"6300 McCarran St, North Las Vegas, NV 89081","2026/07/07",1306,"1 Bed","Apartment"
"6300 McCarran St, North Las Vegas, NV 89081","2026/07/07",1571,"2 Beds","Apartment"
"6300 McCarran St, North Las Vegas, NV 89081","2026/07/07",1816,"3 Beds","Apartment"
"2951 Siena Heights Dr, Henderson, NV 89052","2026/07/07",1331,"1 Bed","Apartment"
"2951 Siena Heights Dr, Henderson, NV 89052","2026/07/07",1498,"2 Beds","Apartment"
"2951 Siena Heights Dr, Henderson, NV 89052","2026/07/07",1713,"3 Beds","Apartment"
"1827 W Gowan Rd, North Las Vegas, NV 89032","2026/07/07",1175,"1 Bed","Apartment"
"1827 W Gowan Rd, North Las Vegas, NV 89032","2026/07/07",1400,"2 Beds","Apartment"
"1827 W Gowan Rd, North Las Vegas, NV 89032","2026/07/07",1595,"3 Beds","Apartment"
"4429 Lawerence St, North Las Vegas, NV 89081","2026/07/07",975,"1 Bed","Apartment"
"4429 Lawerence St, North Las Vegas, NV 89081","2026/07/07",1300,"2 Beds","Apartment"
"4429 Lawerence St, North Las Vegas, NV 89081","2026/07/07",1545,"3 Beds","Apartment"
"9750 Peace Way, Las Vegas, NV 89147","2026/07/07",1392,"1 Bed","Apartment"
"9750 Peace Way, Las Vegas, NV 89147","2026/07/07",1532,"2 Beds","Apartment"
"1350 Spruce Park Dr, Las Vegas, NV 89135","2026/07/07",2218,"1 Bed","Apartment"
"1350 Spruce Park Dr, Las Vegas, NV 89135","2026/07/07",2141,"2 Beds","Apartment"
"5035 E Russell Rd, Las Vegas, NV 89122","2026/07/07",1332,"1 Bed","Apartment"
"5035 E Russell Rd, Las Vegas, NV 89122","2026/07/07",1535,"2 Beds","Apartment"
"5035 E Russell Rd, Las Vegas, NV 89122","2026/07/07",2697,"3 Beds","Apartment"
NA,NA,NA,NA,NA
"8780 W Nevso Dr, Las Vegas, NV 89147","2026/07/07",1337,"1 Bed","Apartment"
"8780 W Nevso Dr, Las Vegas, NV 89147","2026/07/07",1462,"2 Beds","Apartment"
"3930 Paradise Rd, Las Vegas, NV 89169","2026/07/07",1598,"Studio","Apartment"
"3930 Paradise Rd, Las Vegas, NV 89169","2026/07/07",1645,"1 Bed","Apartment"
"3930 Paradise Rd, Las Vegas, NV 89169","2026/07/07",2183,"2 Beds+","Apartment"
"8920 W Russell Rd, Las Vegas, NV 89148","2026/07/07",2015,"1 Bed","Apartment"
"8920 W Russell Rd, Las Vegas, NV 89148","2026/07/07",2114,"2 Beds","Apartment"
"7880 W Maule Ave, Las Vegas, NV 89113","2026/07/07",1853,"1 Bed","Apartment"
"7880 W Maule Ave, Las Vegas, NV 89113","2026/07/07",2143,"2 Beds","Apartment"
"7880 W Maule Ave, Las Vegas, NV 89113","2026/07/07",2173,"3 Beds","Apartment"
"12020 Southern Highlands Pky, Las Vegas, NV 89141","2026/07/07",1785,"1 Bed","Apartment"
"12020 Southern Highlands Pky, Las Vegas, NV 89141","2026/07/07",1967,"2 Beds","Apartment"
"12020 Southern Highlands Pky, Las Vegas, NV 89141","2026/07/07",2600,"3 Beds","Apartment"
"713 E Sahara Ave, Las Vegas, NV 89104","2026/07/07",999,"1 Bed","Apartment"
"713 E Sahara Ave, Las Vegas, NV 89104","2026/07/07",1427,"2 Beds","Apartment"
"713 E Sahara Ave, Las Vegas, NV 89104","2026/07/07",1850,"3 Beds","Apartment"
"4747 Pennwood Ave, Las Vegas, NV 89102","2026/07/07",1219,"1 Bed","Apartment"
"4747 Pennwood Ave, Las Vegas, NV 89102","2026/07/07",1519,"2 Beds","Apartment"
"1061 E Flamingo Rd, Las Vegas, NV 89119","2026/07/07",1413,"1 Bed","Apartment"
"1061 E Flamingo Rd, Las Vegas, NV 89119","2026/07/07",1779,"2 Beds","Apartment"
"9353 W Twain Ave, Las Vegas, NV 89147","2026/07/07",1491,"1 Bed","Apartment"
"9353 W Twain Ave, Las Vegas, NV 89147","2026/07/07",1670,"2 Beds","Apartment"
"9353 W Twain Ave, Las Vegas, NV 89147","2026/07/07",2094,"3 Beds","Apartment"
"8680 Ensworth St, Las Vegas, NV 89123","2026/07/07",1557,"1 Bed","Apartment"
"8680 Ensworth St, Las Vegas, NV 89123","2026/07/07",2017,"2 Beds","Apartment"
"8680 Ensworth St, Las Vegas, NV 89123","2026/07/07",2457,"3 Beds","Apartment"
"10695 Dean Martin Dr, Las Vegas, NV 89141","2026/07/07",1335,"Studio","Apartment"
"10695 Dean Martin Dr, Las Vegas, NV 89141","2026/07/07",1415,"1 Bed","Apartment"
"10695 Dean Martin Dr, Las Vegas, NV 89141","2026/07/07",1747,"2 Beds+","Apartment"
"5067 Madre Mesa Dr, Las Vegas, NV 89108","2026/07/07",998,"1 Bed","Apartment"
"5067 Madre Mesa Dr, Las Vegas, NV 89108","2026/07/07",1420,"2 Beds","Apartment"
"901 E Fremont St, Las Vegas, NV 89101","2026/07/07",1159,"Studio","Apartment"
"901 E Fremont St, Las Vegas, NV 89101","2026/07/07",1354,"1 Bed","Apartment"
"901 E Fremont St, Las Vegas, NV 89101","2026/07/07",1835,"2 Beds+","Apartment"
"3830 University Center Dr, Las Vegas, NV 89119","2026/07/07",950,"1 Bed","Apartment"
"3830 University Center Dr, Las Vegas, NV 89119","2026/07/07",1375,"2 Beds","Apartment"
"3800 Wynn Rd, Las Vegas, NV 89103","2026/07/07",1009,"1 Bed","Apartment"
"3800 Wynn Rd, Las Vegas, NV 89103","2026/07/07",1154,"2 Beds","Apartment"
"1455 E Katie Ave, Las Vegas, NV 89119","2026/07/07",975,"1 Bed","Apartment"
"1455 E Katie Ave, Las Vegas, NV 89119","2026/07/07",1470,"2 Beds","Apartment"
"10175 Spencer St, Las Vegas, NV 89183","2026/07/07",1274,"1 Bed","Apartment"
"10175 Spencer St, Las Vegas, NV 89183","2026/07/07",1510,"2 Beds","Apartment"
"10175 Spencer St, Las Vegas, NV 89183","2026/07/07",2033,"3 Beds","Apartment"
"3550 Paradise Rd, Las Vegas, NV 89169","2026/07/07",1005,"Studio","Apartment"
"3550 Paradise Rd, Las Vegas, NV 89169","2026/07/07",1085,"1 Bed","Apartment"
"3550 Paradise Rd, Las Vegas, NV 89169","2026/07/07",1150,"2 Beds+","Apartment"
"1450 E Harmon Ave, Las Vegas, NV 89119","2026/07/07",644,"",NA
"6614 Blue Diamond Rd, Las Vegas, NV 89139","2026/07/07",1543,"1 Bed","Apartment"
"6614 Blue Diamond Rd, Las Vegas, NV 89139","2026/07/07",1799,"2 Beds","Apartment"
"6614 Blue Diamond Rd, Las Vegas, NV 89139","2026/07/07",2313,"3 Beds","Apartment"
"9400-9490 Bermuda Rd, Las Vegas, NV 89123","2026/07/07",1275,"1 Bed","Apartment"
"9400-9490 Bermuda Rd, Las Vegas, NV 89123","2026/07/07",1555,"2 Beds","Apartment"
"9400-9490 Bermuda Rd, Las Vegas, NV 89123","2026/07/07",1870,"3 Beds","Apartment"
"5060 W Hacienda Ave, Las Vegas, NV 89118","2026/07/07",1111,"1 Bed","Apartment"
"5060 W Hacienda Ave, Las Vegas, NV 89118","2026/07/07",1257,"2 Beds","Apartment"
"9265 W Russell Rd, Las Vegas, NV 89148","2026/07/07",1550,"1 Bed","Apartment"
"9265 W Russell Rd, Las Vegas, NV 89148","2026/07/07",1850,"2 Beds","Apartment"
"9265 W Russell Rd, Las Vegas, NV 89148","2026/07/07",3400,"3 Beds","Apartment"
"4375 E Sunset Rd, Henderson, NV 89014","2026/07/07",1428,"1 Bed","Apartment"
"4375 E Sunset Rd, Henderson, NV 89014","2026/07/07",1483,"2 Beds","Apartment"
"4555 Camino Al Norte, North Las Vegas, NV 89031","2026/07/07",1685,"1 Bed","Apartment"
"4555 Camino Al Norte, North Las Vegas, NV 89031","2026/07/07",1768,"2 Beds","Apartment"
"4555 Camino Al Norte, North Las Vegas, NV 89031","2026/07/07",2262,"3 Beds","Apartment"
"1350 Kelso Dunes Ave, Henderson, NV 89014","2026/07/07",1320,"1 Bed","Apartment"
"1350 Kelso Dunes Ave, Henderson, NV 89014","2026/07/07",1802,"2 Beds","Apartment"
"540 W Horizon Ridge Pky, Henderson, NV 89012","2026/07/07",2040,"2 Beds","Apartment"
"540 W Horizon Ridge Pky, Henderson, NV 89012","2026/07/07",2262,"3 Beds","Apartment"
"4249 N Commerce St, North Las Vegas, NV 89032","2026/07/07",1039,"1 Bed","Apartment"
"4249 N Commerce St, North Las Vegas, NV 89032","2026/07/07",1294,"2 Beds","Apartment"
"4249 N Commerce St, North Las Vegas, NV 89032","2026/07/07",1520,"3 Beds","Apartment"
"8610 S Maryland Pky, Las Vegas, NV 89123","2026/07/07",1460,"1 Bed","Apartment"
"8610 S Maryland Pky, Las Vegas, NV 89123","2026/07/07",1650,"2 Beds","Apartment"
"7099 N Hualapai Way, Las Vegas, NV 89166","2026/07/07",1739,"1 Bed","Apartment"
"7099 N Hualapai Way, Las Vegas, NV 89166","2026/07/07",1974,"2 Beds","Apartment"
"1801 N Green Valley Pky, Las Vegas, NV 89074","2026/07/07",1414,"1 Bed","Apartment"
"1801 N Green Valley Pky, Las Vegas, NV 89074","2026/07/07",1520,"2 Beds","Apartment"
"5453 S Durango Dr, Las Vegas, NV 89113","2026/07/07",1676,"1 Bed","Apartment"
"5453 S Durango Dr, Las Vegas, NV 89113","2026/07/07",1881,"2 Beds","Apartment"
"5453 S Durango Dr, Las Vegas, NV 89113","2026/07/07",2281,"3 Beds","Apartment"
"1111 S Cimarron Rd, Las Vegas, NV 89117","2026/07/07",1320,"3 Beds",NA
"2800 S Lamb Blvd, Las Vegas, NV 89121","2026/07/07",1325,"2 Beds","Apartment"
"2800 S Lamb Blvd, Las Vegas, NV 89121","2026/07/07",1535,"3 Beds","Apartment"
"10151 Dorrell Ln, Las Vegas, NV 89166","2026/07/07",1406,"1 Bed","Apartment"
"10151 Dorrell Ln, Las Vegas, NV 89166","2026/07/07",1686,"2 Beds","Apartment"
"10151 Dorrell Ln, Las Vegas, NV 89166","2026/07/07",2106,"3 Beds","Apartment"
"3210 S Sandhill Rd, Las Vegas, NV 89121","2026/07/07",1249,"1 Bed","Apartment"
"3210 S Sandhill Rd, Las Vegas, NV 89121","2026/07/07",1220,"2 Beds","Apartment"
"9005 W Oquendo Rd, Las Vegas, NV 89148","2026/07/07",1486,"1 Bed","Apartment"
"9005 W Oquendo Rd, Las Vegas, NV 89148","2026/07/07",1941,"2 Beds","Apartment"
"9005 W Oquendo Rd, Las Vegas, NV 89148","2026/07/07",2311,"3 Beds","Apartment"
"9314 W Russell Rd, Las Vegas, NV 89148","2026/07/07",1355,"1 Bed","Apartment"
"9314 W Russell Rd, Las Vegas, NV 89148","2026/07/07",1870,"2 Beds","Apartment"
"9314 W Russell Rd, Las Vegas, NV 89148","2026/07/07",1960,"3 Beds","Apartment"
"1601 E Katie Ave, Las Vegas, NV 89119","2026/07/07",1210,"1 Bed","Apartment"
"1601 E Katie Ave, Las Vegas, NV 89119","2026/07/07",1560,"2 Beds","Apartment"
"5001 El Parque Ave, Las Vegas, NV 89146","2026/07/07",1257,"1 Bed","Apartment"
"5001 El Parque Ave, Las Vegas, NV 89146","2026/07/07",1259,"2 Beds","Apartment"
"4521 E Bonanza Rd, Las Vegas, NV 89110","2026/07/07",1167,"1 Bed","Apartment"
"4521 E Bonanza Rd, Las Vegas, NV 89110","2026/07/07",1367,"2 Beds","Apartment"
"3955 Algonquin Dr, Las Vegas, NV 89119","2026/07/07",1016,"1 Bed","Apartment"
"3955 Algonquin Dr, Las Vegas, NV 89119","2026/07/07",1271,"2 Beds","Apartment"
"3651 N Rancho Dr, Las Vegas, NV 89130","2026/07/07",1191,"1 Bed","Apartment"
"3651 N Rancho Dr, Las Vegas, NV 89130","2026/07/07",1508,"2 Beds","Apartment"
"3651 N Rancho Dr, Las Vegas, NV 89130","2026/07/07",1779,"3 Beds","Apartment"
"7600 S Rainbow Blvd, Las Vegas, NV 89139","2026/07/07",1591,"1 Bed","Apartment"
"7600 S Rainbow Blvd, Las Vegas, NV 89139","2026/07/07",1771,"2 Beds","Apartment"
"4316 E Tropicana Ave, Las Vegas, NV 89121","2026/07/07",1125,"2 Beds",NA
"10000 S Maryland Pky, Las Vegas, NV 89183","2026/07/07",1338,"1 Bed","Apartment"
"10000 S Maryland Pky, Las Vegas, NV 89183","2026/07/07",1543,"2 Beds","Apartment"
"10000 S Maryland Pky, Las Vegas, NV 89183","2026/07/07",2018,"3 Beds","Apartment"
"3030 Robert Trent Jones Ln, Las Vegas, NV 89141","2026/07/07",1510,"1 Bed","Apartment"
"3030 Robert Trent Jones Ln, Las Vegas, NV 89141","2026/07/07",2037,"2 Beds","Apartment"
"3030 Robert Trent Jones Ln, Las Vegas, NV 89141","2026/07/07",2510,"3 Beds","Apartment"
"7800 S Rainbow Blvd, Las Vegas, NV 89139","2026/07/07",1387,"1 Bed","Apartment"
"7800 S Rainbow Blvd, Las Vegas, NV 89139","2026/07/07",1773,"2 Beds","Apartment"
"5355 S Rainbow Blvd, Las Vegas, NV 89118","2026/07/07",1404,"1 Bed","Apartment"
"5355 S Rainbow Blvd, Las Vegas, NV 89118","2026/07/07",1550,"2 Beds","Apartment"
"6570 W Flamingo Rd, Las Vegas, NV 89103","2026/07/07",1300,"1 Bed","Apartment"
"6570 W Flamingo Rd, Las Vegas, NV 89103","2026/07/07",1500,"2 Beds","Apartment"
"451 Crestdale Ln, Las Vegas, NV 89144","2026/07/07",2011,"2 Beds","Apartment"
"451 Crestdale Ln, Las Vegas, NV 89144","2026/07/07",1984,"3 Beds","Apartment"
"7230 Las Vegas Blvd S, Las Vegas, NV 89119","2026/07/07",1605,"1 Bed","Apartment"
"7230 Las Vegas Blvd S, Las Vegas, NV 89119","2026/07/07",1885,"2 Beds","Apartment"
"2683 S Decatur Blvd, Las Vegas, NV 89102","2026/07/07",1188,"1 Bed","Apartment"
"2683 S Decatur Blvd, Las Vegas, NV 89102","2026/07/07",1345,"2 Beds","Apartment"
"2180 E Warm Springs Rd, Las Vegas, NV 89119","2026/07/07",1343,"1 Bed","Apartment"
"2180 E Warm Springs Rd, Las Vegas, NV 89119","2026/07/07",1750,"2 Beds","Apartment"
"2180 E Warm Springs Rd, Las Vegas, NV 89119","2026/07/07",1884,"3 Beds","Apartment"
"3663 W Cactus Ave, Las Vegas, NV 89141","2026/07/07",1551,"1 Bed","Apartment"
"3663 W Cactus Ave, Las Vegas, NV 89141","2026/07/07",1856,"2 Beds","Apartment"
"3663 W Cactus Ave, Las Vegas, NV 89141","2026/07/07",2236,"3 Beds","Apartment"
"11611 S Las Vegas Blvd, Las Vegas, NV 89183","2026/07/07",1640,"Studio","Apartment"
"11611 S Las Vegas Blvd, Las Vegas, NV 89183","2026/07/07",1574,"1 Bed","Apartment"
"11611 S Las Vegas Blvd, Las Vegas, NV 89183","2026/07/07",1974,"2 Beds+","Apartment"
"3925 S Jones Blvd, Las Vegas, NV 89103","2026/07/07",1249,"1 Bed","Apartment"
"3925 S Jones Blvd, Las Vegas, NV 89103","2026/07/07",1425,"2 Beds","Apartment"
"9901 W Sahara Ave, Las Vegas, NV 89117","2026/07/07",1250,"1 Bed","Apartment"
"9901 W Sahara Ave, Las Vegas, NV 89117","2026/07/07",1547,"2 Beds","Apartment"
"8440 Westcliff Dr, Las Vegas, NV 89145","2026/07/07",1526,"1 Bed","Apartment"
"8440 Westcliff Dr, Las Vegas, NV 89145","2026/07/07",1396,"2 Beds","Apartment"
"8440 Westcliff Dr, Las Vegas, NV 89145","2026/07/07",1887,"3 Beds","Apartment"
"3937 Spencer St, Las Vegas, NV 89119","2026/07/07",899,"1 Bed","Apartment"
"3937 Spencer St, Las Vegas, NV 89119","2026/07/07",1154,"2 Beds","Apartment"
NA,NA,NA,NA,NA
"5175 Jerry Tarkanian Way, Las Vegas, NV 89148","2026/07/07",1654,"1 Bed","Apartment"
"5175 Jerry Tarkanian Way, Las Vegas, NV 89148","2026/07/07",1995,"2 Beds","Apartment"
"5175 Jerry Tarkanian Way, Las Vegas, NV 89148","2026/07/07",2258,"3 Beds","Apartment"
"5055 Tamarus St, Las Vegas, NV 89119","2026/07/07",1080,"1 Bed","Apartment"
"5055 Tamarus St, Las Vegas, NV 89119","2026/07/07",1245,"2 Beds","Apartment"
"4700 S Maryland Pky, Las Vegas, NV 89119","2026/07/07",1139,"1 Bed","Apartment"
"4700 S Maryland Pky, Las Vegas, NV 89119","2026/07/07",1309,"2 Beds","Apartment"
"8251 W Sunset Rd, Las Vegas, NV 89113","2026/07/07",1587,"1 Bed","Apartment"
"8251 W Sunset Rd, Las Vegas, NV 89113","2026/07/07",1952,"2 Beds","Apartment"
"7531 Tule Springs Rd, Las Vegas, NV 89131","2026/07/07",1660,"1 Bed","Apartment"
"7531 Tule Springs Rd, Las Vegas, NV 89131","2026/07/07",1879,"2 Beds","Apartment"
"3355 S Town Center Dr, Las Vegas, NV 89135","2026/07/07",1770,"1 Bed","Apartment"
"3355 S Town Center Dr, Las Vegas, NV 89135","2026/07/07",1934,"2 Beds","Apartment"
"3335 Hauck St, Las Vegas, NV 89146","2026/07/07",1135,"1 Bed","Apartment"
"3335 Hauck St, Las Vegas, NV 89146","2026/07/07",1325,"2 Beds","Apartment"
"3540 N Hualapai Way, Las Vegas, NV 89129","2026/07/07",1396,"1 Bed","Apartment"
"3540 N Hualapai Way, Las Vegas, NV 89129","2026/07/07",1687,"2 Beds","Apartment"
"3540 N Hualapai Way, Las Vegas, NV 89129","2026/07/07",1793,"3 Beds","Apartment"
"4600 Vegas Dr, Las Vegas, NV 89108","2026/07/07",999,"1 Bed","Apartment"
"4600 Vegas Dr, Las Vegas, NV 89108","2026/07/07",1125,"2 Beds","Apartment"
"3132 N Jones Blvd, Las Vegas, NV 89108","2026/07/07",1133,"1 Bed","Apartment"
"3132 N Jones Blvd, Las Vegas, NV 89108","2026/07/07",1333,"2 Beds","Apartment"
"3150 S Decatur Blvd, Las Vegas, NV 89102","2026/07/07",1075,"1 Bed","Apartment"
"3150 S Decatur Blvd, Las Vegas, NV 89102","2026/07/07",1160,"2 Beds","Apartment"
"3150 S Decatur Blvd, Las Vegas, NV 89102","2026/07/07",1610,"3 Beds","Apartment"
"4550 W Sahara Ave, Las Vegas, NV 89102","2026/07/07",1195,"1 Bed","Apartment"
"4550 W Sahara Ave, Las Vegas, NV 89102","2026/07/07",1287,"2 Beds","Apartment"
"8400 S Maryland Pky, Las Vegas, NV 89123","2026/07/07",1531,"1 Bed","Apartment"
"8400 S Maryland Pky, Las Vegas, NV 89123","2026/07/07",1559,"2 Beds","Apartment"
"8400 S Maryland Pky, Las Vegas, NV 89123","2026/07/07",2025,"3 Beds","Apartment"
"7545 Oso Blanca Rd, Las Vegas, NV 89149","2026/07/07",1309,"1 Bed","Apartment"
"7545 Oso Blanca Rd, Las Vegas, NV 89149","2026/07/07",1599,"2 Beds","Apartment"
"7340 W Russell Rd, Las Vegas, NV 89113","2026/07/07",1344,"1 Bed","Apartment"
"7340 W Russell Rd, Las Vegas, NV 89113","2026/07/07",1347,"2 Beds","Apartment"
"7340 W Russell Rd, Las Vegas, NV 89113","2026/07/07",2363,"3 Beds","Apartment"
"2750 W Wigwam Ave, las vegas, NV 89123","2026/07/07",1398,"1 Bed","Apartment"
"2750 W Wigwam Ave, las vegas, NV 89123","2026/07/07",1562,"2 Beds","Apartment"
"2750 W Wigwam Ave, las vegas, NV 89123","2026/07/07",2377,"3 Beds","Apartment"
"1600 S Valley View Blvd, Las Vegas, NV 89102","2026/07/07",1085,"1 Bed","Apartment"
"1600 S Valley View Blvd, Las Vegas, NV 89102","2026/07/07",1332,"2 Beds","Apartment"
"4700 W Rochelle Ave, Las Vegas, NV 89103","2026/07/07",1199,"1 Bed","Apartment"
"4700 W Rochelle Ave, Las Vegas, NV 89103","2026/07/07",1399,"2 Beds","Apartment"
"2405-2475 W Serene Ave, Las Vegas, NV 89123","2026/07/07",1340,"1 Bed","Apartment"
"2405-2475 W Serene Ave, Las Vegas, NV 89123","2026/07/07",1490,"2 Beds","Apartment"
"3768 Howard Hughes Pky, Las Vegas, NV 89169","2026/07/07",1460,"Studio","Apartment"
"3768 Howard Hughes Pky, Las Vegas, NV 89169","2026/07/07",1513,"1 Bed","Apartment"
"3768 Howard Hughes Pky, Las Vegas, NV 89169","2026/07/07",2090,"2 Beds+","Apartment"
"601-625 N 13th St, Las Vegas, NV 89101","2026/07/07",1105,"2 Beds","Apartment"
"601-625 N 13th St, Las Vegas, NV 89101","2026/07/07",1335,"3 Beds","Apartment"
"3975 N Nellis Blvd, Las Vegas, NV 89115","2026/07/07",1330,"1 Bed","Apartment"
"3975 N Nellis Blvd, Las Vegas, NV 89115","2026/07/07",1257,"2 Beds","Apartment"
"3975 N Nellis Blvd, Las Vegas, NV 89115","2026/07/07",1678,"3 Beds","Apartment"
"2635 Karen Ct, Las Vegas, NV 89109","2026/07/07",891,"Studio","Apartment"
"2635 Karen Ct, Las Vegas, NV 89109","2026/07/07",1010,"1 Bed","Apartment"
"2635 Karen Ct, Las Vegas, NV 89109","2026/07/07",1150,"2 Beds+","Apartment"
"2200 Club Pacific Way, Las Vegas, NV 89128","2026/07/07",1456,"2 Beds","Apartment"
"2200 Club Pacific Way, Las Vegas, NV 89128","2026/07/07",1776,"3 Beds","Apartment"
"1020 E Desert Inn Rd, Las Vegas, NV 89109","2026/07/07",1225,"Studio","Apartment"
"1020 E Desert Inn Rd, Las Vegas, NV 89109","2026/07/07",1307,"1 Bed","Apartment"
"1020 E Desert Inn Rd, Las Vegas, NV 89109","2026/07/07",1578,"2 Beds","Apartment"
"1350 N Town Center Dr, Las Vegas, NV 89144","2026/07/07",1465,"1 Bed","Apartment"
"1350 N Town Center Dr, Las Vegas, NV 89144","2026/07/07",1850,"2 Beds","Apartment"
"1350 N Town Center Dr, Las Vegas, NV 89144","2026/07/07",2180,"3 Beds","Apartment"
"650 S Town Center Dr, Las Vegas, NV 89144","2026/07/07",1585,"1 Bed","Apartment"
"650 S Town Center Dr, Las Vegas, NV 89144","2026/07/07",1755,"2 Beds","Apartment"
"650 S Town Center Dr, Las Vegas, NV 89144","2026/07/07",2285,"3 Beds","Apartment"
"2601 S Pavilion Center Dr, Las Vegas, NV 89135","2026/07/07",1526,"1 Bed","Apartment"
"2601 S Pavilion Center Dr, Las Vegas, NV 89135","2026/07/07",1795,"2 Beds","Apartment"
"2601 S Pavilion Center Dr, Las Vegas, NV 89135","2026/07/07",1760,"3 Beds","Apartment"
"7001 W Charleston Blvd, Las Vegas, NV 89117","2026/07/07",1273,"1 Bed","Apartment"
"7001 W Charleston Blvd, Las Vegas, NV 89117","2026/07/07",1634,"2 Beds","Apartment"
"7001 W Charleston Blvd, Las Vegas, NV 89117","2026/07/07",1958,"3 Beds","Apartment"
"2255 E Sunset Rd, Las Vegas, NV 89119","2026/07/07",1051,"Studio","Apartment"
"2255 E Sunset Rd, Las Vegas, NV 89119","2026/07/07",1248,"1 Bed","Apartment"
"2255 E Sunset Rd, Las Vegas, NV 89119","2026/07/07",1386,"2 Beds","Apartment"
"4515 S Durango Dr, Las Vegas, NV 89147","2026/07/07",1300,"1 Bed","Apartment"
"4515 S Durango Dr, Las Vegas, NV 89147","2026/07/07",1450,"2 Beds","Apartment"
"4515 S Durango Dr, Las Vegas, NV 89147","2026/07/07",1792,"3 Beds","Apartment"
"10925 Southern Highlands Pky, Las Vegas, NV 89141","2026/07/07",1401,"1 Bed","Apartment"
"10925 Southern Highlands Pky, Las Vegas, NV 89141","2026/07/07",1656,"2 Beds","Apartment"
"10925 Southern Highlands Pky, Las Vegas, NV 89141","2026/07/07",2161,"3 Beds","Apartment"
"1755 Palm St, Las Vegas, NV 89104","2026/07/07",1101,"1 Bed","Apartment"
"1755 Palm St, Las Vegas, NV 89104","2026/07/07",1256,"2 Beds","Apartment"
"250 S City Pky, Las Vegas, NV 89106","2026/07/07",1502,"Studio","Apartment"
"250 S City Pky, Las Vegas, NV 89106","2026/07/07",1595,"1 Bed","Apartment"
"250 S City Pky, Las Vegas, NV 89106","2026/07/07",2133,"2 Beds","Apartment"
"5024 Broken Sound Dr, Las Vegas, NV 89110","2026/07/07",1295,"1 Bed","Apartment"
"5024 Broken Sound Dr, Las Vegas, NV 89110","2026/07/07",1366,"2 Beds","Apartment"
"5024 Broken Sound Dr, Las Vegas, NV 89110","2026/07/07",1528,"3 Beds","Apartment"
"9850 Bermuda Rd, Las Vegas, NV 89183","2026/07/07",1302,"1 Bed","Apartment"
"9850 Bermuda Rd, Las Vegas, NV 89183","2026/07/07",1599,"2 Beds","Apartment"
"9850 Bermuda Rd, Las Vegas, NV 89183","2026/07/07",1806,"3 Beds","Apartment"
"346 Sturgeon Ln, Las Vegas, NV 89110","2026/07/07",1150,"1 Bed","Apartment"
"346 Sturgeon Ln, Las Vegas, NV 89110","2026/07/07",1210,"2 Beds","Apartment"
"346 Sturgeon Ln, Las Vegas, NV 89110","2026/07/07",1620,"3 Beds","Apartment"
"4150 S Hualapai Way, Las Vegas, NV 89147","2026/07/07",1517,"Studio","Apartment"
"4150 S Hualapai Way, Las Vegas, NV 89147","2026/07/07",1621,"1 Bed","Apartment"
"4150 S Hualapai Way, Las Vegas, NV 89147","2026/07/07",1845,"2 Beds+","Apartment"
"2251 S Fort Apache Rd, Las Vegas, NV 89117","2026/07/07",1448,"1 Bed","Apartment"
"2251 S Fort Apache Rd, Las Vegas, NV 89117","2026/07/07",1485,"2 Beds","Apartment"
"2660 N Buffalo Dr, Las Vegas, NV 89128","2026/07/07",1296,"Studio","Apartment"
"2660 N Buffalo Dr, Las Vegas, NV 89128","2026/07/07",1385,"1 Bed","Apartment"
"2660 N Buffalo Dr, Las Vegas, NV 89128","2026/07/07",1777,"2 Beds+","Apartment"
"2855 N Walnut Rd, Las Vegas, NV 89115","2026/07/07",879,"Studio","Apartment"
"2855 N Walnut Rd, Las Vegas, NV 89115","2026/07/07",1329,"2 Beds","Apartment"
"7000 S Paradise Rd, Las Vegas, NV 89119","2026/07/07",1217,"1 Bed","Apartment"
"7000 S Paradise Rd, Las Vegas, NV 89119","2026/07/07",1375,"2 Beds","Apartment"
"7000 S Paradise Rd, Las Vegas, NV 89119","2026/07/07",1607,"3 Beds","Apartment"
"3140 St Rose Pky, Las Vegas, NV 89183","2026/07/07",1397,"1 Bed","Apartment"
"3140 St Rose Pky, Las Vegas, NV 89183","2026/07/07",1468,"2 Beds","Apartment"
"3140 St Rose Pky, Las Vegas, NV 89183","2026/07/07",1946,"3 Beds","Apartment"
"1799 N Decatur Blvd, Las Vegas, NV 89108","2026/07/07",1091,"1 Bed","Apartment"
"1799 N Decatur Blvd, Las Vegas, NV 89108","2026/07/07",1325,"2 Beds","Apartment"
"6415-6453 Casada Way, Las Vegas, NV 89107","2026/07/07",896,"Studio","Apartment"
"6415-6453 Casada Way, Las Vegas, NV 89107","2026/07/07",1105,"1 Bed","Apartment"
"6415-6453 Casada Way, Las Vegas, NV 89107","2026/07/07",1491,"2 Beds","Apartment"
"1511 S Casino Center Blvd, Las Vegas, NV 89104","2026/07/07",799,"2 Beds",NA
NA,NA,NA,NA,NA
"7100 Grand Montecito Pky, Las Vegas, NV 89149","2026/07/07",1218,"1 Bed","Apartment"
"7100 Grand Montecito Pky, Las Vegas, NV 89149","2026/07/07",1749,"2 Beds","Apartment"
"2629 Wyandotte St, Las Vegas, NV 89102","2026/07/07",734,"1 Bed","Apartment"
"2629 Wyandotte St, Las Vegas, NV 89102","2026/07/07",1199,"2 Beds","Apartment"
"1900 E Tropicana Ave, Las Vegas, NV 89119","2026/07/07",960,"1 Bed","Apartment"
"1900 E Tropicana Ave, Las Vegas, NV 89119","2026/07/07",1170,"2 Beds","Apartment"
"4550 Karen Ave, Las Vegas, NV 89121","2026/07/07",1297,"2 Beds","Apartment"
"4550 Karen Ave, Las Vegas, NV 89121","2026/07/07",1467,"3 Beds","Apartment"
"4450 S Hualapai Way, Las Vegas, NV 89147","2026/07/07",1423,"1 Bed","Apartment"
"4450 S Hualapai Way, Las Vegas, NV 89147","2026/07/07",1578,"2 Beds","Apartment"
"4450 S Hualapai Way, Las Vegas, NV 89147","2026/07/07",2366,"3 Beds","Apartment"
"60 N Pecos Rd, Las Vegas, NV 89101","2026/07/07",1055,"1 Bed","Apartment"
"60 N Pecos Rd, Las Vegas, NV 89101","2026/07/07",1260,"2 Beds","Apartment"
"60 N Pecos Rd, Las Vegas, NV 89101","2026/07/07",1610,"3 Beds","Apartment"
"3200 Mcleod Dr, Las Vegas, NV 89121","2026/07/07",1062,"1 Bed","Apartment"
"3200 Mcleod Dr, Las Vegas, NV 89121","2026/07/07",1337,"2 Beds","Apartment"
"5370 E Craig Rd, Las Vegas, NV 89115","2026/07/07",1050,"1 Bed","Apartment"
"5370 E Craig Rd, Las Vegas, NV 89115","2026/07/07",1300,"2 Beds","Apartment"
"5370 E Craig Rd, Las Vegas, NV 89115","2026/07/07",1468,"3 Beds","Apartment"
"2720 W Serene Ave, Las Vegas, NV 89123","2026/07/07",1190,"1 Bed","Apartment"
"2720 W Serene Ave, Las Vegas, NV 89123","2026/07/07",1335,"2 Beds","Apartment"
"2720 W Serene Ave, Las Vegas, NV 89123","2026/07/07",1610,"3 Beds","Apartment"
"3333 N Michael Way, Las Vegas, NV 89108","2026/07/07",899,"1 Bed","Apartment"
"3333 N Michael Way, Las Vegas, NV 89108","2026/07/07",1225,"2 Beds","Apartment"
"1001 Dumont Blvd, Las Vegas, NV 89169","2026/07/07",910,"1 Bed","Apartment"
"1001 Dumont Blvd, Las Vegas, NV 89169","2026/07/07",1245,"2 Beds","Apartment"
"1001 Dumont Blvd, Las Vegas, NV 89169","2026/07/07",1775,"3 Beds+","Apartment"
"2540 Fremont St, Las Vegas, NV 89104","2026/07/07",725,"3 Beds+",NA
"5421 E Harmon Ave, Las Vegas, NV 89122","2026/07/07",665,"1 Bed","Apartment"
"5421 E Harmon Ave, Las Vegas, NV 89122","2026/07/07",1040,"2 Beds","Apartment"
"3955 E Charleston Blvd, Las Vegas, NV 89104","2026/07/07",1040,"1 Bed","Apartment"
"3955 E Charleston Blvd, Las Vegas, NV 89104","2026/07/07",1075,"2 Beds","Apartment"
"9051 Echelon Point Dr, Las Vegas, NV 89149","2026/07/07",2400,"2 Beds","Apartment"
"9051 Echelon Point Dr, Las Vegas, NV 89149","2026/07/07",2825,"3 Beds","Apartment"
"1700 N Lamb Blvd, Las Vegas, NV 89115","2026/07/07",1425,"3 Beds",NA
"7017 S Buffalo Dr, Las Vegas, NV 89113","2026/07/07",1550,"1 Bed","Apartment"
"7017 S Buffalo Dr, Las Vegas, NV 89113","2026/07/07",1675,"2 Beds","Apartment"
"7017 S Buffalo Dr, Las Vegas, NV 89113","2026/07/07",2150,"3 Beds","Apartment"
"3150 W Twain Ave, Las Vegas, NV 89103","2026/07/07",1410,"1 Bed","Apartment"
"3150 W Twain Ave, Las Vegas, NV 89103","2026/07/07",2010,"2 Beds","Apartment"
"3150 W Twain Ave, Las Vegas, NV 89103","2026/07/07",2720,"3 Beds","Apartment"
"1121 Lulu Ave, Las Vegas, NV 89119","2026/07/07",895,"1 Bed","Apartment"
"1121 Lulu Ave, Las Vegas, NV 89119","2026/07/07",1085,"2 Beds","Apartment"
"1121 Lulu Ave, Las Vegas, NV 89119","2026/07/07",1420,"3 Beds","Apartment"
"6363 Clarice Ave, Las Vegas, NV 89107","2026/07/07",1024,"1 Bed","Apartment"
"6363 Clarice Ave, Las Vegas, NV 89107","2026/07/07",1115,"2 Beds","Apartment"
"6363 Clarice Ave, Las Vegas, NV 89107","2026/07/07",1455,"3 Beds","Apartment"
"6931 Plentiful Spring Ct, Las Vegas, NV 89179","2026/07/07",2345,"2 Beds","Apartment"
"6931 Plentiful Spring Ct, Las Vegas, NV 89179","2026/07/07",2490,"3 Beds","Apartment"
"5500 Mountain Vista St, Las Vegas, NV 89120","2026/07/07",1160,"1 Bed","Apartment"
"5500 Mountain Vista St, Las Vegas, NV 89120","2026/07/07",1420,"2 Beds","Apartment"
"5600 Boulder Hwy, Las Vegas, NV 89122","2026/07/07",1156,"Studio","Apartment"
"5600 Boulder Hwy, Las Vegas, NV 89122","2026/07/07",1196,"1 Bed","Apartment"
"5600 Boulder Hwy, Las Vegas, NV 89122","2026/07/07",1636,"2 Beds","Apartment"
"1055 E Tropicana Ave, Las Vegas, NV 89119","2026/07/07",1795,"1 Bed","Apartment"
"1055 E Tropicana Ave, Las Vegas, NV 89119","2026/07/07",1075,"2 Beds","Apartment"
"1055 E Tropicana Ave, Las Vegas, NV 89119","2026/07/07",925,"3 Beds+","Apartment"
"1701 N Jones Blvd, Las Vegas, NV 89108","2026/07/07",917,"1 Bed","Apartment"
"1701 N Jones Blvd, Las Vegas, NV 89108","2026/07/07",1316,"2 Beds","Apartment"
"3770 University Center Dr, Las Vegas, NV 89119","2026/07/07",727,"Studio","Apartment"
"3770 University Center Dr, Las Vegas, NV 89119","2026/07/07",737,"1 Bed","Apartment"
"2950 N Green Valley Pky, Henderson, NV 89014","2026/07/07",1370,"1 Bed","Apartment"
"2950 N Green Valley Pky, Henderson, NV 89014","2026/07/07",1690,"2 Beds","Apartment"
"125 E Regina Ave, North Las Vegas, NV 89031","2026/07/07",1498,"1 Bed","Apartment"
"125 E Regina Ave, North Las Vegas, NV 89031","2026/07/07",1775,"2 Beds","Apartment"
"225 S Stephanie St, Henderson, NV 89012","2026/07/07",1269,"1 Bed","Apartment"
"225 S Stephanie St, Henderson, NV 89012","2026/07/07",1517,"2 Beds","Apartment"
"6741 Boulder Hwy, Henderson, NV 89011","2026/07/07",1491,"1 Bed","Apartment"
"6741 Boulder Hwy, Henderson, NV 89011","2026/07/07",1866,"2 Beds","Apartment"
"6741 Boulder Hwy, Henderson, NV 89011","2026/07/07",2505,"3 Beds","Apartment"
"930 Carnegie St, Henderson, NV 89052","2026/07/07",1552,"1 Bed","Apartment"
"930 Carnegie St, Henderson, NV 89052","2026/07/07",1930,"2 Beds","Apartment"
"930 Carnegie St, Henderson, NV 89052","2026/07/07",2181,"3 Beds","Apartment"
"4325 W Rome Blvd, North Las Vegas, NV 89084","2026/07/07",1352,"1 Bed","Apartment"
"4325 W Rome Blvd, North Las Vegas, NV 89084","2026/07/07",1607,"2 Beds","Apartment"
"4325 W Rome Blvd, North Las Vegas, NV 89084","2026/07/07",1952,"3 Beds","Apartment"
"2655 E Deer Springs Way, North Las Vegas, NV 89086","2026/07/07",1380,"1 Bed","Apartment"
"2655 E Deer Springs Way, North Las Vegas, NV 89086","2026/07/07",1630,"2 Beds","Apartment"
"2655 E Deer Springs Way, North Las Vegas, NV 89086","2026/07/07",1960,"3 Beds","Apartment"
"3125 Warm Springs Rd, Henderson, NV 89014","2026/07/07",1195,"1 Bed","Apartment"
"3125 Warm Springs Rd, Henderson, NV 89014","2026/07/07",1342,"2 Beds","Apartment"
"3125 Warm Springs Rd, Henderson, NV 89014","2026/07/07",1616,"3 Beds","Apartment"
"985 Wigwam Pky, Henderson, NV 89014","2026/07/07",1466,"1 Bed","Apartment"
"985 Wigwam Pky, Henderson, NV 89014","2026/07/07",1891,"2 Beds","Apartment"
"985 Wigwam Pky, Henderson, NV 89014","2026/07/07",2898,"3 Beds","Apartment"
"831 Coronado Center Dr, Henderson, NV 89052","2026/07/07",1711,"1 Bed","Apartment"
"831 Coronado Center Dr, Henderson, NV 89052","2026/07/07",1929,"2 Beds","Apartment"
"831 Coronado Center Dr, Henderson, NV 89052","2026/07/07",2604,"3 Beds","Apartment"
"625 Whitney Ranch Dr, Henderson, NV 89014","2026/07/07",1169,"1 Bed","Apartment"
"625 Whitney Ranch Dr, Henderson, NV 89014","2026/07/07",1416,"2 Beds","Apartment"
"625 Whitney Ranch Dr, Henderson, NV 89014","2026/07/07",1904,"3 Beds","Apartment"
"1070 Wellness Pl, Henderson, NV 89011","2026/07/07",1416,"Studio","Apartment"
"1070 Wellness Pl, Henderson, NV 89011","2026/07/07",1448,"1 Bed","Apartment"
"1070 Wellness Pl, Henderson, NV 89011","2026/07/07",1773,"2 Beds+","Apartment"
"770 W Lone Mountain Rd, North Las Vegas, NV 89031","2026/07/07",1519,"2 Beds","Apartment"
"770 W Lone Mountain Rd, North Las Vegas, NV 89031","2026/07/07",1776,"3 Beds","Apartment"
"1895 N Green Valley Pky, Henderson, NV 89074","2026/07/07",1295,"1 Bed","Apartment"
"1895 N Green Valley Pky, Henderson, NV 89074","2026/07/07",1375,"2 Beds","Apartment"
"1349 W Horizon Ridge Pky, Henderson, NV 89012","2026/07/07",1344,"1 Bed","Apartment"
"1349 W Horizon Ridge Pky, Henderson, NV 89012","2026/07/07",1522,"2 Beds","Apartment"
"1349 W Horizon Ridge Pky, Henderson, NV 89012","2026/07/07",2025,"3 Beds","Apartment"
"595 S Green Valley Pky, Henderson, NV 89012","2026/07/07",1350,"1 Bed","Apartment"
"595 S Green Valley Pky, Henderson, NV 89012","2026/07/07",1587,"2 Beds","Apartment"
"2125 N Las Vegas Blvd, North Las Vegas, NV 89030","2026/07/07",910,"1 Bed","Apartment"
"2125 N Las Vegas Blvd, North Las Vegas, NV 89030","2026/07/07",1145,"2 Beds","Apartment"
"2125 N Las Vegas Blvd, North Las Vegas, NV 89030","2026/07/07",1360,"3 Beds","Apartment"
"7410 Kingsley Cove Ln, North Las Vegas, NV 89084","2026/07/07",1995,"2 Beds","Apartment"
"7410 Kingsley Cove Ln, North Las Vegas, NV 89084","2026/07/07",2299,"3 Beds","Apartment"
"1100 N Center St, Henderson, NV 89015","2026/07/07",1143,"1 Bed","Apartment"
"1100 N Center St, Henderson, NV 89015","2026/07/07",1297,"2 Beds","Apartment"
"1100 N Center St, Henderson, NV 89015","2026/07/07",1636,"3 Beds","Apartment"
"2312 N Green Valley Pky, Henderson, NV 89014","2026/07/07",1139,"1 Bed","Apartment"
"2312 N Green Valley Pky, Henderson, NV 89014","2026/07/07",1396,"2 Beds","Apartment"
"551 Eiger Way, Henderson, NV 89014","2026/07/07",1297,"1 Bed","Apartment"
"551 Eiger Way, Henderson, NV 89014","2026/07/07",1262,"2 Beds","Apartment"
"5005 Losee Rd, North Las Vegas, NV 89081","2026/07/07",1293,"1 Bed","Apartment"
"5005 Losee Rd, North Las Vegas, NV 89081","2026/07/07",1192,"2 Beds","Apartment"
"5005 Losee Rd, North Las Vegas, NV 89081","2026/07/07",2119,"3 Beds","Apartment"
"4970 Camino Al Norte, North Las Vegas, NV 89031","2026/07/07",1650,"1 Bed","Apartment"
"4970 Camino Al Norte, North Las Vegas, NV 89031","2026/07/07",1850,"2 Beds","Apartment"
"4970 Camino Al Norte, North Las Vegas, NV 89031","2026/07/07",2100,"3 Beds","Apartment"
"2019 Fremont St, Las Vegas, NV 89101","2026/07/07",1056,"Studio","Apartment"
"2019 Fremont St, Las Vegas, NV 89101","2026/07/07",1211,"1 Bed","Apartment"
"2881 N Rancho Dr, Las Vegas, NV 89130","2026/07/07",1290,"1 Bed","Apartment"
"2881 N Rancho Dr, Las Vegas, NV 89130","2026/07/07",1360,"2 Beds","Apartment"
"2881 N Rancho Dr, Las Vegas, NV 89130","2026/07/07",1750,"3 Beds","Apartment"
"5160 Tamarus St, Las Vegas, NV 89119","2026/07/07",1199,"1 Bed","Apartment"
"5160 Tamarus St, Las Vegas, NV 89119","2026/07/07",1324,"2 Beds","Apartment"
"8760 W Patrick Ln, Las Vegas, NV 89148","2026/07/07",1600,"1 Bed","Apartment"
"8760 W Patrick Ln, Las Vegas, NV 89148","2026/07/07",1877,"2 Beds","Apartment"
"10501 W Lone Mountain Rd, Las Vegas, NV 89129","2026/07/07",1799,"2 Beds","Apartment"
"10501 W Lone Mountain Rd, Las Vegas, NV 89129","2026/07/07",2080,"3 Beds","Apartment"
"9950 W Tropicana Ave, Las Vegas, NV 89147","2026/07/07",1739,"1 Bed","Apartment"
"9950 W Tropicana Ave, Las Vegas, NV 89147","2026/07/07",1925,"2 Beds","Apartment"
"9445 Titania Dawn St, Las Vegas, NV 89178","2026/07/07",2470,"2 Beds","Apartment"
"9445 Titania Dawn St, Las Vegas, NV 89178","2026/07/07",2470,"3 Beds","Apartment"
"1501 Rock Springs Dr, Las Vegas, NV 89128","2026/07/07",1421,"Studio","Apartment"
"1501 Rock Springs Dr, Las Vegas, NV 89128","2026/07/07",1702,"1 Bed","Apartment"
"1501 Rock Springs Dr, Las Vegas, NV 89128","2026/07/07",1834,"2 Beds","Apartment"
"9405 S Eastern Ave, Las Vegas, NV 89123","2026/07/07",1320,"1 Bed","Apartment"
"9405 S Eastern Ave, Las Vegas, NV 89123","2026/07/07",1586,"2 Beds","Apartment"
"9405 S Eastern Ave, Las Vegas, NV 89123","2026/07/07",1900,"3 Beds","Apartment"
"4080 W Twain Ave, Las Vegas, NV 89103","2026/07/07",1391,"1 Bed","Apartment"
"4080 W Twain Ave, Las Vegas, NV 89103","2026/07/07",1529,"2 Beds","Apartment"
"4080 W Twain Ave, Las Vegas, NV 89103","2026/07/07",1875,"3 Beds","Apartment"
"4480 Sirius Ave, Las Vegas, NV 89102","2026/07/07",884,"Studio","Apartment"
"4480 Sirius Ave, Las Vegas, NV 89102","2026/07/07",1035,"1 Bed","Apartment"
"4480 Sirius Ave, Las Vegas, NV 89102","2026/07/07",1092,"2 Beds+","Apartment"
"9860 W Tropicana Ave, Las Vegas, NV 89147","2026/07/07",1298,"Studio","Apartment"
"9860 W Tropicana Ave, Las Vegas, NV 89147","2026/07/07",1615,"1 Bed","Apartment"
"9860 W Tropicana Ave, Las Vegas, NV 89147","2026/07/07",1772,"2 Beds","Apartment"
"3900 Dalecrest Dr, Las Vegas, NV 89129","2026/07/07",1292,"1 Bed","Apartment"
"3900 Dalecrest Dr, Las Vegas, NV 89129","2026/07/07",1494,"2 Beds","Apartment"
"4801 Spencer St, Las Vegas, NV 89119","2026/07/07",1171,"1 Bed","Apartment"
"4801 Spencer St, Las Vegas, NV 89119","2026/07/07",1271,"2 Beds","Apartment"
"3150 S Nellis Blvd, Las Vegas, NV 89121","2026/07/07",1499,"1 Bed","Apartment"
"3150 S Nellis Blvd, Las Vegas, NV 89121","2026/07/07",1668,"2 Beds","Apartment"
"3150 S Nellis Blvd, Las Vegas, NV 89121","2026/07/07",1938,"3 Beds","Apartment"
"4965 S Nellis Blvd, Las Vegas, NV 89120","2026/07/07",1161,"1 Bed","Apartment"
"4965 S Nellis Blvd, Las Vegas, NV 89120","2026/07/07",1478,"2 Beds","Apartment"
"5419 W Tropicana Ave, Las Vegas, NV 89103","2026/07/07",1299,"1 Bed","Apartment"
"5419 W Tropicana Ave, Las Vegas, NV 89103","2026/07/07",1470,"2 Beds","Apartment"
"2301 S Valley View Blvd, Las Vegas, NV 89102","2026/07/07",933,"1 Bed","Apartment"
"2301 S Valley View Blvd, Las Vegas, NV 89102","2026/07/07",1259,"2 Beds","Apartment"
"451 N Nellis Blvd, Las Vegas, NV 89110","2026/07/07",1317,"1 Bed","Apartment"
"451 N Nellis Blvd, Las Vegas, NV 89110","2026/07/07",1499,"2 Beds","Apartment"
"1220 Tree Line Dr, Las Vegas, NV 89142","2026/07/07",1247,"2 Beds","Apartment"
"1220 Tree Line Dr, Las Vegas, NV 89142","2026/07/07",1515,"3 Beds","Apartment"
"5145 Rawhide St, Las Vegas, NV 89122","2026/07/07",984,"1 Bed","Apartment"
"5145 Rawhide St, Las Vegas, NV 89122","2026/07/07",1309,"2 Beds","Apartment"
"5145 Rawhide St, Las Vegas, NV 89122","2026/07/07",1609,"3 Beds","Apartment"
NA,NA,NA,NA,NA
"651 McKnight St, Las Vegas, NV 89101","2026/07/07",791,"1 Bed","Apartment"
"651 McKnight St, Las Vegas, NV 89101","2026/07/07",950,"2 Beds","Apartment"
"525 E Saint Louis Ave, Las Vegas, NV 89104","2026/07/07",595,"Studio","Apartment"
"525 E Saint Louis Ave, Las Vegas, NV 89104","2026/07/07",799,"1 Bed","Apartment"
"525 E Saint Louis Ave, Las Vegas, NV 89104","2026/07/07",950,"2 Beds","Apartment"
"415 S 10th St, Las Vegas, NV 89101","2026/07/07",1200,"2 Beds",NA
"4600 Sirius Ave, Las Vegas, NV 89102","2026/07/07",995,"1 Bed","Apartment"
"4600 Sirius Ave, Las Vegas, NV 89102","2026/07/07",1190,"2 Beds","Apartment"
NA,NA,NA,NA,NA
"3121-3161 Karen Ave, Las Vegas, NV 89121","2026/07/07",875,"2 Beds",NA
"6435 Grass Meadows Dr, Las Vegas, NV 89142","2026/07/07",1280,"1 Bed","Apartment"
"6435 Grass Meadows Dr, Las Vegas, NV 89142","2026/07/07",1560,"2 Beds","Apartment"
"6435 Grass Meadows Dr, Las Vegas, NV 89142","2026/07/07",1730,"3 Beds","Apartment"
"10750 El Camino Rd, Las Vegas, NV 89141","2026/07/07",1661,"1 Bed","Apartment"
"10750 El Camino Rd, Las Vegas, NV 89141","2026/07/07",1937,"2 Beds","Apartment"
"330 S 7th St, Las Vegas, NV 89101","2026/07/07",820,"Studio","Apartment"
"330 S 7th St, Las Vegas, NV 89101","2026/07/07",1300,"1 Bed","Apartment"
"330 S 7th St, Las Vegas, NV 89101","2026/07/07",1350,"2 Beds","Apartment"
"344 E Desert Inn Rd, Las Vegas, NV 89109","2026/07/07",329,"1 Bed","Apartment"
"344 E Desert Inn Rd, Las Vegas, NV 89109","2026/07/07",2108,"2 Beds","Apartment"
"122 N Jessup Rd, Henderson, NV 89074","2026/07/07",1534,"1 Bed","Apartment"
"122 N Jessup Rd, Henderson, NV 89074","2026/07/07",1554,"2 Beds","Apartment"
"122 N Jessup Rd, Henderson, NV 89074","2026/07/07",2084,"3 Beds","Apartment"
"3949 W Alexander Rd, North Las Vegas, NV 89032","2026/07/07",1249,"Studio","Apartment"
"3949 W Alexander Rd, North Las Vegas, NV 89032","2026/07/07",1440,"1 Bed","Apartment"
"3949 W Alexander Rd, North Las Vegas, NV 89032","2026/07/07",1624,"2 Beds","Apartment"
"111 S Gibson Rd, Henderson, NV 89012","2026/07/07",1382,"1 Bed","Apartment"
"111 S Gibson Rd, Henderson, NV 89012","2026/07/07",1821,"2 Beds","Apartment"
"1250 Wigwam Pky, Henderson, NV 89074","2026/07/07",1518,"Studio","Apartment"
"1250 Wigwam Pky, Henderson, NV 89074","2026/07/07",1443,"1 Bed","Apartment"
"1250 Wigwam Pky, Henderson, NV 89074","2026/07/07",1517,"2 Beds","Apartment"
"2120 Ramrod Ave, Henderson, NV 89014","2026/07/07",1255,"1 Bed","Apartment"
"2120 Ramrod Ave, Henderson, NV 89014","2026/07/07",1500,"2 Beds","Apartment"
"2120 Ramrod Ave, Henderson, NV 89014","2026/07/07",1800,"3 Beds","Apartment"
"231 N 11th St, Las Vegas, NV 89101","2026/07/07",1256,"3 Beds",NA
"5450 S Fort Apache Rd, Las Vegas, NV 89148","2026/07/07",1743,"1 Bed","Apartment"
"5450 S Fort Apache Rd, Las Vegas, NV 89148","2026/07/07",1968,"2 Beds","Apartment"
"3120 Wynn Rd, Las Vegas, NV 89102","2026/07/07",1100,"1 Bed","Apartment"
"3120 Wynn Rd, Las Vegas, NV 89102","2026/07/07",1200,"2 Beds","Apartment"
"3355 Arville St, Las Vegas, NV 89102","2026/07/07",1300,"2 Beds",NA
"4255 Channel 10 Dr, Las Vegas, NV 89119","2026/07/07",1214,"1 Bed","Apartment"
"4255 Channel 10 Dr, Las Vegas, NV 89119","2026/07/07",1131,"2 Beds","Apartment"
"4255 Channel 10 Dr, Las Vegas, NV 89119","2026/07/07",1607,"3 Beds","Apartment"
"3501 S Maryland Pky, Las Vegas, NV 89169","2026/07/07",1287,"1 Bed","Apartment"
"3501 S Maryland Pky, Las Vegas, NV 89169","2026/07/07",1428,"2 Beds","Apartment"
"3501 S Maryland Pky, Las Vegas, NV 89169","2026/07/07",1782,"3 Beds","Apartment"
"8180 S Rainbow Blvd, Las Vegas, NV 89139","2026/07/07",1460,"Studio","Apartment"
"8180 S Rainbow Blvd, Las Vegas, NV 89139","2026/07/07",1460,"1 Bed","Apartment"
"8180 S Rainbow Blvd, Las Vegas, NV 89139","2026/07/07",1746,"2 Beds","Apartment"
"1536 N 22nd St, Las Vegas, NV 89101","2026/07/07",1195,"2 Beds",NA
"4801 Harrison Dr, Las Vegas, NV 89121","2026/07/07",890,"Studio","Apartment"
"4801 Harrison Dr, Las Vegas, NV 89121","2026/07/07",990,"1 Bed","Apartment"
"4801 Harrison Dr, Las Vegas, NV 89121","2026/07/07",1235,"2 Beds+","Apartment"
"7227 W Windmill Ln, Las Vegas, NV 89113","2026/07/07",1656,"1 Bed","Apartment"
"7227 W Windmill Ln, Las Vegas, NV 89113","2026/07/07",1738,"2 Beds","Apartment"
"4000 E Bonanza Rd, Las Vegas, NV 89110","2026/07/07",1474,"1 Bed","Apartment"
"4000 E Bonanza Rd, Las Vegas, NV 89110","2026/07/07",1576,"2 Beds","Apartment"
"5250 Stewart Ave, Las Vegas, NV 89110","2026/07/07",1188,"1 Bed","Apartment"
"5250 Stewart Ave, Las Vegas, NV 89110","2026/07/07",1392,"2 Beds","Apartment"
"5250 Stewart Ave, Las Vegas, NV 89110","2026/07/07",1952,"3 Beds","Apartment"
"5280 W Hacienda Ave, Las Vegas, NV 89118","2026/07/07",1370,"1 Bed","Apartment"
"5280 W Hacienda Ave, Las Vegas, NV 89118","2026/07/07",1595,"2 Beds","Apartment"
"5280 W Hacienda Ave, Las Vegas, NV 89118","2026/07/07",1966,"3 Beds","Apartment"
NA,NA,NA,NA,NA
"1101 Dumont Blvd, Las Vegas, NV 89169","2026/07/07",860,"Studio","Apartment"
"1101 Dumont Blvd, Las Vegas, NV 89169","2026/07/07",955,"1 Bed","Apartment"
"7855 Deer Springs Way, Las Vegas, NV 89131","2026/07/07",1611,"1 Bed","Apartment"
"7855 Deer Springs Way, Las Vegas, NV 89131","2026/07/07",1739,"2 Beds","Apartment"
"7855 Deer Springs Way, Las Vegas, NV 89131","2026/07/07",2112,"3 Beds","Apartment"
"375 E Starr Ave, Las Vegas, NV 89183","2026/07/07",1542,"1 Bed","Apartment"
"375 E Starr Ave, Las Vegas, NV 89183","2026/07/07",1749,"2 Beds","Apartment"
"6767 W Windmill Ln, Las Vegas, NV 89139","2026/07/07",1415,"1 Bed","Apartment"
"6767 W Windmill Ln, Las Vegas, NV 89139","2026/07/07",1623,"2 Beds","Apartment"
"2950 S Decatur Blvd, Las Vegas, NV 89102","2026/07/07",1052,"Studio","Apartment"
"2950 S Decatur Blvd, Las Vegas, NV 89102","2026/07/07",1234,"1 Bed","Apartment"
"2950 S Decatur Blvd, Las Vegas, NV 89102","2026/07/07",1514,"2 Beds","Apartment"
"5400 W Cheyenne Ave, Las Vegas, NV 89108","2026/07/07",1257,"1 Bed","Apartment"
"5400 W Cheyenne Ave, Las Vegas, NV 89108","2026/07/07",1372,"2 Beds","Apartment"
"3555 Stober Blvd, Las Vegas, NV 89103","2026/07/07",1115,"1 Bed","Apartment"
"3555 Stober Blvd, Las Vegas, NV 89103","2026/07/07",1300,"2 Beds","Apartment"
NA,NA,NA,NA,NA
"522 N Lamb Blvd, Las Vegas, NV 89110","2026/07/07",1038,"1 Bed","Apartment"
"522 N Lamb Blvd, Las Vegas, NV 89110","2026/07/07",1300,"2 Beds","Apartment"
"522 N Lamb Blvd, Las Vegas, NV 89110","2026/07/07",1452,"3 Beds","Apartment"
"98 S Martin L King Blvd, Las Vegas, NV 89106","2026/07/07",965,"Studio","Apartment"
"98 S Martin L King Blvd, Las Vegas, NV 89106","2026/07/07",1060,"1 Bed","Apartment"
"98 S Martin L King Blvd, Las Vegas, NV 89106","2026/07/07",1073,"2 Beds+","Apartment"
"5870 W Harmon Ave, Las Vegas, NV 89103","2026/07/07",1347,"1 Bed","Apartment"
"5870 W Harmon Ave, Las Vegas, NV 89103","2026/07/07",1664,"2 Beds","Apartment"
"8975 W Warm Springs Rd, Las Vegas, NV 89148","2026/07/07",1529,"1 Bed","Apartment"
"8975 W Warm Springs Rd, Las Vegas, NV 89148","2026/07/07",1704,"2 Beds","Apartment"
"8975 W Warm Springs Rd, Las Vegas, NV 89148","2026/07/07",2017,"3 Beds","Apartment"
"1200 Redwood St, Las Vegas, NV 89146","2026/07/07",1005,"1 Bed","Apartment"
"1200 Redwood St, Las Vegas, NV 89146","2026/07/07",1115,"2 Beds","Apartment"
"3240 W Harmon Ave, Las Vegas, NV 89103","2026/07/07",1880,"1 Bed","Apartment"
"3240 W Harmon Ave, Las Vegas, NV 89103","2026/07/07",2650,"2 Beds","Apartment"
"3240 W Harmon Ave, Las Vegas, NV 89103","2026/07/07",3100,"3 Beds","Apartment"
"5055 S Lindell Rd, Las Vegas, NV 89118","2026/07/07",1311,"Studio","Apartment"
"5055 S Lindell Rd, Las Vegas, NV 89118","2026/07/07",1397,"1 Bed","Apartment"
"5055 S Lindell Rd, Las Vegas, NV 89118","2026/07/07",1519,"2 Beds","Apartment"
"8530 W Sahara Ave, Las Vegas, NV 89117","2026/07/07",1297,"1 Bed","Apartment"
"8530 W Sahara Ave, Las Vegas, NV 89117","2026/07/07",1501,"2 Beds","Apartment"
NA,NA,NA,NA,NA
"4200 N Tenaya Way, Las Vegas, NV 89129","2026/07/07",1187,"1 Bed","Apartment"
"4200 N Tenaya Way, Las Vegas, NV 89129","2026/07/07",1425,"2 Beds","Apartment"
"9235 W Russell Rd, Las Vegas, NV 89148","2026/07/07",1835,"Studio","Apartment"
"9235 W Russell Rd, Las Vegas, NV 89148","2026/07/07",2020,"1 Bed","Apartment"
"9235 W Russell Rd, Las Vegas, NV 89148","2026/07/07",2830,"2 Beds","Apartment"
"401 N 28th St, Las Vegas, NV 89101","2026/07/07",950,"1 Bed","Apartment"
"401 N 28th St, Las Vegas, NV 89101","2026/07/07",1050,"2 Beds","Apartment"
"401 N 28th St, Las Vegas, NV 89101","2026/07/07",1425,"3 Beds","Apartment"
"230 N 11th St, Las Vegas, NV 89101","2026/07/07",999,"3 Beds",NA
"10200 Giles Rd, Las Vegas, NV 89183","2026/07/07",1259,"1 Bed","Apartment"
"10200 Giles Rd, Las Vegas, NV 89183","2026/07/07",1691,"2 Beds","Apartment"
"10200 Giles Rd, Las Vegas, NV 89183","2026/07/07",1897,"3 Beds","Apartment"
"4020 Arville St, Las Vegas, NV 89103","2026/07/07",1085,"1 Bed","Apartment"
"4020 Arville St, Las Vegas, NV 89103","2026/07/07",1210,"2 Beds","Apartment"
"5540 W Harmon Ave, Las Vegas, NV 89103","2026/07/07",1410,"1 Bed","Apartment"
"5540 W Harmon Ave, Las Vegas, NV 89103","2026/07/07",1450,"2 Beds","Apartment"
"5540 W Harmon Ave, Las Vegas, NV 89103","2026/07/07",1614,"3 Beds","Apartment"
NA,NA,NA,NA,NA
"6650 W Warm Springs Rd, Las Vegas, NV 89118","2026/07/07",1325,"1 Bed","Apartment"
"6650 W Warm Springs Rd, Las Vegas, NV 89118","2026/07/07",1575,"2 Beds","Apartment"
"7101 Smoke Ranch Rd, Las Vegas, NV 89128","2026/07/07",1317,"1 Bed","Apartment"
"7101 Smoke Ranch Rd, Las Vegas, NV 89128","2026/07/07",1549,"2 Beds","Apartment"
"7101 Smoke Ranch Rd, Las Vegas, NV 89128","2026/07/07",1749,"3 Beds","Apartment"
"1830 N Pecos Rd, Las Vegas, NV 89115","2026/07/07",1089,"1 Bed","Apartment"
"1830 N Pecos Rd, Las Vegas, NV 89115","2026/07/07",1432,"2 Beds","Apartment"
"6360 E Sahara Ave, Las Vegas, NV 89142","2026/07/07",1355,"1 Bed","Apartment"
"6360 E Sahara Ave, Las Vegas, NV 89142","2026/07/07",1460,"2 Beds","Apartment"
"6360 E Sahara Ave, Las Vegas, NV 89142","2026/07/07",1839,"3 Beds","Apartment"
"8960 Post Rd, Las Vegas, NV 89148","2026/07/07",1515,"1 Bed","Apartment"
"8960 Post Rd, Las Vegas, NV 89148","2026/07/07",1673,"2 Beds","Apartment"
"2201 N Buffalo Dr, Las Vegas, NV 89128","2026/07/07",1410,"1 Bed","Apartment"
"2201 N Buffalo Dr, Las Vegas, NV 89128","2026/07/07",1475,"2 Beds","Apartment"
"2201 N Buffalo Dr, Las Vegas, NV 89128","2026/07/07",1835,"3 Beds","Apartment"
"711 E Carson Ave, Las Vegas, NV 89101","2026/07/07",8856,"3 Beds",NA
"5155 S Torrey Pines Dr, Las Vegas, NV 89118","2026/07/07",1299,"1 Bed","Apartment"
"5155 S Torrey Pines Dr, Las Vegas, NV 89118","2026/07/07",1649,"2 Beds","Apartment"
"3890 Cambridge St, Las Vegas, NV 89119","2026/07/07",8496,"2 Beds",NA
"8777 W Maule Ave, Las Vegas, NV 89148","2026/07/07",1515,"1 Bed","Apartment"
"8777 W Maule Ave, Las Vegas, NV 89148","2026/07/07",1740,"2 Beds","Apartment"
"7688 Blue Diamond Rd, Las Vegas, NV 89178","2026/07/07",1324,"1 Bed","Apartment"
"7688 Blue Diamond Rd, Las Vegas, NV 89178","2026/07/07",1594,"2 Beds","Apartment"
"9436-9450 W Hacienda Ave, Las Vegas, NV 89148","2026/07/07",1452,"1 Bed","Apartment"
"9436-9450 W Hacienda Ave, Las Vegas, NV 89148","2026/07/07",1719,"2 Beds","Apartment"
"2375 Spruce Goose St, Las Vegas, NV 89135","2026/07/07",1798,"1 Bed","Apartment"
"2375 Spruce Goose St, Las Vegas, NV 89135","2026/07/07",1945,"2 Beds","Apartment"
"9145 Echelon Point Dr, Las Vegas, NV 89149","2026/07/07",1507,"1 Bed","Apartment"
"9145 Echelon Point Dr, Las Vegas, NV 89149","2026/07/07",1574,"2 Beds","Apartment"
"9145 Echelon Point Dr, Las Vegas, NV 89149","2026/07/07",2083,"3 Beds","Apartment"
"2675 S Nellis Blvd, Las Vegas, NV 89121","2026/07/07",1126,"1 Bed","Apartment"
"2675 S Nellis Blvd, Las Vegas, NV 89121","2026/07/07",1202,"2 Beds","Apartment"
"110 S Bruce St, Las Vegas, NV 89101","2026/07/07",800,"2 Beds",NA
"5316 Danville Ln, Las Vegas, NV 89119","2026/07/07",1203,"1 Bed","Apartment"
"5316 Danville Ln, Las Vegas, NV 89119","2026/07/07",1412,"2 Beds","Apartment"
"1700 Alta Dr, Las Vegas, NV 89106","2026/07/07",1203,"1 Bed","Apartment"
"1700 Alta Dr, Las Vegas, NV 89106","2026/07/07",1459,"2 Beds","Apartment"
"4441 Escondido St, Las Vegas, NV 89119","2026/07/07",975,"1 Bed","Apartment"
"4441 Escondido St, Las Vegas, NV 89119","2026/07/07",1075,"2 Beds","Apartment"
"9599 W Charleston Blvd, Las Vegas, NV 89117","2026/07/07",1659,"1 Bed","Apartment"
"9599 W Charleston Blvd, Las Vegas, NV 89117","2026/07/07",1477,"2 Beds","Apartment"
"9599 W Charleston Blvd, Las Vegas, NV 89117","2026/07/07",1936,"3 Beds","Apartment"
"2895 E Charleston Blvd, Las Vegas, NV 89104","2026/07/07",1213,"1 Bed","Apartment"
"2895 E Charleston Blvd, Las Vegas, NV 89104","2026/07/07",1447,"3 Beds","Apartment"
"4201 S Decatur Blvd, Las Vegas, NV 89103","2026/07/07",1105,"1 Bed","Apartment"
"4201 S Decatur Blvd, Las Vegas, NV 89103","2026/07/07",1223,"2 Beds","Apartment"
"1600 Queen Victoria St, Las Vegas, NV 89144","2026/07/07",1645,"1 Bed","Apartment"
"1600 Queen Victoria St, Las Vegas, NV 89144","2026/07/07",1745,"2 Beds","Apartment"
"4051 W Viking Rd, Las Vegas, NV 89103","2026/07/07",1073,"1 Bed","Apartment"
"4051 W Viking Rd, Las Vegas, NV 89103","2026/07/07",1236,"2 Beds","Apartment"
"6500 W Charleston Blvd, Las Vegas, NV 89146","2026/07/07",1065,"1 Bed","Apartment"
"6500 W Charleston Blvd, Las Vegas, NV 89146","2026/07/07",1245,"2 Beds","Apartment"
"6500 W Charleston Blvd, Las Vegas, NV 89146","2026/07/07",1560,"3 Beds","Apartment"
"2601 S Grand Canyon Dr, Las Vegas, NV 89117","2026/07/07",1361,"1 Bed","Apartment"
"2601 S Grand Canyon Dr, Las Vegas, NV 89117","2026/07/07",1374,"2 Beds","Apartment"
"9999 W Katie Ave, Las Vegas, NV 89147","2026/07/07",1745,"1 Bed","Apartment"
"9999 W Katie Ave, Las Vegas, NV 89147","2026/07/07",1840,"2 Beds","Apartment"
"9999 W Katie Ave, Las Vegas, NV 89147","2026/07/07",2275,"3 Beds","Apartment"
"3875 Cambridge St, Las Vegas, NV 89119","2026/07/07",945,"1 Bed","Apartment"
"3875 Cambridge St, Las Vegas, NV 89119","2026/07/07",1355,"2 Beds","Apartment"
"3875 Cambridge St, Las Vegas, NV 89119","2026/07/07",1730,"3 Beds","Apartment"
"3896 University Center Dr, Las Vegas, NV 89119","2026/07/07",1137,"2 Beds","Apartment"
"3896 University Center Dr, Las Vegas, NV 89119","2026/07/07",1685,"3 Beds","Apartment"
"3896 University Center Dr, Las Vegas, NV 89119","2026/07/07",1815,"4 Beds","Apartment"
"2555 N Rancho Dr, Las Vegas, NV 89130","2026/07/07",1369,"Studio","Apartment"
"2555 N Rancho Dr, Las Vegas, NV 89130","2026/07/07",1465,"1 Bed","Apartment"
"2555 N Rancho Dr, Las Vegas, NV 89130","2026/07/07",1460,"2 Beds+","Apartment"
"4485 Pennwood Ave, Las Vegas, NV 89102","2026/07/07",1142,"1 Bed","Apartment"
"4485 Pennwood Ave, Las Vegas, NV 89102","2026/07/07",1369,"2 Beds","Apartment"
"4485 Pennwood Ave, Las Vegas, NV 89102","2026/07/07",1585,"3 Beds+","Apartment"
"5400 S Maryland Pky, Las Vegas, NV 89119","2026/07/07",990,"1 Bed","Apartment"
"5400 S Maryland Pky, Las Vegas, NV 89119","2026/07/07",1125,"2 Beds","Apartment"
"5050 S Duneville St, Las Vegas, NV 89118","2026/07/07",1217,"1 Bed","Apartment"
"5050 S Duneville St, Las Vegas, NV 89118","2026/07/07",1287,"2 Beds","Apartment"
"6540 W Arby Ave, Las Vegas, NV 89118","2026/07/07",1147,"1 Bed","Apartment"
"6540 W Arby Ave, Las Vegas, NV 89118","2026/07/07",1377,"2 Beds","Apartment"
"4855 Vegas Valley Dr, Las Vegas, NV 89121","2026/07/07",1022,"1 Bed","Apartment"
"4855 Vegas Valley Dr, Las Vegas, NV 89121","2026/07/07",1146,"2 Beds","Apartment"
"4855 Vegas Valley Dr, Las Vegas, NV 89121","2026/07/07",1531,"3 Beds","Apartment"
"3651 S Arville St, Las Vegas, NV 89103","2026/07/07",850,"Studio","Apartment"
"3651 S Arville St, Las Vegas, NV 89103","2026/07/07",975,"1 Bed","Apartment"
"3651 S Arville St, Las Vegas, NV 89103","2026/07/07",1300,"2 Beds","Apartment"
"2192 S Nellis Blvd, Las Vegas, NV 89104","2026/07/07",956,"1 Bed","Apartment"
"2192 S Nellis Blvd, Las Vegas, NV 89104","2026/07/07",918,"2 Beds","Apartment"
"4400 S Jones Blvd, Las Vegas, NV 89103","2026/07/07",1235,"1 Bed","Apartment"
"4400 S Jones Blvd, Las Vegas, NV 89103","2026/07/07",1450,"2 Beds","Apartment"
"4400 S Jones Blvd, Las Vegas, NV 89103","2026/07/07",1775,"3 Beds","Apartment"
"7075 W Gowan Rd, Las Vegas, NV 89129","2026/07/07",1149,"1 Bed","Apartment"
"7075 W Gowan Rd, Las Vegas, NV 89129","2026/07/07",1342,"2 Beds","Apartment"
"4995 S Maryland Pky, Las Vegas, NV 89119","2026/07/07",899,"1 Bed","Apartment"
"4995 S Maryland Pky, Las Vegas, NV 89119","2026/07/07",1099,"2 Beds","Apartment"
"4995 S Maryland Pky, Las Vegas, NV 89119","2026/07/07",1486,"3 Beds","Apartment"
"549 Sierra Vista Dr, Las Vegas, NV 89169","2026/07/07",754,"Studio","Apartment"
"549 Sierra Vista Dr, Las Vegas, NV 89169","2026/07/07",854,"1 Bed","Apartment"
"901 Brush St, Las Vegas, NV 89107","2026/07/07",893,"1 Bed","Apartment"
"901 Brush St, Las Vegas, NV 89107","2026/07/07",1003,"2 Beds","Apartment"
"901 Brush St, Las Vegas, NV 89107","2026/07/07",1634,"3 Beds","Apartment"
"8600 N Grand Canyon Dr, Las Vegas, NV 89166","2026/07/07",1607,"1 Bed","Apartment"
"8600 N Grand Canyon Dr, Las Vegas, NV 89166","2026/07/07",1945,"2 Beds","Apartment"
"1600 E Rochelle Ave, Las Vegas, NV 89119","2026/07/07",895,"1 Bed","Apartment"
"1600 E Rochelle Ave, Las Vegas, NV 89119","2026/07/07",1240,"2 Beds","Apartment"
"1600 E Rochelle Ave, Las Vegas, NV 89119","2026/07/07",1550,"3 Beds","Apartment"
"2675 W Agate Ave, Las Vegas, NV 89123","2026/07/07",956,"1 Bed","Apartment"
"2675 W Agate Ave, Las Vegas, NV 89123","2026/07/07",1147,"2 Beds","Apartment"
"6460 E Russell Rd, Las Vegas, NV 89122","2026/07/07",1147,"1 Bed","Apartment"
"6460 E Russell Rd, Las Vegas, NV 89122","2026/07/07",918,"2 Beds","Apartment"
"1270 Burnham Ave, Las Vegas, NV 89104","2026/07/07",915,"1 Bed","Apartment"
"1270 Burnham Ave, Las Vegas, NV 89104","2026/07/07",1190,"2 Beds","Apartment"
"2165 E Rochelle Ave, Las Vegas, NV 89119","2026/07/07",1085,"1 Bed","Apartment"
"2165 E Rochelle Ave, Las Vegas, NV 89119","2026/07/07",1080,"2 Beds","Apartment"
"2165 E Rochelle Ave, Las Vegas, NV 89119","2026/07/07",1580,"3 Beds","Apartment"
"4255 W Viking Rd, Las Vegas, NV 89103","2026/07/07",1073,"Studio","Apartment"
"4255 W Viking Rd, Las Vegas, NV 89103","2026/07/07",899,"1 Bed","Apartment"
"4255 W Viking Rd, Las Vegas, NV 89103","2026/07/07",972,"2 Beds+","Apartment"
"3070 S Nellis Blvd, Las Vegas, NV 89121","2026/07/07",920,"1 Bed","Apartment"
"3070 S Nellis Blvd, Las Vegas, NV 89121","2026/07/07",1015,"2 Beds","Apartment"
"3070 S Nellis Blvd, Las Vegas, NV 89121","2026/07/07",1415,"3 Beds","Apartment"
"4850 W Rome Blvd, Las Vegas, NV 89131","2026/07/07",874,"Studio","Apartment"
"4850 W Rome Blvd, Las Vegas, NV 89131","2026/07/07",1128,"1 Bed","Apartment"
"4850 W Rome Blvd, Las Vegas, NV 89131","2026/07/07",1124,"2 Beds","Apartment"
"4505 Paradise Rd, Las Vegas, NV 89169","2026/07/07",602,"Studio","Apartment"
"4505 Paradise Rd, Las Vegas, NV 89169","2026/07/07",830,"1 Bed","Apartment"
"3601 El Conlon Ave, Las Vegas, NV 89102","2026/07/07",363,"1 Bed",NA
"6655 S Fort Apache, Las Vegas, NV 89148","2026/07/07",1480,"1 Bed","Apartment"
"6655 S Fort Apache, Las Vegas, NV 89148","2026/07/07",1821,"2 Beds","Apartment"
"5055 E Charleston Blvd, Las Vegas, NV 89104","2026/07/07",997,"1 Bed","Apartment"
"5055 E Charleston Blvd, Las Vegas, NV 89104","2026/07/07",1105,"2 Beds","Apartment"
"5055 E Charleston Blvd, Las Vegas, NV 89104","2026/07/07",1504,"3 Beds","Apartment"
"321 N Decatur Blvd, Las Vegas, NV 89107","2026/07/07",1175,"3 Beds",NA
"5001 O'Bannon Dr, Las Vegas, NV 89146","2026/07/07",1250,"3 Beds",NA
"2950 Clifford St, Las Vegas, NV 89115","2026/07/07",900,"1 Bed","Apartment"
"2950 Clifford St, Las Vegas, NV 89115","2026/07/07",1095,"2 Beds","Apartment"
"9170 W Oquendo Rd, Las Vegas, NV 89148","2026/07/07",1450,"1 Bed","Apartment"
"9170 W Oquendo Rd, Las Vegas, NV 89148","2026/07/07",2039,"2 Beds","Apartment"
"4640 Vegas Valley Dr, Las Vegas, NV 89121","2026/07/07",1095,"1 Bed","Apartment"
"4640 Vegas Valley Dr, Las Vegas, NV 89121","2026/07/07",1250,"2 Beds","Apartment"
"4640 Vegas Valley Dr, Las Vegas, NV 89121","2026/07/07",1495,"3 Beds","Apartment"
"5101 E Twain Ave, Las Vegas, NV 89122","2026/07/07",890,"1 Bed","Apartment"
"5101 E Twain Ave, Las Vegas, NV 89122","2026/07/07",1150,"2 Beds","Apartment"
"2068 N Nellis Blvd, Las Vegas, NV 89115","2026/07/07",1050,"1 Bed","Apartment"
"2068 N Nellis Blvd, Las Vegas, NV 89115","2026/07/07",1300,"2 Beds","Apartment"
"624 Stewart Ave, Las Vegas, NV 89101","2026/07/07",750,"2 Beds",NA
"3000 S Sandhill Rd, Las Vegas, NV 89121","2026/07/07",995,"1 Bed","Apartment"
"3000 S Sandhill Rd, Las Vegas, NV 89121","2026/07/07",1095,"2 Beds","Apartment"
"4330 Las Vegas Blvd N, Las Vegas, NV 89115","2026/07/07",895,"Studio","Apartment"
"4330 Las Vegas Blvd N, Las Vegas, NV 89115","2026/07/07",995,"1 Bed","Apartment"
"4330 Las Vegas Blvd N, Las Vegas, NV 89115","2026/07/07",1095,"2 Beds","Apartment"
"3149 E Desert Inn Rd, Las Vegas, NV 89121","2026/07/07",1000,"1 Bed","Apartment"
"3149 E Desert Inn Rd, Las Vegas, NV 89121","2026/07/07",1125,"2 Beds","Apartment"
"3478 Paradise Rd, Las Vegas, NV 89169","2026/07/07",895,"1 Bed","Apartment"
"3478 Paradise Rd, Las Vegas, NV 89169","2026/07/07",1395,"2 Beds","Apartment"
"5100 E Tropicana Ave, Las Vegas, NV 89122","2026/07/07",1080,"1 Bed","Apartment"
"5100 E Tropicana Ave, Las Vegas, NV 89122","2026/07/07",1210,"2 Beds","Apartment"
"5100 E Tropicana Ave, Las Vegas, NV 89122","2026/07/07",1540,"3 Beds","Apartment"
"9655 Ensworth St, Las Vegas, NV 89123","2026/07/07",1050,"Studio","Apartment"
"9655 Ensworth St, Las Vegas, NV 89123","2026/07/07",1250,"1 Bed","Apartment"
"9655 Ensworth St, Las Vegas, NV 89123","2026/07/07",1550,"2 Beds","Apartment"
"4040 Boulder Hwy, Las Vegas, NV 89121","2026/07/07",995,"1 Bed","Apartment"
"4040 Boulder Hwy, Las Vegas, NV 89121","2026/07/07",1200,"2 Beds","Apartment"
"4040 Boulder Hwy, Las Vegas, NV 89121","2026/07/07",1450,"3 Beds","Apartment"
"939-969 E Flamingo Rd, Las Vegas, NV 89119","2026/07/07",1150,"1 Bed","Apartment"
"939-969 E Flamingo Rd, Las Vegas, NV 89119","2026/07/07",887,"2 Beds","Apartment"
"1101-1301 N Rainbow Blvd, Las Vegas, NV 89108","2026/07/07",1195,"1 Bed","Apartment"
"1101-1301 N Rainbow Blvd, Las Vegas, NV 89108","2026/07/07",1325,"2 Beds","Apartment"
"1101-1301 N Rainbow Blvd, Las Vegas, NV 89108","2026/07/07",1665,"3 Beds","Apartment"
"3050 N Jones Blvd, Las Vegas, NV 89108","2026/07/07",1117,"1 Bed","Apartment"
"3050 N Jones Blvd, Las Vegas, NV 89108","2026/07/07",1336,"2 Beds","Apartment"
"27 N 28th St, Las Vegas, NV 89101","2026/07/07",776,"2 Beds","Condo"
"2601 Sunrise Ave, Las Vegas, NV 89101","2026/07/07",1070,"1 Bed","Apartment"
"2601 Sunrise Ave, Las Vegas, NV 89101","2026/07/07",1280,"2 Beds","Apartment"
"2601 Sunrise Ave, Las Vegas, NV 89101","2026/07/07",1470,"3 Beds+","Apartment"
"1290 W Horizon Ridge Pkwy, Henderson, NV 89012","2026/07/07",1299,"1 Bed","Apartment"
"1290 W Horizon Ridge Pkwy, Henderson, NV 89012","2026/07/07",1534,"2 Beds","Apartment"
"1290 W Horizon Ridge Pkwy, Henderson, NV 89012","2026/07/07",1905,"3 Beds","Apartment"
"833 Aspen Peak Loop, Henderson, NV 89011","2026/07/07",1550,"3 Beds","Condo"
"1000 American Pacific Dr, Henderson, NV 89074","2026/07/07",1520,"1 Bed","Apartment"
"1000 American Pacific Dr, Henderson, NV 89074","2026/07/07",1648,"2 Beds","Apartment"
"1000 American Pacific Dr, Henderson, NV 89074","2026/07/07",1904,"3 Beds","Apartment"
"3305 E Rome Blvd, North Las Vegas, NV 89086","2026/07/07",1241,"1 Bed","Apartment"
"3305 E Rome Blvd, North Las Vegas, NV 89086","2026/07/07",1521,"2 Beds","Apartment"
"3305 E Rome Blvd, North Las Vegas, NV 89086","2026/07/07",2096,"3 Beds","Apartment"
"1250 American Pacific Dr, Henderson, NV 89074","2026/07/07",1635,"1 Bed","Apartment"
"1250 American Pacific Dr, Henderson, NV 89074","2026/07/07",1613,"2 Beds","Apartment"
"1250 American Pacific Dr, Henderson, NV 89074","2026/07/07",2129,"3 Beds","Apartment"
"7089 Aliante Pky, North Las Vegas, NV 89084","2026/07/07",1680,"1 Bed","Apartment"
"7089 Aliante Pky, North Las Vegas, NV 89084","2026/07/07",1815,"2 Beds","Apartment"
"1131 Wigwam Pkwy, Henderson, NV 89074","2026/07/07",1393,"1 Bed","Apartment"
"1131 Wigwam Pkwy, Henderson, NV 89074","2026/07/07",1458,"2 Beds","Apartment"
"1131 Wigwam Pkwy, Henderson, NV 89074","2026/07/07",1996,"3 Beds","Apartment"
"1050 Wellness Pl, Henderson, NV 89011","2026/07/07",1252,"Studio","Apartment"
"1050 Wellness Pl, Henderson, NV 89011","2026/07/07",1343,"1 Bed","Apartment"
"1050 Wellness Pl, Henderson, NV 89011","2026/07/07",1574,"2 Beds+","Apartment"
"2362 N Green Valley Pky, Henderson, NV 89014","2026/07/07",1221,"1 Bed","Apartment"
"2362 N Green Valley Pky, Henderson, NV 89014","2026/07/07",1445,"2 Beds","Apartment"
"2362 N Green Valley Pky, Henderson, NV 89014","2026/07/07",2107,"3 Beds","Apartment"
"2675 Windmill Pky, Henderson, NV 89074","2026/07/07",1699,"2 Beds","Apartment"
"2675 Windmill Pky, Henderson, NV 89074","2026/07/07",2291,"3 Beds","Apartment"
"3125 N Boulder Hwy, Henderson, NV 89011","2026/07/07",1700,"1 Bed","Apartment"
"3125 N Boulder Hwy, Henderson, NV 89011","2026/07/07",2014,"2 Beds","Apartment"
"3125 N Boulder Hwy, Henderson, NV 89011","2026/07/07",2590,"3 Beds","Apartment"
"1001 Las Palmas Entrada Ave, Henderson, NV 89012","2026/07/07",1134,"1 Bed","Apartment"
"1001 Las Palmas Entrada Ave, Henderson, NV 89012","2026/07/07",1360,"2 Beds","Apartment"
NA,NA,NA,NA,NA
"2655 W Lake Mead Blvd, North Las Vegas, NV 89032","2026/07/07",1125,"1 Bed","Apartment"
"2655 W Lake Mead Blvd, North Las Vegas, NV 89032","2026/07/07",1345,"2 Beds","Apartment"
"10550 W Alexander Rd Unit 2081, Las Vegas, NV 89129","2026/07/07",1450,"1 Bed, 1 Bath, 875 sq ft","Condo"
NA,NA,NA,NA,NA
"1859 La Vante Ave, Las Vegas, NV 89169","2026/07/07",2115,"3 Beds, 2 Baths, 1,481 sq ft","Condo"
"2627 S Lamb Blvd, Las Vegas, NV 89121","2026/07/07",1549,"3 Beds, 2 Baths, 1,481 sq ft","Condo"
"2627 S Lamb Blvd, Las Vegas, NV 89121","2026/07/07",1449,"3 Beds, 2 Baths, 1,481 sq ft","Condo"
"2627 S Lamb Blvd, Las Vegas, NV 89121","2026/07/07",1349,"3 Beds, 2 Baths, 1,481 sq ft","Condo"
"2627 S Lamb Blvd, Las Vegas, NV 89121","2026/07/07",1399,"3 Beds, 2 Baths, 1,481 sq ft","Condo"
"3601 E Wyoming Ave, Las Vegas, NV 89104","2026/07/07",1399,"3 Beds, 2 Baths, 1,481 sq ft","Condo"
NA,NA,NA,NA,NA
NA,NA,NA,NA,NA
"203 Shoshone Ln, Henderson, NV 89015","2026/07/07",1800,"2 Beds, 2 Baths, 1,500 sq ft","Condo"
NA,NA,NA,NA,NA
"1760 N Decatur Blvd, Las Vegas, NV 89108","2026/07/07",1125,"Decatur Point","Condo"
"3055 S Nellis Blvd, Las Vegas, NV 89121","2026/07/07",1201,"1 Bed","Apartment"
"3055 S Nellis Blvd, Las Vegas, NV 89121","2026/07/07",1315,"2 Beds","Apartment"
"2775 E Fremont St, Las Vegas, NV 89104","2026/07/07",850,"1 Bed","Apartment"
"2775 E Fremont St, Las Vegas, NV 89104","2026/07/07",1050,"2 Beds","Apartment"
"5150 Duke Ellington Way, Las Vegas, NV 89119","2026/07/07",1700,"1 Bed","Apartment"
"5150 Duke Ellington Way, Las Vegas, NV 89119","2026/07/07",1805,"2 Beds","Apartment"
"5150 Duke Ellington Way, Las Vegas, NV 89119","2026/07/07",2685,"3 Beds","Apartment"
"1201 S 3rd St, Las Vegas, NV 89104","2026/07/07",1820,"Unit 449 at Gemma","House"
"5950 S Pecos Rd, Las Vegas, NV 89120","2026/07/07",1112,"1 Bed","Apartment"
"5950 S Pecos Rd, Las Vegas, NV 89120","2026/07/07",1330,"2 Beds","Apartment"
"4800 E Tropicana Ave, Las Vegas, NV 89121","2026/07/07",1030,"1 Bed","Apartment"
"4800 E Tropicana Ave, Las Vegas, NV 89121","2026/07/07",1180,"2 Beds","Apartment"
"2151 Citrus Hills Ave, Las Vegas, NV 89106","2026/07/07",949,"1 Bed","Apartment"
"2151 Citrus Hills Ave, Las Vegas, NV 89106","2026/07/07",999,"2 Beds","Apartment"
"3370 St Rose Pky, Henderson, NV 89052","2026/07/07",1354,"1 Bed","Apartment"
"3370 St Rose Pky, Henderson, NV 89052","2026/07/07",1768,"2 Beds","Apartment"
"3370 St Rose Pky, Henderson, NV 89052","2026/07/07",1860,"3 Beds","Apartment"
"1834 Jefferson St, North Las Vegas, NV 89030","2026/07/07",1160,"1834 Jefferson St","House"
"2157 Carroll St, North Las Vegas, NV 89030","2026/07/07",1020,"2157 Carroll St","House"
"4299-4371 Sirius Ave, Las Vegas, NV 89102","2026/07/07",950,"1 Bed","Apartment"
"4299-4371 Sirius Ave, Las Vegas, NV 89102","2026/07/07",1175,"2 Beds","Apartment"
"8400 W Charleston Blvd, Las Vegas, NV 89117","2026/07/07",1299,"1 Bed","Apartment"
"8400 W Charleston Blvd, Las Vegas, NV 89117","2026/07/07",1550,"2 Beds","Apartment"
"4757-4785 Harrison Dr, Las Vegas, NV 89121","2026/07/07",990,"Azure Park","House"
NA,NA,NA,NA,NA
"217 S Maryland Pky, Las Vegas, NV 89101","2026/07/07",775,"Studio","Apartment"
"217 S Maryland Pky, Las Vegas, NV 89101","2026/07/07",875,"1 Bed","Apartment"
"5350 E Tropicana Ave, Las Vegas, NV 89122","2026/07/07",1003,"1 Bed","Apartment"
"5350 E Tropicana Ave, Las Vegas, NV 89122","2026/07/07",1303,"2 Beds","Apartment"
"1025 Sierra Vista Dr, Las Vegas, NV 89169","2026/07/07",8006,"Cambridge Vista","House"
"4815 Deckow Ln, Las Vegas, NV 89169","2026/07/07",1071,"Studio","Apartment"
"4815 Deckow Ln, Las Vegas, NV 89169","2026/07/07",1116,"1 Bed","Apartment"
"1155 E Flamingo Rd, Las Vegas, NV 89119","2026/07/07",900,"Studio","Apartment"
"1155 E Flamingo Rd, Las Vegas, NV 89119","2026/07/07",899,"1 Bed","Apartment"
NA,NA,NA,NA,NA
NA,NA,NA,NA,NA
"2121 N Jones Blvd, Las Vegas, NV 89108","2026/07/07",1062,"Studio","Apartment"
"2121 N Jones Blvd, Las Vegas, NV 89108","2026/07/07",1117,"1 Bed","Apartment"
"4075 University Center Dr, Las Vegas, NV 89119","2026/07/07",1759,"1 Bed","Apartment"
"4075 University Center Dr, Las Vegas, NV 89119","2026/07/07",2079,"2 Beds","Apartment"
"110 N 15th St, Las Vegas, NV 89101","2026/07/07",825,"Studio","Apartment"
"110 N 15th St, Las Vegas, NV 89101","2026/07/07",825,"1 Bed","Apartment"
"8855 W Arby Ave, Las Vegas, NV 89148","2026/07/07",1315,"2 Beds","Apartment"
"8855 W Arby Ave, Las Vegas, NV 89148","2026/07/07",1518,"3 Beds","Apartment"
"5292 S Maryland Pky, Las Vegas, NV 89119","2026/07/07",585,"Quail Ridge","House"
"501 S 10th St, Las Vegas, NV 89101","2026/07/07",944,"Stax Studios","House"
NA,NA,NA,NA,NA
"1363 Living Desert Dr, Las Vegas, NV 89119","2026/07/07",875,"Studio","Apartment"
"1363 Living Desert Dr, Las Vegas, NV 89119","2026/07/07",925,"1 Bed","Apartment"
"1363 Living Desert Dr, Las Vegas, NV 89119","2026/07/07",1550,"2 Beds+","Apartment"
"4846 S Jones Blvd, Las Vegas, NV 89103","2026/07/07",1299,"1 Bed","Apartment"
"4846 S Jones Blvd, Las Vegas, NV 89103","2026/07/07",1495,"2 Beds","Apartment"
"4846 S Jones Blvd, Las Vegas, NV 89103","2026/07/07",1999,"3 Beds","Apartment"
"525 E Bonanza Rd, Las Vegas, NV 89101","2026/07/07",900,"The Meadows","House"
"913 S 3rd St, Las Vegas, NV 89101","2026/07/07",1275,"Downtown Apartments","House"
"5300 E Craig Rd, Las Vegas, NV 89115","2026/07/07",900,"Patriot Suites","House"
"9700 W Sunset Rd, Las Vegas, NV 89148","2026/07/07",1323,"2 Beds","Apartment"
"9700 W Sunset Rd, Las Vegas, NV 89148","2026/07/07",1532,"3 Beds","Apartment"
"2815 W Ford Ave, Las Vegas, NV 89123","2026/07/07",1102,"1 Bed","Apartment"
"2815 W Ford Ave, Las Vegas, NV 89123","2026/07/07",1325,"2 Beds","Apartment"
"2815 W Ford Ave, Las Vegas, NV 89123","2026/07/07",1533,"3 Beds","Apartment"
NA,NA,NA,NA,NA
"3440 Lindell Rd, Las Vegas, NV 89146","2026/07/07",850,"1 Bed","Apartment"
"3440 Lindell Rd, Las Vegas, NV 89146","2026/07/07",950,"2 Beds","Apartment"
"2501 Wigwam Pky, Henderson, NV 89074","2026/07/07",1548,"1 Bed","Apartment"
"2501 Wigwam Pky, Henderson, NV 89074","2026/07/07",1668,"2 Beds","Apartment"
NA,NA,NA,NA,NA
"6551 McCarran St, North Las Vegas, NV 89086","2026/07/07",1105,"1 Bed","Apartment"
"6551 McCarran St, North Las Vegas, NV 89086","2026/07/07",1328,"2 Beds","Apartment"
"6551 McCarran St, North Las Vegas, NV 89086","2026/07/07",1538,"3 Beds","Apartment"
NA,NA,NA,NA,NA
NA,NA,NA,NA,NA
NA,NA,NA,NA,NA
NA,NA,NA,NA,NA
NA,NA,NA,NA,NA
NA,NA,NA,NA,NA
NA,NA,NA,NA,NA
NA,NA,NA,NA,NA
NA,NA,NA,NA,NA
NA,NA,NA,NA,NA
NA,NA,NA,NA,NA
NA,NA,NA,NA,NA
NA,NA,NA,NA,NA
NA,NA,NA,NA,NA
NA,NA,NA,NA,NA
NA,NA,NA,NA,NA
NA,NA,NA,NA,NA
NA,NA,NA,NA,NA
NA,NA,NA,NA,NA
NA,NA,NA,NA,NA
NA,NA,NA,NA,NA
NA,NA,NA,NA,NA
NA,NA,NA,NA,NA
NA,NA,NA,NA,NA
NA,NA,NA,NA,NA
NA,NA,NA,NA,NA
NA,NA,NA,NA,NA
NA,NA,NA,NA,NA
NA,NA,NA,NA,NA
NA,NA,NA,NA,NA
NA,NA,NA,NA,NA
NA,NA,NA,NA,NA
NA,NA,NA,NA,NA
NA,NA,NA,NA,NA
NA,NA,NA,NA,NA
NA,NA,NA,NA,NA
NA,NA,NA,NA,NA
NA,NA,NA,NA,NA
NA,NA,NA,NA,NA
NA,NA,NA,NA,NA
NA,NA,NA,NA,NA
NA,NA,NA,NA,NA
NA,NA,NA,NA,NA
NA,NA,NA,NA,NA
NA,NA,NA,NA,NA
NA,NA,NA,NA,NA
NA,NA,NA,NA,NA
NA,NA,NA,NA,NA
NA,NA,NA,NA,NA
NA,NA,NA,NA,NA
NA,NA,NA,NA,NA
NA,NA,NA,NA,NA
NA,NA,NA,NA,NA
NA,NA,NA,NA,NA
NA,NA,NA,NA,NA
NA,NA,NA,NA,NA
NA,NA,NA,NA,NA
NA,NA,NA,NA,NA
NA,NA,NA,NA,NA
NA,NA,NA,NA,NA
NA,NA,NA,NA,NA
NA,NA,NA,NA,NA
NA,NA,NA,NA,NA
NA,NA,NA,NA,NA
NA,NA,NA,NA,NA
NA,NA,NA,NA,NA
NA,NA,NA,NA,NA
NA,NA,NA,NA,NA
NA,NA,NA,NA,NA
NA,NA,NA,NA,NA
NA,NA,NA,NA,NA
NA,NA,NA,NA,NA
NA,NA,NA,NA,NA
NA,NA,NA,NA,NA
NA,NA,NA,NA,NA
NA,NA,NA,NA,NA
NA,NA,NA,NA,NA
NA,NA,NA,NA,NA
NA,NA,NA,NA,NA
NA,NA,NA,NA,NA
NA,NA,NA,NA,NA
NA,NA,NA,NA,NA
NA,NA,NA,NA,NA
NA,NA,NA,NA,NA
NA,NA,NA,NA,NA
"5016 Running Rapids Ave, Las Vegas, NV 89130","2026/07/07",1550,"2 Beds, 1 Bath, 950 sq ft","House"
NA,NA,NA,NA,NA
NA,NA,NA,NA,NA
NA,NA,NA,NA,NA
NA,NA,NA,NA,NA
NA,NA,NA,NA,NA
NA,NA,NA,NA,NA
"5134 S Jones Blvd, Las Vegas, NV 89118","2026/07/07",1250,"1 Bed","House"
"5547 High Wager Way, Las Vegas, NV 89122","2026/07/07",1900,"3 Beds","House"
"218 N 13th St, Las Vegas, NV 89101","2026/07/07",850,"1 Bed","House"
"853 N Bruce St, Las Vegas, NV 89101","2026/07/07",950,"1 Bed","House"
"5709 Avenida Silla, Las Vegas, NV 89108","2026/07/07",895,"1 Bed","House"
"9326 Pencil Cedar Ave, Las Vegas, NV 89149","2026/07/07",2050,"3 Beds","House"
"1520 S Casino Center Blvd, Las Vegas, NV 89104","2026/07/07",1350,"1 Bed","House"
NA,NA,NA,NA,NA
"1520 S Casino Center Blvd, Las Vegas, NV 89104","2026/07/07",1650,"3 Beds, 2 Baths, 1,218 sq ft","House"
