"Address","Date","Rent","Aprt_Type","Building_Type"
"123 W Imperial Ave, Las Vegas, NV 89102","2026/06/02",1500,"Studio","Apartment"
"123 W Imperial Ave, Las Vegas, NV 89102","2026/06/02",1700,"1 Bed","Apartment"
"123 W Imperial Ave, Las Vegas, NV 89102","2026/06/02",2775,"2 Beds+","Apartment"
"277 Promenade Pl, Las Vegas, NV 89106","2026/06/02",1872,"1 Bed","Apartment"
"277 Promenade Pl, Las Vegas, NV 89106","2026/06/02",3133,"2 Beds","Apartment"
"1201 S 3rd St, Las Vegas, NV 89104","2026/06/02",1690,"1 Bed","Apartment"
"1201 S 3rd St, Las Vegas, NV 89104","2026/06/02",2725,"2 Beds","Apartment"
"215-219 S Water St, Henderson, NV 89015","2026/06/02",1310,"Studio","Apartment"
"215-219 S Water St, Henderson, NV 89015","2026/06/02",1430,"1 Bed","Apartment"
"215-219 S Water St, Henderson, NV 89015","2026/06/02",2665,"2 Beds+","Apartment"
"3110 E Flamingo Rd, Las Vegas, NV 89121","2026/06/02",1110,"1 Bed","Apartment"
"3110 E Flamingo Rd, Las Vegas, NV 89121","2026/06/02",1365,"2 Beds","Apartment"
"9745 Grand Teton Dr, Las Vegas, NV 89166","2026/06/02",1360,"1 Bed","Apartment"
"9745 Grand Teton Dr, Las Vegas, NV 89166","2026/06/02",1460,"2 Beds","Apartment"
"9745 Grand Teton Dr, Las Vegas, NV 89166","2026/06/02",1745,"3 Beds","Apartment"
"4250 S Arville St, Las Vegas, NV 89103","2026/06/02",1193,"1 Bed","Apartment"
"4250 S Arville St, Las Vegas, NV 89103","2026/06/02",1333,"2 Beds","Apartment"
"4200 Paradise Rd, Las Vegas, NV 89169","2026/06/02",1199,"1 Bed","Apartment"
"4200 Paradise Rd, Las Vegas, NV 89169","2026/06/02",1495,"2 Beds","Apartment"
"6901 E Lake Mead Blvd, Las Vegas, NV 89156","2026/06/02",1297,"1 Bed","Apartment"
"6901 E Lake Mead Blvd, Las Vegas, NV 89156","2026/06/02",1415,"2 Beds","Apartment"
"6901 E Lake Mead Blvd, Las Vegas, NV 89156","2026/06/02",1834,"3 Beds","Apartment"
"3011 S Arville St, Las Vegas, NV 89102","2026/06/02",990,"2 Beds","Apartment"
"3011 S Arville St, Las Vegas, NV 89102","2026/06/02",1350,"3 Beds","Apartment"
"1500 Karen Ave, Las Vegas, NV 89109","2026/06/02",934,"1 Bed","Apartment"
"1500 Karen Ave, Las Vegas, NV 89109","2026/06/02",1090,"2 Beds","Apartment"
"6930 Paradise Rd, Las Vegas, NV 89119","2026/06/02",1139,"1 Bed","Apartment"
"6930 Paradise Rd, Las Vegas, NV 89119","2026/06/02",1350,"2 Beds","Apartment"
"511 E Sahara Ave, Las Vegas, NV 89104","2026/06/02",1395,"1 Bed","Apartment"
"511 E Sahara Ave, Las Vegas, NV 89104","2026/06/02",1350,"2 Beds","Apartment"
"1330 E Reno Ave, Las Vegas, NV 89119","2026/06/02",1299,"1 Bed","Apartment"
"1330 E Reno Ave, Las Vegas, NV 89119","2026/06/02",1356,"2 Beds","Apartment"
"5711 W Tropicana Ave, Las Vegas, NV 89103","2026/06/02",1387,"1 Bed","Apartment"
"5711 W Tropicana Ave, Las Vegas, NV 89103","2026/06/02",1392,"2 Beds","Apartment"
"5711 W Tropicana Ave, Las Vegas, NV 89103","2026/06/02",1472,"3 Beds","Apartment"
"3200 Mcleod Dr, Las Vegas, NV 89121","2026/06/02",1142,"1 Bed","Apartment"
"3200 Mcleod Dr, Las Vegas, NV 89121","2026/06/02",1418,"2 Beds","Apartment"
"4201 W Rochelle Ave, Las Vegas, NV 89103","2026/06/02",1160,"1 Bed","Apartment"
"4201 W Rochelle Ave, Las Vegas, NV 89103","2026/06/02",1425,"2 Beds","Apartment"
"4650 W Oakey Blvd, Las Vegas, NV 89102","2026/06/02",1064,"1 Bed","Apartment"
"4650 W Oakey Blvd, Las Vegas, NV 89102","2026/06/02",1364,"2 Beds","Apartment"
"3240 Las Vegas Blvd N, Las Vegas, NV 89115","2026/06/02",1226,"1 Bed","Apartment"
"3240 Las Vegas Blvd N, Las Vegas, NV 89115","2026/06/02",1419,"2 Beds","Apartment"
"3240 Las Vegas Blvd N, Las Vegas, NV 89115","2026/06/02",1587,"3 Beds+","Apartment"
"4870 Nellis Oasis Ln, Las Vegas, NV 89115","2026/06/02",985,"1 Bed","Apartment"
"4870 Nellis Oasis Ln, Las Vegas, NV 89115","2026/06/02",1160,"2 Beds","Apartment"
"4870 Nellis Oasis Ln, Las Vegas, NV 89115","2026/06/02",1370,"3 Beds","Apartment"
"12656 Southern Highlands Pky, Las Vegas, NV 89141","2026/06/02",1870,"Studio","Apartment"
"12656 Southern Highlands Pky, Las Vegas, NV 89141","2026/06/02",1965,"1 Bed","Apartment"
"12656 Southern Highlands Pky, Las Vegas, NV 89141","2026/06/02",1995,"2 Beds","Apartment"
"11055 Las Vegas Blvd S, Las Vegas, NV 89183","2026/06/02",1576,"1 Bed","Apartment"
"11055 Las Vegas Blvd S, Las Vegas, NV 89183","2026/06/02",1977,"2 Beds","Apartment"
"11055 Las Vegas Blvd S, Las Vegas, NV 89183","2026/06/02",2800,"3 Beds","Apartment"
"4350 Paradise Rd, Las Vegas, NV 89169","2026/06/02",845,"",NA
"8475 Michael Cherry Ave, Las Vegas, NV 89113","2026/06/02",2115,"Studio","Apartment"
"8475 Michael Cherry Ave, Las Vegas, NV 89113","2026/06/02",2265,"1 Bed","Apartment"
"8475 Michael Cherry Ave, Las Vegas, NV 89113","2026/06/02",2840,"2 Beds+","Apartment"
"8550 W Deer Springs Way, Las Vegas, NV 89149","2026/06/02",1869,"1 Bed","Apartment"
"8550 W Deer Springs Way, Las Vegas, NV 89149","2026/06/02",2179,"2 Beds","Apartment"
"8550 W Deer Springs Way, Las Vegas, NV 89149","2026/06/02",2769,"3 Beds","Apartment"
"5050 W Russell Rd, Las Vegas, NV 89118","2026/06/02",1739,"1 Bed","Apartment"
"5050 W Russell Rd, Las Vegas, NV 89118","2026/06/02",1718,"2 Beds","Apartment"
"8888 N Grand Canyon Dr, Las Vegas, NV 89166","2026/06/02",1555,"Studio","Apartment"
"8888 N Grand Canyon Dr, Las Vegas, NV 89166","2026/06/02",1640,"1 Bed","Apartment"
"8888 N Grand Canyon Dr, Las Vegas, NV 89166","2026/06/02",2099,"2 Beds+","Apartment"
"4000 W Silverado Ranch, Las Vegas, NV 89139","2026/06/02",1555,"1 Bed","Apartment"
"4000 W Silverado Ranch, Las Vegas, NV 89139","2026/06/02",1975,"2 Beds","Apartment"
"4000 W Silverado Ranch, Las Vegas, NV 89139","2026/06/02",2470,"3 Beds","Apartment"
"6650 S Sandhill Rd, Las Vegas, NV 89120","2026/06/02",1330,"1 Bed","Apartment"
"6650 S Sandhill Rd, Las Vegas, NV 89120","2026/06/02",1500,"2 Beds","Apartment"
"5800 W Charleston Blvd, Las Vegas, NV 89146","2026/06/02",1400,"1 Bed","Apartment"
"5800 W Charleston Blvd, Las Vegas, NV 89146","2026/06/02",1600,"2 Beds","Apartment"
"5800 W Charleston Blvd, Las Vegas, NV 89146","2026/06/02",1900,"3 Beds","Apartment"
"7401 W Washington Ave, Las Vegas, NV 89128","2026/06/02",1370,"1 Bed","Apartment"
"7401 W Washington Ave, Las Vegas, NV 89128","2026/06/02",1545,"2 Beds","Apartment"
"7401 W Washington Ave, Las Vegas, NV 89128","2026/06/02",1895,"3 Beds","Apartment"
"360 N Arroyo Grande Blvd, Henderson, NV 89014","2026/06/02",1361,"1 Bed","Apartment"
"360 N Arroyo Grande Blvd, Henderson, NV 89014","2026/06/02",1521,"2 Beds","Apartment"
"360 N Arroyo Grande Blvd, Henderson, NV 89014","2026/06/02",1551,"3 Beds","Apartment"
"2151 N Green Valley Pky, Henderson, NV 89074","2026/06/02",1359,"1 Bed","Apartment"
"2151 N Green Valley Pky, Henderson, NV 89074","2026/06/02",1499,"2 Beds","Apartment"
"2151 N Green Valley Pky, Henderson, NV 89074","2026/06/02",1839,"3 Beds","Apartment"
"2575 Horizon Ridge Pky, Henderson, NV 89052","2026/06/02",1398,"1 Bed","Apartment"
"2575 Horizon Ridge Pky, Henderson, NV 89052","2026/06/02",1598,"2 Beds","Apartment"
"650 Whitney Ranch Dr, Henderson, NV 89014","2026/06/02",1349,"1 Bed","Apartment"
"650 Whitney Ranch Dr, Henderson, NV 89014","2026/06/02",1374,"2 Beds","Apartment"
"650 Whitney Ranch Dr, Henderson, NV 89014","2026/06/02",1879,"3 Beds","Apartment"
"5880 Boulder Falls St, Henderson, NV 89011","2026/06/02",1242,"1 Bed","Apartment"
"5880 Boulder Falls St, Henderson, NV 89011","2026/06/02",1521,"2 Beds","Apartment"
"5880 Boulder Falls St, Henderson, NV 89011","2026/06/02",1698,"3 Beds","Apartment"
"1770 N Green Valley Pky, Henderson, NV 89074","2026/06/02",1279,"1 Bed","Apartment"
"1770 N Green Valley Pky, Henderson, NV 89074","2026/06/02",1574,"2 Beds","Apartment"
"6700 Hollywood Blvd, Henderson, NV 89011","2026/06/02",1438,"1 Bed","Apartment"
"6700 Hollywood Blvd, Henderson, NV 89011","2026/06/02",1808,"2 Beds","Apartment"
"6700 Hollywood Blvd, Henderson, NV 89011","2026/06/02",2279,"3 Beds","Apartment"
"1800 N Green Valley Pky, Henderson, NV 89074","2026/06/02",1395,"1 Bed","Apartment"
"1800 N Green Valley Pky, Henderson, NV 89074","2026/06/02",1478,"2 Beds","Apartment"
"100 Park Vista Dr, Las Vegas, NV 89138","2026/06/02",1942,"1 Bed","Apartment"
"100 Park Vista Dr, Las Vegas, NV 89138","2026/06/02",2054,"2 Beds","Apartment"
"100 Park Vista Dr, Las Vegas, NV 89138","2026/06/02",2515,"3 Beds","Apartment"
"2701 N Decatur Blvd, Las Vegas, NV 89108","2026/06/02",1308,"1 Bed","Apartment"
"2701 N Decatur Blvd, Las Vegas, NV 89108","2026/06/02",1558,"2 Beds","Apartment"
"2701 N Decatur Blvd, Las Vegas, NV 89108","2026/06/02",1778,"3 Beds","Apartment"
"4895 E Russell Rd, Las Vegas, NV 89120","2026/06/02",1421,"1 Bed","Apartment"
"4895 E Russell Rd, Las Vegas, NV 89120","2026/06/02",1595,"2 Beds","Apartment"
"725 S Hualapai Way, Las Vegas, NV 89145","2026/06/02",1770,"1 Bed","Apartment"
"725 S Hualapai Way, Las Vegas, NV 89145","2026/06/02",1909,"2 Beds","Apartment"
"725 S Hualapai Way, Las Vegas, NV 89145","2026/06/02",2251,"3 Beds","Apartment"
"4255 Tamarus St, Las Vegas, NV 89119","2026/06/02",940,"Studio","Apartment"
"4255 Tamarus St, Las Vegas, NV 89119","2026/06/02",1040,"1 Bed","Apartment"
"4255 Tamarus St, Las Vegas, NV 89119","2026/06/02",1240,"2 Beds","Apartment"
"4355 S Durango Dr, Las Vegas, NV 89147","2026/06/02",1245,"1 Bed","Apartment"
"4355 S Durango Dr, Las Vegas, NV 89147","2026/06/02",1440,"2 Beds","Apartment"
"4355 S Durango Dr, Las Vegas, NV 89147","2026/06/02",1880,"3 Beds","Apartment"
"8600 Starboard Dr, Las Vegas, NV 89117","2026/06/02",1194,"1 Bed","Apartment"
"8600 Starboard Dr, Las Vegas, NV 89117","2026/06/02",1252,"2 Beds","Apartment"
"8600 Starboard Dr, Las Vegas, NV 89117","2026/06/02",1723,"3 Beds","Apartment"
"1915 Simmons St, Las Vegas, NV 89106","2026/06/02",1259,"1 Bed","Apartment"
"1915 Simmons St, Las Vegas, NV 89106","2026/06/02",1372,"2 Beds","Apartment"
"1915 Simmons St, Las Vegas, NV 89106","2026/06/02",1582,"3 Beds","Apartment"
"8000 W Spring Mountain Rd, Las Vegas, NV 89117","2026/06/02",1417,"1 Bed","Apartment"
"8000 W Spring Mountain Rd, Las Vegas, NV 89117","2026/06/02",1449,"2 Beds","Apartment"
"8000 W Spring Mountain Rd, Las Vegas, NV 89117","2026/06/02",2258,"3 Beds","Apartment"
"8321 W Sahara Ave, Las Vegas, NV 89117","2026/06/02",1319,"1 Bed","Apartment"
"8321 W Sahara Ave, Las Vegas, NV 89117","2026/06/02",1484,"2 Beds","Apartment"
"2901 N Rainbow Blvd, Las Vegas, NV 89108","2026/06/02",1229,"1 Bed","Apartment"
"2901 N Rainbow Blvd, Las Vegas, NV 89108","2026/06/02",1333,"2 Beds","Apartment"
"8301 W Charleston Blvd, Las Vegas, NV 89117","2026/06/02",1266,"1 Bed","Apartment"
"8301 W Charleston Blvd, Las Vegas, NV 89117","2026/06/02",1542,"2 Beds","Apartment"
"8301 W Charleston Blvd, Las Vegas, NV 89117","2026/06/02",1820,"3 Beds","Apartment"
"5055 Jeffreys St, Las Vegas, NV 89119","2026/06/02",1169,"1 Bed","Apartment"
"5055 Jeffreys St, Las Vegas, NV 89119","2026/06/02",1371,"2 Beds","Apartment"
"3985 E Cheyenne Ave, Las Vegas, NV 89115","2026/06/02",1142,"1 Bed","Apartment"
"3985 E Cheyenne Ave, Las Vegas, NV 89115","2026/06/02",980,"2 Beds","Apartment"
"3985 E Cheyenne Ave, Las Vegas, NV 89115","2026/06/02",1402,"3 Beds","Apartment"
"3625 S Decatur Blvd, Las Vegas, NV 89103","2026/06/02",1319,"1 Bed","Apartment"
"3625 S Decatur Blvd, Las Vegas, NV 89103","2026/06/02",1701,"2 Beds","Apartment"
"10697 W Centennial Pky, Las Vegas, NV 89166","2026/06/02",1309,"1 Bed","Apartment"
"10697 W Centennial Pky, Las Vegas, NV 89166","2026/06/02",1642,"2 Beds","Apartment"
"9242 W Russell Rd, Las Vegas, NV 89148","2026/06/02",1560,"1 Bed","Apartment"
"9242 W Russell Rd, Las Vegas, NV 89148","2026/06/02",1650,"2 Beds","Apartment"
"10175 W Spring Mountain Rd, Las Vegas, NV 89117","2026/06/02",1459,"1 Bed","Apartment"
"10175 W Spring Mountain Rd, Las Vegas, NV 89117","2026/06/02",1640,"2 Beds","Apartment"
"10175 W Spring Mountain Rd, Las Vegas, NV 89117","2026/06/02",1769,"3 Beds","Apartment"
"5600 E Russell Rd, Las Vegas, NV 89122","2026/06/02",1471,"1 Bed","Apartment"
"5600 E Russell Rd, Las Vegas, NV 89122","2026/06/02",1628,"2 Beds","Apartment"
"5600 E Russell Rd, Las Vegas, NV 89122","2026/06/02",2572,"3 Beds","Apartment"
"10115 S Jeffreys St, Las Vegas, NV 89183","2026/06/02",1413,"1 Bed","Apartment"
"10115 S Jeffreys St, Las Vegas, NV 89183","2026/06/02",1564,"2 Beds","Apartment"
"10115 S Jeffreys St, Las Vegas, NV 89183","2026/06/02",1986,"3 Beds","Apartment"
"3779 Autzen Stadium Way, Las Vegas, NV 89115","2026/06/02",2291,"3 Beds","Apartment"
"3779 Autzen Stadium Way, Las Vegas, NV 89115","2026/06/02",2183,"4 Beds","Apartment"
"2750 W Wigwam Ave, las vegas, NV 89123","2026/06/02",1451,"1 Bed","Apartment"
"2750 W Wigwam Ave, las vegas, NV 89123","2026/06/02",1681,"2 Beds","Apartment"
"2750 W Wigwam Ave, las vegas, NV 89123","2026/06/02",2341,"3 Beds","Apartment"
"304 E Silverado Ranch Blvd, Las Vegas, NV 89183","2026/06/02",1371,"1 Bed","Apartment"
"304 E Silverado Ranch Blvd, Las Vegas, NV 89183","2026/06/02",1596,"2 Beds","Apartment"
"304 E Silverado Ranch Blvd, Las Vegas, NV 89183","2026/06/02",2138,"3 Beds","Apartment"
"4400 S Jones Blvd, Las Vegas, NV 89103","2026/06/02",1150,"1 Bed","Apartment"
"4400 S Jones Blvd, Las Vegas, NV 89103","2026/06/02",1200,"2 Beds","Apartment"
"4400 S Jones Blvd, Las Vegas, NV 89103","2026/06/02",1725,"3 Beds","Apartment"
"9025 W Desert Inn Rd, Las Vegas, NV 89117","2026/06/02",1331,"1 Bed","Apartment"
"9025 W Desert Inn Rd, Las Vegas, NV 89117","2026/06/02",1550,"2 Beds","Apartment"
"9100 W Flamingo Rd, Las Vegas, NV 89147","2026/06/02",1197,"1 Bed","Apartment"
"9100 W Flamingo Rd, Las Vegas, NV 89147","2026/06/02",1497,"2 Beds","Apartment"
"7413 W Russell Rd, Las Vegas, NV 89113","2026/06/02",1400,"1 Bed","Apartment"
"7413 W Russell Rd, Las Vegas, NV 89113","2026/06/02",1681,"2 Beds","Apartment"
"7413 W Russell Rd, Las Vegas, NV 89113","2026/06/02",2086,"3 Beds","Apartment"
"2051 N Torrey Pines Dr, Las Vegas, NV 89108","2026/06/02",1314,"1 Bed","Apartment"
"2051 N Torrey Pines Dr, Las Vegas, NV 89108","2026/06/02",1519,"2 Beds","Apartment"
"6275 Boulder Hwy, Las Vegas, NV 89122","2026/06/02",1381,"Studio","Apartment"
"6275 Boulder Hwy, Las Vegas, NV 89122","2026/06/02",1374,"1 Bed","Apartment"
"6275 Boulder Hwy, Las Vegas, NV 89122","2026/06/02",1597,"2 Beds+","Apartment"
"2500 N Rainbow Blvd, Las Vegas, NV 89108","2026/06/02",1262,"1 Bed","Apartment"
"2500 N Rainbow Blvd, Las Vegas, NV 89108","2026/06/02",1555,"2 Beds","Apartment"
"6575 W Tropicana Ave, Las Vegas, NV 89103","2026/06/02",1334,"1 Bed","Apartment"
"6575 W Tropicana Ave, Las Vegas, NV 89103","2026/06/02",1553,"2 Beds","Apartment"
"8600 Scholar Ln, Las Vegas, NV 89128","2026/06/02",1633,"1 Bed","Apartment"
"8600 Scholar Ln, Las Vegas, NV 89128","2026/06/02",1590,"2 Beds","Apartment"
"3225 S Pecos Rd, Las Vegas, NV 89121","2026/06/02",1032,"Studio","Apartment"
"3225 S Pecos Rd, Las Vegas, NV 89121","2026/06/02",1185,"1 Bed","Apartment"
"3225 S Pecos Rd, Las Vegas, NV 89121","2026/06/02",1294,"2 Beds","Apartment"
"4250 S Jones Blvd, Las Vegas, NV 89103","2026/06/02",1305,"1 Bed","Apartment"
"4250 S Jones Blvd, Las Vegas, NV 89103","2026/06/02",1550,"2 Beds","Apartment"
"9550 W Sahara Ave, Las Vegas, NV 89117","2026/06/02",1350,"1 Bed","Apartment"
"9550 W Sahara Ave, Las Vegas, NV 89117","2026/06/02",1525,"2 Beds","Apartment"
"9550 W Sahara Ave, Las Vegas, NV 89117","2026/06/02",2099,"3 Beds","Apartment"
"2150 N Tenaya Way, Las Vegas, NV 89128","2026/06/02",1253,"1 Bed","Apartment"
"2150 N Tenaya Way, Las Vegas, NV 89128","2026/06/02",1391,"2 Beds","Apartment"
"2725 W Wigwam Ave, Las Vegas, NV 89123","2026/06/02",1323,"1 Bed","Apartment"
"2725 W Wigwam Ave, Las Vegas, NV 89123","2026/06/02",1342,"2 Beds","Apartment"
"2725 W Wigwam Ave, Las Vegas, NV 89123","2026/06/02",2181,"3 Beds","Apartment"
"3600 S University Center Dr, Las Vegas, NV 89169","2026/06/02",843,"Studio","Apartment"
"3600 S University Center Dr, Las Vegas, NV 89169","2026/06/02",924,"1 Bed","Apartment"
"3600 S University Center Dr, Las Vegas, NV 89169","2026/06/02",974,"2 Beds+","Apartment"
"6701 Del Rey Ave, Las Vegas, NV 89146","2026/06/02",1365,"1 Bed","Apartment"
"6701 Del Rey Ave, Las Vegas, NV 89146","2026/06/02",1489,"2 Beds","Apartment"
"6701 Del Rey Ave, Las Vegas, NV 89146","2026/06/02",1871,"3 Beds","Apartment"
NA,NA,NA,NA,NA
"875 E Silverado Ranch Blvd, Las Vegas, NV 89183","2026/06/02",1338,"1 Bed","Apartment"
"875 E Silverado Ranch Blvd, Las Vegas, NV 89183","2026/06/02",1733,"2 Beds","Apartment"
"875 E Silverado Ranch Blvd, Las Vegas, NV 89183","2026/06/02",2063,"3 Beds","Apartment"
"2600 S Town Center Dr, Las Vegas, NV 89135","2026/06/02",2007,"1 Bed","Apartment"
"2600 S Town Center Dr, Las Vegas, NV 89135","2026/06/02",2171,"2 Beds","Apartment"
"2600 S Town Center Dr, Las Vegas, NV 89135","2026/06/02",2370,"3 Beds","Apartment"
"9475 W Tompkins Ave, Las Vegas, NV 89147","2026/06/02",1335,"1 Bed","Apartment"
"9475 W Tompkins Ave, Las Vegas, NV 89147","2026/06/02",1557,"2 Beds","Apartment"
"9475 W Tompkins Ave, Las Vegas, NV 89147","2026/06/02",1857,"3 Beds","Apartment"
"3644 S Ft Apache Rd, Las Vegas, NV 89147","2026/06/02",1494,"1 Bed","Apartment"
"3644 S Ft Apache Rd, Las Vegas, NV 89147","2026/06/02",1705,"2 Beds","Apartment"
"3644 S Ft Apache Rd, Las Vegas, NV 89147","2026/06/02",2325,"3 Beds","Apartment"
NA,NA,NA,NA,NA
NA,NA,NA,NA,NA
"6355 S Riley St, Las Vegas, NV 89148","2026/06/02",1542,"1 Bed","Apartment"
"6355 S Riley St, Las Vegas, NV 89148","2026/06/02",1767,"2 Beds","Apartment"
NA,NA,NA,NA,NA
"9620 W Russell Rd, Las Vegas, NV 89148","2026/06/02",1390,"1 Bed","Apartment"
"9620 W Russell Rd, Las Vegas, NV 89148","2026/06/02",1649,"2 Beds","Apartment"
"9620 W Russell Rd, Las Vegas, NV 89148","2026/06/02",2137,"3 Beds","Apartment"
"3350 N Durango Dr, Las Vegas, NV 89129","2026/06/02",1615,"Studio","Apartment"
"3350 N Durango Dr, Las Vegas, NV 89129","2026/06/02",1485,"1 Bed","Apartment"
"3350 N Durango Dr, Las Vegas, NV 89129","2026/06/02",1577,"2 Beds+","Apartment"
"5701 W Rochelle Ave, Las Vegas, NV 89103","2026/06/02",1239,"1 Bed","Apartment"
"5701 W Rochelle Ave, Las Vegas, NV 89103","2026/06/02",1399,"2 Beds","Apartment"
"5701 W Rochelle Ave, Las Vegas, NV 89103","2026/06/02",1660,"3 Beds","Apartment"
"3050 S Nellis Blvd, Las Vegas, NV 89121","2026/06/02",990,"1 Bed","Apartment"
"3050 S Nellis Blvd, Las Vegas, NV 89121","2026/06/02",1261,"2 Beds","Apartment"
"3050 S Nellis Blvd, Las Vegas, NV 89121","2026/06/02",1589,"3 Beds","Apartment"
"9625 W Russell Rd, Las Vegas, NV 89148","2026/06/02",1482,"1 Bed","Apartment"
"9625 W Russell Rd, Las Vegas, NV 89148","2026/06/02",1656,"2 Beds","Apartment"
"4801 E Sahara Ave, Las Vegas, NV 89104","2026/06/02",1174,"1 Bed","Apartment"
"4801 E Sahara Ave, Las Vegas, NV 89104","2026/06/02",1143,"2 Beds","Apartment"
"4801 E Sahara Ave, Las Vegas, NV 89104","2026/06/02",1489,"3 Beds","Apartment"
"9350 S Cimarron Rd, Las Vegas, NV 89178","2026/06/02",1260,"1 Bed","Apartment"
"9350 S Cimarron Rd, Las Vegas, NV 89178","2026/06/02",1356,"2 Beds","Apartment"
"6655 Boulder Hwy, Las Vegas, NV 89122","2026/06/02",1392,"1 Bed","Apartment"
"6655 Boulder Hwy, Las Vegas, NV 89122","2026/06/02",1657,"2 Beds","Apartment"
"6655 Boulder Hwy, Las Vegas, NV 89122","2026/06/02",2029,"3 Beds","Apartment"
"1450 E Pebble Rd, Las Vegas, NV 89123","2026/06/02",1352,"Studio","Apartment"
"1450 E Pebble Rd, Las Vegas, NV 89123","2026/06/02",1427,"1 Bed","Apartment"
"1450 E Pebble Rd, Las Vegas, NV 89123","2026/06/02",1487,"2 Beds","Apartment"
"1200 W Cheyenne Ave, Las Vegas, NV 89030","2026/06/02",1384,"1 Bed","Apartment"
"1200 W Cheyenne Ave, Las Vegas, NV 89030","2026/06/02",1391,"2 Beds","Apartment"
"1200 W Cheyenne Ave, Las Vegas, NV 89030","2026/06/02",1678,"3 Beds","Apartment"
"3950 Mountain Vista St, Las Vegas, NV 89121","2026/06/02",1117,"1 Bed","Apartment"
"3950 Mountain Vista St, Las Vegas, NV 89121","2026/06/02",1160,"2 Beds","Apartment"
"3950 Mountain Vista St, Las Vegas, NV 89121","2026/06/02",1570,"3 Beds","Apartment"
"5075 Spyglass Hill Dr, Las Vegas, NV 89142","2026/06/02",1060,"1 Bed","Apartment"
"5075 Spyglass Hill Dr, Las Vegas, NV 89142","2026/06/02",1273,"2 Beds","Apartment"
"3300 Winterhaven St, Las Vegas, NV 89108","2026/06/02",1436,"1 Bed","Apartment"
"3300 Winterhaven St, Las Vegas, NV 89108","2026/06/02",1428,"2 Beds","Apartment"
"7777 S Jones Blvd, Las Vegas, NV 89139","2026/06/02",1495,"1 Bed","Apartment"
"7777 S Jones Blvd, Las Vegas, NV 89139","2026/06/02",1836,"2 Beds","Apartment"
"7777 S Jones Blvd, Las Vegas, NV 89139","2026/06/02",2321,"3 Beds","Apartment"
"5050 S Duneville St, Las Vegas, NV 89118","2026/06/02",1372,"1 Bed","Apartment"
"5050 S Duneville St, Las Vegas, NV 89118","2026/06/02",1287,"2 Beds","Apartment"
"3663 S Valley View Blvd, Las Vegas, NV 89103","2026/06/02",1193,"1 Bed","Apartment"
"3663 S Valley View Blvd, Las Vegas, NV 89103","2026/06/02",1298,"2 Beds","Apartment"
"7955-7975 W Badura Ave, Las Vegas, NV 89113","2026/06/02",1201,"1 Bed","Apartment"
"7955-7975 W Badura Ave, Las Vegas, NV 89113","2026/06/02",1486,"2 Beds","Apartment"
"7955-7975 W Badura Ave, Las Vegas, NV 89113","2026/06/02",1646,"3 Beds","Apartment"
"818 E Flamingo Rd, Las Vegas, NV 89119","2026/06/02",1364,"1 Bed","Apartment"
"818 E Flamingo Rd, Las Vegas, NV 89119","2026/06/02",1809,"2 Beds","Apartment"
"6255 W Tropicana Ave, Las Vegas, NV 89103","2026/06/02",1425,"1 Bed","Apartment"
"6255 W Tropicana Ave, Las Vegas, NV 89103","2026/06/02",1390,"2 Beds","Apartment"
"6255 W Tropicana Ave, Las Vegas, NV 89103","2026/06/02",1991,"3 Beds","Apartment"
"6335 Annie Oakley Dr, Las Vegas, NV 89120","2026/06/02",1450,"3 Beds",NA
"2301 Redwood St, Las Vegas, NV 89146","2026/06/02",1660,"2 Beds","Apartment"
"2301 Redwood St, Las Vegas, NV 89146","2026/06/02",1882,"3 Beds","Apartment"
"629 S Main St, Las Vegas, NV 89101","2026/06/02",86912,"3 Beds",NA
"6300 W Lake Mead Blvd, Las Vegas, NV 89108","2026/06/02",1674,"1 Bed","Apartment"
"6300 W Lake Mead Blvd, Las Vegas, NV 89108","2026/06/02",1537,"2 Beds","Apartment"
"6300 W Lake Mead Blvd, Las Vegas, NV 89108","2026/06/02",2096,"3 Beds","Apartment"
"3450 N Hualapai Way, Las Vegas, NV 89129","2026/06/02",1338,"1 Bed","Apartment"
"3450 N Hualapai Way, Las Vegas, NV 89129","2026/06/02",1541,"2 Beds","Apartment"
"3450 N Hualapai Way, Las Vegas, NV 89129","2026/06/02",1876,"3 Beds","Apartment"
"9465 W Post Rd, Las Vegas, NV 89148","2026/06/02",1489,"1 Bed","Apartment"
"9465 W Post Rd, Las Vegas, NV 89148","2026/06/02",1834,"2 Beds","Apartment"
"5905 W Charleston Blvd, Las Vegas, NV 89146","2026/06/02",1440,"1 Bed","Apartment"
"5905 W Charleston Blvd, Las Vegas, NV 89146","2026/06/02",1636,"2 Beds","Apartment"
"3040 E Charleston Blvd, Las Vegas, NV 89104","2026/06/02",756,"Studio","Apartment"
"3040 E Charleston Blvd, Las Vegas, NV 89104","2026/06/02",896,"1 Bed","Apartment"
"3309 Sky Country Ln, Las Vegas, NV 89117","2026/06/02",1671,"1 Bed","Apartment"
"3309 Sky Country Ln, Las Vegas, NV 89117","2026/06/02",1671,"2 Beds","Apartment"
"3309 Sky Country Ln, Las Vegas, NV 89117","2026/06/02",1821,"3 Beds","Apartment"
"2900 El Camino Ave, Las Vegas, NV 89102","2026/06/02",1218,"1 Bed","Apartment"
"2900 El Camino Ave, Las Vegas, NV 89102","2026/06/02",1293,"2 Beds","Apartment"
"2900 El Camino Ave, Las Vegas, NV 89102","2026/06/02",1778,"3 Beds","Apartment"
"5325 E Tropicana Ave, Las Vegas, NV 89122","2026/06/02",1176,"1 Bed","Apartment"
"5325 E Tropicana Ave, Las Vegas, NV 89122","2026/06/02",1311,"2 Beds","Apartment"
"5325 E Tropicana Ave, Las Vegas, NV 89122","2026/06/02",2010,"3 Beds","Apartment"
"7055 E Lake Mead Blvd, Las Vegas, NV 89156","2026/06/02",1229,"1 Bed","Apartment"
"7055 E Lake Mead Blvd, Las Vegas, NV 89156","2026/06/02",1429,"2 Beds","Apartment"
"3700 E Bonanza Rd, Las Vegas, NV 89110","2026/06/02",925,"1 Bed","Apartment"
"3700 E Bonanza Rd, Las Vegas, NV 89110","2026/06/02",1023,"2 Beds","Apartment"
"6661 Silverstream Ave, Las Vegas, NV 89107","2026/06/02",1315,"1 Bed","Apartment"
"6661 Silverstream Ave, Las Vegas, NV 89107","2026/06/02",1471,"2 Beds","Apartment"
"5850 Sky Pointe Dr, Las Vegas, NV 89130","2026/06/02",1351,"1 Bed","Apartment"
"5850 Sky Pointe Dr, Las Vegas, NV 89130","2026/06/02",1529,"2 Beds","Apartment"
"5850 Sky Pointe Dr, Las Vegas, NV 89130","2026/06/02",2087,"3 Beds","Apartment"
"9225 W Charleston Blvd, Las Vegas, NV 89117","2026/06/02",1612,"1 Bed","Apartment"
"9225 W Charleston Blvd, Las Vegas, NV 89117","2026/06/02",1706,"2 Beds","Apartment"
"9225 W Charleston Blvd, Las Vegas, NV 89117","2026/06/02",1976,"3 Beds","Apartment"
"3675 Cambridge St, Las Vegas, NV 89169","2026/06/02",940,"1 Bed","Apartment"
"3675 Cambridge St, Las Vegas, NV 89169","2026/06/02",1040,"2 Beds","Apartment"
"9110 W Tropicana Ave, Las Vegas, NV 89147","2026/06/02",1550,"1 Bed","Apartment"
"9110 W Tropicana Ave, Las Vegas, NV 89147","2026/06/02",1817,"2 Beds","Apartment"
"5025 Nellis Oasis Ln, Las Vegas, NV 89115","2026/06/02",770,"",NA
"9501 W Sahara Ave, Las Vegas, NV 89117","2026/06/02",1200,"1 Bed","Apartment"
"9501 W Sahara Ave, Las Vegas, NV 89117","2026/06/02",1400,"2 Beds","Apartment"
"9501 W Sahara Ave, Las Vegas, NV 89117","2026/06/02",1600,"3 Beds","Apartment"
"7350 W Centennial Pky, Las Vegas, NV 89131","2026/06/02",1615,"1 Bed","Apartment"
"7350 W Centennial Pky, Las Vegas, NV 89131","2026/06/02",1750,"2 Beds","Apartment"
"7350 W Centennial Pky, Las Vegas, NV 89131","2026/06/02",2102,"3 Beds","Apartment"
"7960 Rafael Rivera Way, Las Vegas, NV 89113","2026/06/02",1325,"1 Bed","Apartment"
"7960 Rafael Rivera Way, Las Vegas, NV 89113","2026/06/02",1673,"2 Beds","Apartment"
"7960 Rafael Rivera Way, Las Vegas, NV 89113","2026/06/02",2377,"3 Beds","Apartment"
"3463 Procyon St, Las Vegas, NV 89102","2026/06/02",1442,"Studio","Apartment"
"3463 Procyon St, Las Vegas, NV 89102","2026/06/02",1538,"1 Bed","Apartment"
"3463 Procyon St, Las Vegas, NV 89102","2026/06/02",1821,"2 Beds+","Apartment"
"2656 N Buffalo Dr, Las Vegas, NV 89128","2026/06/02",1491,"1 Bed","Apartment"
"2656 N Buffalo Dr, Las Vegas, NV 89128","2026/06/02",2004,"2 Beds","Apartment"
"9830 W Tropicana Ave, Las Vegas, NV 89147","2026/06/02",1695,"1 Bed","Apartment"
"9830 W Tropicana Ave, Las Vegas, NV 89147","2026/06/02",1995,"2 Beds","Apartment"
"9830 W Tropicana Ave, Las Vegas, NV 89147","2026/06/02",2995,"3 Beds","Apartment"
"4350 S Hualapai Way, Las Vegas, NV 89147","2026/06/02",1368,"1 Bed","Apartment"
"4350 S Hualapai Way, Las Vegas, NV 89147","2026/06/02",1467,"2 Beds","Apartment"
"240 E Silverado Ranch Blvd, Las Vegas, NV 89183","2026/06/02",1458,"1 Bed","Apartment"
"240 E Silverado Ranch Blvd, Las Vegas, NV 89183","2026/06/02",1795,"2 Beds","Apartment"
"10650 Dean Martin Dr, Las Vegas, NV 89141","2026/06/02",1569,"1 Bed","Apartment"
"10650 Dean Martin Dr, Las Vegas, NV 89141","2026/06/02",1798,"2 Beds","Apartment"
"1501 Rock Springs Dr, Las Vegas, NV 89128","2026/06/02",1394,"Studio","Apartment"
"1501 Rock Springs Dr, Las Vegas, NV 89128","2026/06/02",1558,"1 Bed","Apartment"
"1501 Rock Springs Dr, Las Vegas, NV 89128","2026/06/02",2156,"2 Beds","Apartment"
"9860 W Tropicana Ave, Las Vegas, NV 89147","2026/06/02",1399,"Studio","Apartment"
"9860 W Tropicana Ave, Las Vegas, NV 89147","2026/06/02",1588,"1 Bed","Apartment"
"9860 W Tropicana Ave, Las Vegas, NV 89147","2026/06/02",2052,"2 Beds","Apartment"
"9950 W Tropicana Ave, Las Vegas, NV 89147","2026/06/02",1704,"1 Bed","Apartment"
"9950 W Tropicana Ave, Las Vegas, NV 89147","2026/06/02",2073,"2 Beds","Apartment"
"8360 Montecito Pointe Dr, Las Vegas, NV 89149","2026/06/02",1405,"Studio","Apartment"
"8360 Montecito Pointe Dr, Las Vegas, NV 89149","2026/06/02",1395,"1 Bed","Apartment"
"8360 Montecito Pointe Dr, Las Vegas, NV 89149","2026/06/02",1588,"2 Beds","Apartment"
"8030 W Maule Ave, Las Vegas, NV 89113","2026/06/02",1720,"Studio","Apartment"
"8030 W Maule Ave, Las Vegas, NV 89113","2026/06/02",2007,"1 Bed","Apartment"
"8030 W Maule Ave, Las Vegas, NV 89113","2026/06/02",2790,"2 Beds","Apartment"
"8341 W Warm Springs Rd, Las Vegas, NV 89113","2026/06/02",1712,"Studio","Apartment"
"8341 W Warm Springs Rd, Las Vegas, NV 89113","2026/06/02",1938,"1 Bed","Apartment"
"8341 W Warm Springs Rd, Las Vegas, NV 89113","2026/06/02",2310,"2 Beds","Apartment"
"8150 Rafael Rivera Way, Las Vegas, NV 89113","2026/06/02",1679,"Studio","Apartment"
"8150 Rafael Rivera Way, Las Vegas, NV 89113","2026/06/02",1707,"1 Bed","Apartment"
"8150 Rafael Rivera Way, Las Vegas, NV 89113","2026/06/02",2244,"2 Beds+","Apartment"
NA,NA,NA,NA,NA
"8850 Echelon Point Dr, Las Vegas, NV 89149","2026/06/02",1558,"Studio","Apartment"
"8850 Echelon Point Dr, Las Vegas, NV 89149","2026/06/02",1657,"1 Bed","Apartment"
"8850 Echelon Point Dr, Las Vegas, NV 89149","2026/06/02",1888,"2 Beds","Apartment"
"1500 N Rainbow Blvd, Las Vegas, NV 89108","2026/06/02",1255,"Studio","Apartment"
"1500 N Rainbow Blvd, Las Vegas, NV 89108","2026/06/02",1399,"1 Bed","Apartment"
"1500 N Rainbow Blvd, Las Vegas, NV 89108","2026/06/02",1760,"2 Beds+","Apartment"
"6775 Badura Ave, Las Vegas, NV 89118","2026/06/02",1530,"Studio","Apartment"
"6775 Badura Ave, Las Vegas, NV 89118","2026/06/02",1530,"1 Bed","Apartment"
"6775 Badura Ave, Las Vegas, NV 89118","2026/06/02",2100,"2 Beds+","Apartment"
"9280 W Post Rd, Las Vegas, NV 89148","2026/06/02",1299,"Studio","Apartment"
"9280 W Post Rd, Las Vegas, NV 89148","2026/06/02",1395,"1 Bed","Apartment"
"9280 W Post Rd, Las Vegas, NV 89148","2026/06/02",1925,"2 Beds","Apartment"
"6755 W Arby Ave, Las Vegas, NV 89118","2026/06/02",1769,"Studio","Apartment"
"6755 W Arby Ave, Las Vegas, NV 89118","2026/06/02",1923,"1 Bed","Apartment"
"6755 W Arby Ave, Las Vegas, NV 89118","2026/06/02",2214,"2 Beds","Apartment"
"4335 S Grand Canyon Dr, Las Vegas, NV 89147","2026/06/02",1734,"Studio","Apartment"
"4335 S Grand Canyon Dr, Las Vegas, NV 89147","2026/06/02",1982,"1 Bed","Apartment"
"4335 S Grand Canyon Dr, Las Vegas, NV 89147","2026/06/02",2253,"2 Beds","Apartment"
"6550 Quarterhorse Ln, Las Vegas, NV 89148","2026/06/02",1635,"1 Bed","Apartment"
"6550 Quarterhorse Ln, Las Vegas, NV 89148","2026/06/02",2035,"2 Beds","Apartment"
"1635 E Tropicana Ave, Las Vegas, NV 89119","2026/06/02",1247,"Studio","Apartment"
"1635 E Tropicana Ave, Las Vegas, NV 89119","2026/06/02",1302,"1 Bed","Apartment"
"1635 E Tropicana Ave, Las Vegas, NV 89119","2026/06/02",1752,"2 Beds+","Apartment"
"11210 S Las Vegas Blvd, Las Vegas, NV 89183","2026/06/02",1802,"1 Bed","Apartment"
"11210 S Las Vegas Blvd, Las Vegas, NV 89183","2026/06/02",2142,"2 Beds","Apartment"
"11210 S Las Vegas Blvd, Las Vegas, NV 89183","2026/06/02",2607,"3 Beds","Apartment"
"4330 Channel 10 Dr, Las Vegas, NV 89119","2026/06/02",1325,"Studio","Apartment"
"4330 Channel 10 Dr, Las Vegas, NV 89119","2026/06/02",1425,"1 Bed","Apartment"
"4330 Channel 10 Dr, Las Vegas, NV 89119","2026/06/02",1626,"2 Beds","Apartment"
"8147 W Warm Springs Rd, Las Vegas, NV 89113","2026/06/02",1663,"1 Bed","Apartment"
"8147 W Warm Springs Rd, Las Vegas, NV 89113","2026/06/02",1995,"2 Beds","Apartment"
"8025 W Russell Rd, Las Vegas, NV 89113","2026/06/02",1399,"1 Bed","Apartment"
"8025 W Russell Rd, Las Vegas, NV 89113","2026/06/02",1564,"2 Beds","Apartment"
"8025 W Russell Rd, Las Vegas, NV 89113","2026/06/02",1869,"3 Beds","Apartment"
"6501 W Charleston Blvd, Las Vegas, NV 89146","2026/06/02",1005,"1 Bed","Apartment"
"6501 W Charleston Blvd, Las Vegas, NV 89146","2026/06/02",1150,"2 Beds","Apartment"
"6501 W Charleston Blvd, Las Vegas, NV 89146","2026/06/02",1780,"3 Beds","Apartment"
"2666 S Decatur Blvd, Las Vegas, NV 89102","2026/06/02",1348,"1 Bed","Apartment"
"2666 S Decatur Blvd, Las Vegas, NV 89102","2026/06/02",1359,"2 Beds","Apartment"
"2666 S Decatur Blvd, Las Vegas, NV 89102","2026/06/02",1679,"3 Beds","Apartment"
"50 N 21st St, Las Vegas, NV 89101","2026/06/02",750,"Studio","Apartment"
"50 N 21st St, Las Vegas, NV 89101","2026/06/02",719,"1 Bed","Apartment"
"6666 W Washington Ave, Las Vegas, NV 89107","2026/06/02",1086,"Studio","Apartment"
"6666 W Washington Ave, Las Vegas, NV 89107","2026/06/02",1129,"1 Bed","Apartment"
"6666 W Washington Ave, Las Vegas, NV 89107","2026/06/02",1272,"2 Beds+","Apartment"
"3800 S Nellis Blvd, Las Vegas, NV 89121","2026/06/02",977,"1 Bed","Apartment"
"3800 S Nellis Blvd, Las Vegas, NV 89121","2026/06/02",1086,"2 Beds","Apartment"
"3800 S Nellis Blvd, Las Vegas, NV 89121","2026/06/02",1538,"3 Beds","Apartment"
"6650 W Warm Springs Rd, Las Vegas, NV 89118","2026/06/02",1325,"1 Bed","Apartment"
"6650 W Warm Springs Rd, Las Vegas, NV 89118","2026/06/02",1500,"2 Beds","Apartment"
"370 E Harmon Ave, Las Vegas, NV 89169","2026/06/02",590,"Studio","Apartment"
"370 E Harmon Ave, Las Vegas, NV 89169","2026/06/02",670,"1 Bed","Apartment"
"370 E Harmon Ave, Las Vegas, NV 89169","2026/06/02",1175,"2 Beds","Apartment"
"2121 E Warm Springs Rd, Las Vegas, NV 89119","2026/06/02",1384,"1 Bed","Apartment"
"2121 E Warm Springs Rd, Las Vegas, NV 89119","2026/06/02",1663,"2 Beds","Apartment"
"2750 S Durango Dr, Las Vegas, NV 89117","2026/06/02",1175,"1 Bed","Apartment"
"2750 S Durango Dr, Las Vegas, NV 89117","2026/06/02",1400,"2 Beds","Apartment"
"2750 S Durango Dr, Las Vegas, NV 89117","2026/06/02",1600,"3 Beds","Apartment"
"9105 W Flamingo Rd, Las Vegas, NV 89147","2026/06/02",1220,"1 Bed","Apartment"
"9105 W Flamingo Rd, Las Vegas, NV 89147","2026/06/02",1430,"2 Beds","Apartment"
"9105 W Flamingo Rd, Las Vegas, NV 89147","2026/06/02",1750,"3 Beds","Apartment"
"3900 E Sunset Rd, Las Vegas, NV 89120","2026/06/02",1200,"1 Bed","Apartment"
"3900 E Sunset Rd, Las Vegas, NV 89120","2026/06/02",1400,"2 Beds","Apartment"
"3900 E Sunset Rd, Las Vegas, NV 89120","2026/06/02",1800,"3 Beds","Apartment"
"5353 W Desert Inn Rd, Las Vegas, NV 89146","2026/06/02",1457,"1 Bed","Apartment"
"5353 W Desert Inn Rd, Las Vegas, NV 89146","2026/06/02",1687,"2 Beds","Apartment"
"5353 W Desert Inn Rd, Las Vegas, NV 89146","2026/06/02",2140,"3 Beds","Apartment"
NA,NA,NA,NA,NA
"8445 Las Vegas Blvd S, Las Vegas, NV 89123","2026/06/02",1300,"1 Bed","Apartment"
"8445 Las Vegas Blvd S, Las Vegas, NV 89123","2026/06/02",1600,"2 Beds","Apartment"
"8445 Las Vegas Blvd S, Las Vegas, NV 89123","2026/06/02",1950,"3 Beds","Apartment"
"4800 E Tropicana Ave, Las Vegas, NV 89121","2026/06/02",1130,"1 Bed","Apartment"
"4800 E Tropicana Ave, Las Vegas, NV 89121","2026/06/02",1076,"2 Beds","Apartment"
"1901 N Jones Blvd, Las Vegas, NV 89108","2026/06/02",1000,"1 Bed","Apartment"
"1901 N Jones Blvd, Las Vegas, NV 89108","2026/06/02",1105,"2 Beds","Apartment"
"1901 N Jones Blvd, Las Vegas, NV 89108","2026/06/02",1525,"3 Beds","Apartment"
"850 E Desert Inn Rd, Las Vegas, NV 89109","2026/06/02",1425,"1 Bed","Apartment"
"850 E Desert Inn Rd, Las Vegas, NV 89109","2026/06/02",1700,"2 Beds","Apartment"
"6885 W Lone Mountain Rd, Las Vegas, NV 89108","2026/06/02",1395,"1 Bed","Apartment"
"6885 W Lone Mountain Rd, Las Vegas, NV 89108","2026/06/02",1649,"2 Beds","Apartment"
"6885 W Lone Mountain Rd, Las Vegas, NV 89108","2026/06/02",1895,"3 Beds","Apartment"
"5150 E Sahara Ave, Las Vegas, NV 89142","2026/06/02",1072,"1 Bed","Apartment"
"5150 E Sahara Ave, Las Vegas, NV 89142","2026/06/02",1195,"2 Beds","Apartment"
"5150 E Sahara Ave, Las Vegas, NV 89142","2026/06/02",1450,"3 Beds","Apartment"
"1300 S Casino Center Blvd, Las Vegas, NV 89104","2026/06/02",1399,"3 Beds",NA
NA,NA,NA,NA,NA
NA,NA,NA,NA,NA
NA,NA,NA,NA,NA
"2555 N Rancho Dr, Las Vegas, NV 89130","2026/06/02",1325,"Studio","Apartment"
"2555 N Rancho Dr, Las Vegas, NV 89130","2026/06/02",1589,"1 Bed","Apartment"
"2555 N Rancho Dr, Las Vegas, NV 89130","2026/06/02",1995,"2 Beds+","Apartment"
"10340 s Decatur Blvd, Las Vegas, NV 89141","2026/06/02",1763,"1 Bed","Apartment"
"10340 s Decatur Blvd, Las Vegas, NV 89141","2026/06/02",1858,"2 Beds","Apartment"
"10340 s Decatur Blvd, Las Vegas, NV 89141","2026/06/02",2338,"3 Beds","Apartment"
NA,NA,NA,NA,NA
"5901 W Duncan Dr, Las Vegas, NV 89108","2026/06/02",1070,"1 Bed","Apartment"
"5901 W Duncan Dr, Las Vegas, NV 89108","2026/06/02",1280,"2 Beds","Apartment"
"5901 W Duncan Dr, Las Vegas, NV 89108","2026/06/02",1470,"3 Beds+","Apartment"
"9500 W Maule Ave, Las Vegas, NV 89148","2026/06/02",1560,"1 Bed","Apartment"
"9500 W Maule Ave, Las Vegas, NV 89148","2026/06/02",1625,"2 Beds","Apartment"
"1851 N Green Valley Pky, Henderson, NV 89074","2026/06/02",1339,"1 Bed","Apartment"
"1851 N Green Valley Pky, Henderson, NV 89074","2026/06/02",1600,"2 Beds","Apartment"
"1050 Whitney Ranch Rd, Henderson, NV 89014","2026/06/02",1389,"1 Bed","Apartment"
"1050 Whitney Ranch Rd, Henderson, NV 89014","2026/06/02",1306,"2 Beds","Apartment"
"1050 Whitney Ranch Rd, Henderson, NV 89014","2026/06/02",1765,"3 Beds","Apartment"
"701 Aspen Peak Loop, Henderson, NV 89011","2026/06/02",1413,"1 Bed","Apartment"
"701 Aspen Peak Loop, Henderson, NV 89011","2026/06/02",1547,"2 Beds","Apartment"
"4201 E Craig Rd, North Las Vegas, NV 89030","2026/06/02",1140,"1 Bed","Apartment"
"4201 E Craig Rd, North Las Vegas, NV 89030","2026/06/02",1435,"2 Beds","Apartment"
NA,NA,NA,NA,NA
"6551 Annie Oakley Dr, Henderson, NV 89014","2026/06/02",1310,"1 Bed","Apartment"
"6551 Annie Oakley Dr, Henderson, NV 89014","2026/06/02",1586,"2 Beds","Apartment"
"6551 Annie Oakley Dr, Henderson, NV 89014","2026/06/02",1800,"3 Beds","Apartment"
"1350 W Horizon Rdg, Henderson, NV 89012","2026/06/02",1522,"1 Bed","Apartment"
"1350 W Horizon Rdg, Henderson, NV 89012","2026/06/02",1831,"2 Beds","Apartment"
"1350 W Horizon Rdg, Henderson, NV 89012","2026/06/02",2003,"3 Beds","Apartment"
"201 S Gibson Rd, Henderson, NV 89012","2026/06/02",2237,"1 Bed","Apartment"
"201 S Gibson Rd, Henderson, NV 89012","2026/06/02",2062,"2 Beds","Apartment"
"201 S Gibson Rd, Henderson, NV 89012","2026/06/02",3431,"3 Beds","Apartment"
"80 S Gibson Rd, Henderson, NV 89012","2026/06/02",1321,"1 Bed","Apartment"
"80 S Gibson Rd, Henderson, NV 89012","2026/06/02",1478,"2 Beds","Apartment"
"80 S Gibson Rd, Henderson, NV 89012","2026/06/02",1864,"3 Beds","Apartment"
"210 Quest Park St, Henderson, NV 89074","2026/06/02",1459,"1 Bed","Apartment"
"210 Quest Park St, Henderson, NV 89074","2026/06/02",1529,"2 Beds","Apartment"
"210 Quest Park St, Henderson, NV 89074","2026/06/02",1579,"3 Beds","Apartment"
"245 E Centennial Pky, North Las Vegas, NV 89084","2026/06/02",1315,"1 Bed","Apartment"
"245 E Centennial Pky, North Las Vegas, NV 89084","2026/06/02",1694,"2 Beds","Apartment"
"245 E Centennial Pky, North Las Vegas, NV 89084","2026/06/02",1859,"3 Beds","Apartment"
"2929 E Centennial Pky, North Las Vegas, NV 89081","2026/06/02",1505,"2 Beds","Apartment"
"2929 E Centennial Pky, North Las Vegas, NV 89081","2026/06/02",1850,"3 Beds","Apartment"
"1005 Wigwam Pky, Henderson, NV 89074","2026/06/02",1539,"1 Bed","Apartment"
"1005 Wigwam Pky, Henderson, NV 89074","2026/06/02",1652,"2 Beds","Apartment"
"1005 Wigwam Pky, Henderson, NV 89074","2026/06/02",2073,"3 Beds","Apartment"
"3000 High View Dr, Henderson, NV 89014","2026/06/02",1293,"2 Beds","Apartment"
"3000 High View Dr, Henderson, NV 89014","2026/06/02",1616,"3 Beds","Apartment"
"111 S Gibson Rd, Henderson, NV 89012","2026/06/02",1489,"1 Bed","Apartment"
"111 S Gibson Rd, Henderson, NV 89012","2026/06/02",1808,"2 Beds","Apartment"
"650-675 E Azure Ave, North Las Vegas, NV 89081","2026/06/02",1106,"1 Bed","Apartment"
"650-675 E Azure Ave, North Las Vegas, NV 89081","2026/06/02",1550,"2 Beds","Apartment"
"650-675 E Azure Ave, North Las Vegas, NV 89081","2026/06/02",2008,"3 Beds","Apartment"
"6530 Annie Oakley Dr, Henderson, NV 89014","2026/06/02",1194,"1 Bed","Apartment"
"6530 Annie Oakley Dr, Henderson, NV 89014","2026/06/02",1400,"2 Beds","Apartment"
"6530 Annie Oakley Dr, Henderson, NV 89014","2026/06/02",1739,"3 Beds","Apartment"
"245 S Gibson Rd, Henderson, NV 89012","2026/06/02",1447,"1 Bed","Apartment"
"245 S Gibson Rd, Henderson, NV 89012","2026/06/02",1847,"2 Beds","Apartment"
"245 S Gibson Rd, Henderson, NV 89012","2026/06/02",2367,"3 Beds","Apartment"
"1445 Stonelake Cove Ave, Henderson, NV 89074","2026/06/02",1542,"1 Bed","Apartment"
"1445 Stonelake Cove Ave, Henderson, NV 89074","2026/06/02",1718,"2 Beds","Apartment"
"1445 Stonelake Cove Ave, Henderson, NV 89074","2026/06/02",2583,"3 Beds","Apartment"
"1480 Paseo Verde Pky, Henderson, NV 89012","2026/06/02",1334,"1 Bed","Apartment"
"1480 Paseo Verde Pky, Henderson, NV 89012","2026/06/02",1951,"2 Beds","Apartment"
"1545 Wigwam Pky, Henderson, NV 89074","2026/06/02",1426,"Studio","Apartment"
"1545 Wigwam Pky, Henderson, NV 89074","2026/06/02",1416,"1 Bed","Apartment"
"1545 Wigwam Pky, Henderson, NV 89074","2026/06/02",1606,"2 Beds+","Apartment"
"3080 St Rose Pky, Henderson, NV 89052","2026/06/02",1472,"1 Bed","Apartment"
"3080 St Rose Pky, Henderson, NV 89052","2026/06/02",1527,"2 Beds","Apartment"
"3080 St Rose Pky, Henderson, NV 89052","2026/06/02",1966,"3 Beds","Apartment"
"915 Alper Center Dr, Henderson, NV 89052","2026/06/02",1497,"1 Bed","Apartment"
"915 Alper Center Dr, Henderson, NV 89052","2026/06/02",1921,"2 Beds","Apartment"
"915 Alper Center Dr, Henderson, NV 89052","2026/06/02",2197,"3 Beds","Apartment"
"2030 Olympic Ave, Henderson, NV 89014","2026/06/02",1381,"Studio","Apartment"
"2030 Olympic Ave, Henderson, NV 89014","2026/06/02",1431,"1 Bed","Apartment"
"2030 Olympic Ave, Henderson, NV 89014","2026/06/02",1826,"2 Beds+","Apartment"
"7618 N Decatur Blvd, North Las Vegas, NV 89084","2026/06/02",1569,"1 Bed","Apartment"
"7618 N Decatur Blvd, North Las Vegas, NV 89084","2026/06/02",1926,"2 Beds","Apartment"
"7618 N Decatur Blvd, North Las Vegas, NV 89084","2026/06/02",2364,"3 Beds","Apartment"
"1100 Wellness Pl, Henderson, NV 89011","2026/06/02",1641,"1 Bed","Apartment"
"1100 Wellness Pl, Henderson, NV 89011","2026/06/02",2441,"2 Beds","Apartment"
"7400 Evelyn Brook St, North Las Vegas, NV 89084","2026/06/02",1474,"1 Bed","Apartment"
"7400 Evelyn Brook St, North Las Vegas, NV 89084","2026/06/02",1719,"2 Beds","Apartment"
"7400 Evelyn Brook St, North Las Vegas, NV 89084","2026/06/02",2319,"3 Beds","Apartment"
"4475 Scott Robinson Blvd, North Las Vegas, NV 89032","2026/06/02",1635,"1 Bed","Apartment"
"4475 Scott Robinson Blvd, North Las Vegas, NV 89032","2026/06/02",2120,"2 Beds","Apartment"
"4475 Scott Robinson Blvd, North Las Vegas, NV 89032","2026/06/02",2720,"3 Beds","Apartment"
"6151 Mountain Vista St, Henderson, NV 89014","2026/06/02",1168,"1 Bed","Apartment"
"6151 Mountain Vista St, Henderson, NV 89014","2026/06/02",1450,"2 Beds","Apartment"
"6300 McCarran St, North Las Vegas, NV 89081","2026/06/02",1431,"1 Bed","Apartment"
"6300 McCarran St, North Las Vegas, NV 89081","2026/06/02",1561,"2 Beds","Apartment"
"2951 Siena Heights Dr, Henderson, NV 89052","2026/06/02",1246,"1 Bed","Apartment"
"2951 Siena Heights Dr, Henderson, NV 89052","2026/06/02",1528,"2 Beds","Apartment"
"2951 Siena Heights Dr, Henderson, NV 89052","2026/06/02",2154,"3 Beds","Apartment"
"1827 W Gowan Rd, North Las Vegas, NV 89032","2026/06/02",1175,"1 Bed","Apartment"
"1827 W Gowan Rd, North Las Vegas, NV 89032","2026/06/02",1435,"2 Beds","Apartment"
"1827 W Gowan Rd, North Las Vegas, NV 89032","2026/06/02",1595,"3 Beds","Apartment"
"1237 W Alexander Rd, North Las Vegas, NV 89032","2026/06/02",1217,"1 Bed","Apartment"
"1237 W Alexander Rd, North Las Vegas, NV 89032","2026/06/02",1495,"2 Beds","Apartment"
"4429 Lawerence St, North Las Vegas, NV 89081","2026/06/02",975,"1 Bed","Apartment"
"4429 Lawerence St, North Las Vegas, NV 89081","2026/06/02",1300,"2 Beds","Apartment"
"4429 Lawerence St, North Las Vegas, NV 89081","2026/06/02",1545,"3 Beds","Apartment"
"2120 Ramrod Ave, Henderson, NV 89014","2026/06/02",1255,"1 Bed","Apartment"
"2120 Ramrod Ave, Henderson, NV 89014","2026/06/02",1500,"2 Beds","Apartment"
"160 Cielo Abierto Way, Henderson, NV 89012","2026/06/02",1714,"1 Bed","Apartment"
"160 Cielo Abierto Way, Henderson, NV 89012","2026/06/02",1984,"2 Beds","Apartment"
"160 Cielo Abierto Way, Henderson, NV 89012","2026/06/02",2299,"3 Beds","Apartment"
"2460 E Serene Ave, Henderson, NV 89052","2026/06/02",3200,"1 Bed","Apartment"
"2460 E Serene Ave, Henderson, NV 89052","2026/06/02",3445,"2 Beds","Apartment"
"4145 Scott Robinson Blvd, North Las Vegas, NV 89032","2026/06/02",1384,"1 Bed","Apartment"
"4145 Scott Robinson Blvd, North Las Vegas, NV 89032","2026/06/02",1799,"2 Beds","Apartment"
"4145 Scott Robinson Blvd, North Las Vegas, NV 89032","2026/06/02",2205,"3 Beds","Apartment"
"770 Grand Cadence Dr, Henderson, NV 89011","2026/06/02",1689,"1 Bed","Apartment"
"770 Grand Cadence Dr, Henderson, NV 89011","2026/06/02",2105,"2 Beds","Apartment"
"770 Grand Cadence Dr, Henderson, NV 89011","2026/06/02",2390,"3 Beds+","Apartment"
NA,NA,NA,NA,NA
NA,NA,NA,NA,NA
"9750 Peace Way, Las Vegas, NV 89147","2026/06/02",1492,"1 Bed","Apartment"
"9750 Peace Way, Las Vegas, NV 89147","2026/06/02",1622,"2 Beds","Apartment"
"6614 Blue Diamond Rd, Las Vegas, NV 89139","2026/06/02",1623,"1 Bed","Apartment"
"6614 Blue Diamond Rd, Las Vegas, NV 89139","2026/06/02",1853,"2 Beds","Apartment"
"6614 Blue Diamond Rd, Las Vegas, NV 89139","2026/06/02",2313,"3 Beds","Apartment"
"811-821 Bridger Ave, Las Vegas, NV 89101","2026/06/02",1019,"Studio","Apartment"
"811-821 Bridger Ave, Las Vegas, NV 89101","2026/06/02",1249,"1 Bed","Apartment"
"12020 Southern Highlands Pky, Las Vegas, NV 89141","2026/06/02",1841,"1 Bed","Apartment"
"12020 Southern Highlands Pky, Las Vegas, NV 89141","2026/06/02",1922,"2 Beds","Apartment"
"7880 W Maule Ave, Las Vegas, NV 89113","2026/06/02",1508,"1 Bed","Apartment"
"7880 W Maule Ave, Las Vegas, NV 89113","2026/06/02",2053,"2 Beds","Apartment"
"7880 W Maule Ave, Las Vegas, NV 89113","2026/06/02",2098,"3 Beds","Apartment"
"701 N 13th St, Las Vegas, NV 89101","2026/06/02",1170,"1 Bed","Apartment"
"701 N 13th St, Las Vegas, NV 89101","2026/06/02",1125,"2 Beds","Apartment"
"701 N 13th St, Las Vegas, NV 89101","2026/06/02",1480,"3 Beds","Apartment"
NA,NA,NA,NA,NA
"8780 W Nevso Dr, Las Vegas, NV 89147","2026/06/02",1362,"1 Bed","Apartment"
"8780 W Nevso Dr, Las Vegas, NV 89147","2026/06/02",1582,"2 Beds","Apartment"
"5035 E Russell Rd, Las Vegas, NV 89122","2026/06/02",1330,"1 Bed","Apartment"
"5035 E Russell Rd, Las Vegas, NV 89122","2026/06/02",1534,"2 Beds","Apartment"
"3930 Paradise Rd, Las Vegas, NV 89169","2026/06/02",1613,"Studio","Apartment"
"3930 Paradise Rd, Las Vegas, NV 89169","2026/06/02",1738,"1 Bed","Apartment"
"3930 Paradise Rd, Las Vegas, NV 89169","2026/06/02",2183,"2 Beds+","Apartment"
"9400-9490 Bermuda Rd, Las Vegas, NV 89123","2026/06/02",1275,"1 Bed","Apartment"
"9400-9490 Bermuda Rd, Las Vegas, NV 89123","2026/06/02",1710,"2 Beds","Apartment"
"9400-9490 Bermuda Rd, Las Vegas, NV 89123","2026/06/02",2080,"3 Beds","Apartment"
"8920 W Russell Rd, Las Vegas, NV 89148","2026/06/02",1574,"1 Bed","Apartment"
"8920 W Russell Rd, Las Vegas, NV 89148","2026/06/02",1857,"2 Beds","Apartment"
"10175 Spencer St, Las Vegas, NV 89183","2026/06/02",1333,"1 Bed","Apartment"
"10175 Spencer St, Las Vegas, NV 89183","2026/06/02",1570,"2 Beds","Apartment"
"10175 Spencer St, Las Vegas, NV 89183","2026/06/02",2034,"3 Beds","Apartment"
"8680 Ensworth St, Las Vegas, NV 89123","2026/06/02",1455,"1 Bed","Apartment"
"8680 Ensworth St, Las Vegas, NV 89123","2026/06/02",1955,"2 Beds","Apartment"
"8680 Ensworth St, Las Vegas, NV 89123","2026/06/02",2355,"3 Beds","Apartment"
"3830 University Center Dr, Las Vegas, NV 89119","2026/06/02",950,"1 Bed","Apartment"
"3830 University Center Dr, Las Vegas, NV 89119","2026/06/02",1375,"2 Beds","Apartment"
"4747 Pennwood Ave, Las Vegas, NV 89102","2026/06/02",1339,"1 Bed","Apartment"
"4747 Pennwood Ave, Las Vegas, NV 89102","2026/06/02",1620,"2 Beds","Apartment"
"1061 E Flamingo Rd, Las Vegas, NV 89119","2026/06/02",1203,"1 Bed","Apartment"
"1061 E Flamingo Rd, Las Vegas, NV 89119","2026/06/02",1699,"2 Beds","Apartment"
"9353 W Twain Ave, Las Vegas, NV 89147","2026/06/02",1428,"1 Bed","Apartment"
"9353 W Twain Ave, Las Vegas, NV 89147","2026/06/02",1610,"2 Beds","Apartment"
"3550 Paradise Rd, Las Vegas, NV 89169","2026/06/02",1005,"Studio","Apartment"
"3550 Paradise Rd, Las Vegas, NV 89169","2026/06/02",1085,"1 Bed","Apartment"
"3550 Paradise Rd, Las Vegas, NV 89169","2026/06/02",1150,"2 Beds+","Apartment"
"3295 Casey Dr, Las Vegas, NV 89120","2026/06/02",1160,"1 Bed","Apartment"
"3295 Casey Dr, Las Vegas, NV 89120","2026/06/02",1286,"2 Beds","Apartment"
"3295 Casey Dr, Las Vegas, NV 89120","2026/06/02",1695,"3 Beds","Apartment"
"3800 Wynn Rd, Las Vegas, NV 89103","2026/06/02",899,"1 Bed","Apartment"
"3800 Wynn Rd, Las Vegas, NV 89103","2026/06/02",1410,"2 Beds","Apartment"
"1450 E Harmon Ave, Las Vegas, NV 89119","2026/06/02",695,"",NA
NA,NA,NA,NA,NA
"9265 W Russell Rd, Las Vegas, NV 89148","2026/06/02",1675,"Studio","Apartment"
"9265 W Russell Rd, Las Vegas, NV 89148","2026/06/02",1600,"1 Bed","Apartment"
"9265 W Russell Rd, Las Vegas, NV 89148","2026/06/02",1925,"2 Beds+","Apartment"
"10192 S Maryland Pkwy, Las Vegas, NV 89183","2026/06/02",1435,"2 Beds","Apartment"
"10192 S Maryland Pkwy, Las Vegas, NV 89183","2026/06/02",1615,"3 Beds","Apartment"
"713 E Sahara Ave, Las Vegas, NV 89104","2026/06/02",999,"1 Bed","Apartment"
"713 E Sahara Ave, Las Vegas, NV 89104","2026/06/02",1400,"2 Beds","Apartment"
"713 E Sahara Ave, Las Vegas, NV 89104","2026/06/02",1850,"3 Beds","Apartment"
"6650 E Russell Rd, Las Vegas, NV 89122","2026/06/02",1199,"1 Bed","Apartment"
"6650 E Russell Rd, Las Vegas, NV 89122","2026/06/02",1375,"2 Beds","Apartment"
"6650 E Russell Rd, Las Vegas, NV 89122","2026/06/02",1775,"3 Beds","Apartment"
NA,NA,NA,NA,NA
"5060 W Hacienda Ave, Las Vegas, NV 89118","2026/06/02",1254,"1 Bed","Apartment"
"5060 W Hacienda Ave, Las Vegas, NV 89118","2026/06/02",1384,"2 Beds","Apartment"
"3580 E Alexander Rd, Las Vegas, NV 89115","2026/06/02",1275,"1 Bed","Apartment"
"3580 E Alexander Rd, Las Vegas, NV 89115","2026/06/02",1475,"2 Beds","Apartment"
"3580 E Alexander Rd, Las Vegas, NV 89115","2026/06/02",1675,"3 Beds","Apartment"
"6170 Boulder Hwy, Las Vegas, NV 89122","2026/06/02",1340,"1 Bed","Apartment"
"6170 Boulder Hwy, Las Vegas, NV 89122","2026/06/02",1435,"2 Beds","Apartment"
"6170 Boulder Hwy, Las Vegas, NV 89122","2026/06/02",1778,"3 Beds","Apartment"
"4375 E Sunset Rd, Henderson, NV 89014","2026/06/02",1294,"1 Bed","Apartment"
"4375 E Sunset Rd, Henderson, NV 89014","2026/06/02",1526,"2 Beds","Apartment"
"129 E Rome Blvd, North Las Vegas, NV 89084","2026/06/02",1904,"1 Bed","Apartment"
"129 E Rome Blvd, North Las Vegas, NV 89084","2026/06/02",1977,"2 Beds","Apartment"
"129 E Rome Blvd, North Las Vegas, NV 89084","2026/06/02",2537,"3 Beds","Apartment"
"1350 Kelso Dunes Ave, Henderson, NV 89014","2026/06/02",1568,"1 Bed","Apartment"
"1350 Kelso Dunes Ave, Henderson, NV 89014","2026/06/02",1924,"2 Beds","Apartment"
"4555 Camino Al Norte, North Las Vegas, NV 89031","2026/06/02",1725,"1 Bed","Apartment"
"4555 Camino Al Norte, North Las Vegas, NV 89031","2026/06/02",1864,"2 Beds","Apartment"
"4555 Camino Al Norte, North Las Vegas, NV 89031","2026/06/02",2345,"3 Beds","Apartment"
"3125 N Boulder Hwy, Henderson, NV 89011","2026/06/02",1560,"1 Bed","Apartment"
"3125 N Boulder Hwy, Henderson, NV 89011","2026/06/02",2014,"2 Beds","Apartment"
"3125 N Boulder Hwy, Henderson, NV 89011","2026/06/02",2590,"3 Beds","Apartment"
"540 W Horizon Ridge Pky, Henderson, NV 89012","2026/06/02",2353,"2 Beds","Apartment"
"540 W Horizon Ridge Pky, Henderson, NV 89012","2026/06/02",2234,"3 Beds","Apartment"
NA,NA,NA,NA,NA
NA,NA,NA,NA,NA
"5453 S Durango Dr, Las Vegas, NV 89113","2026/06/02",1556,"1 Bed","Apartment"
"5453 S Durango Dr, Las Vegas, NV 89113","2026/06/02",1906,"2 Beds","Apartment"
"5453 S Durango Dr, Las Vegas, NV 89113","2026/06/02",2361,"3 Beds","Apartment"
"3651 N Rancho Dr, Las Vegas, NV 89130","2026/06/02",1332,"1 Bed","Apartment"
"3651 N Rancho Dr, Las Vegas, NV 89130","2026/06/02",1555,"2 Beds","Apartment"
"3651 N Rancho Dr, Las Vegas, NV 89130","2026/06/02",1776,"3 Beds","Apartment"
"1601 E Katie Ave, Las Vegas, NV 89119","2026/06/02",1185,"1 Bed","Apartment"
"1601 E Katie Ave, Las Vegas, NV 89119","2026/06/02",1660,"2 Beds","Apartment"
"7600 S Rainbow Blvd, Las Vegas, NV 89139","2026/06/02",1496,"1 Bed","Apartment"
"7600 S Rainbow Blvd, Las Vegas, NV 89139","2026/06/02",1816,"2 Beds","Apartment"
"8610 S Maryland Pky, Las Vegas, NV 89123","2026/06/02",1460,"1 Bed","Apartment"
"8610 S Maryland Pky, Las Vegas, NV 89123","2026/06/02",1700,"2 Beds","Apartment"
"8610 S Maryland Pky, Las Vegas, NV 89123","2026/06/02",2095,"3 Beds","Apartment"
"5175 Jerry Tarkanian Way, Las Vegas, NV 89148","2026/06/02",1654,"1 Bed","Apartment"
"5175 Jerry Tarkanian Way, Las Vegas, NV 89148","2026/06/02",2007,"2 Beds","Apartment"
"5175 Jerry Tarkanian Way, Las Vegas, NV 89148","2026/06/02",2682,"3 Beds","Apartment"
"9005 W Oquendo Rd, Las Vegas, NV 89148","2026/06/02",1486,"1 Bed","Apartment"
"9005 W Oquendo Rd, Las Vegas, NV 89148","2026/06/02",1881,"2 Beds","Apartment"
"5001 El Parque Ave, Las Vegas, NV 89146","2026/06/02",1312,"1 Bed","Apartment"
"5001 El Parque Ave, Las Vegas, NV 89146","2026/06/02",1354,"2 Beds","Apartment"
"3925 S Jones Blvd, Las Vegas, NV 89103","2026/06/02",1300,"1 Bed","Apartment"
"3925 S Jones Blvd, Las Vegas, NV 89103","2026/06/02",1475,"2 Beds","Apartment"
"3937 Spencer St, Las Vegas, NV 89119","2026/06/02",1014,"1 Bed","Apartment"
"3937 Spencer St, Las Vegas, NV 89119","2026/06/02",1269,"2 Beds","Apartment"
"4521 E Bonanza Rd, Las Vegas, NV 89110","2026/06/02",1199,"1 Bed","Apartment"
"4521 E Bonanza Rd, Las Vegas, NV 89110","2026/06/02",1481,"2 Beds","Apartment"
"650 S Town Center Dr, Las Vegas, NV 89144","2026/06/02",1682,"1 Bed","Apartment"
"650 S Town Center Dr, Las Vegas, NV 89144","2026/06/02",1750,"2 Beds","Apartment"
"650 S Town Center Dr, Las Vegas, NV 89144","2026/06/02",2282,"3 Beds","Apartment"
"7099 N Hualapai Way, Las Vegas, NV 89166","2026/06/02",1785,"1 Bed","Apartment"
"7099 N Hualapai Way, Las Vegas, NV 89166","2026/06/02",2156,"2 Beds","Apartment"
"8251 W Sunset Rd, Las Vegas, NV 89113","2026/06/02",1537,"1 Bed","Apartment"
"8251 W Sunset Rd, Las Vegas, NV 89113","2026/06/02",1922,"2 Beds","Apartment"
"3030 Robert Trent Jones Ln, Las Vegas, NV 89141","2026/06/02",1682,"1 Bed","Apartment"
"3030 Robert Trent Jones Ln, Las Vegas, NV 89141","2026/06/02",2170,"2 Beds","Apartment"
"11611 S Las Vegas Blvd, Las Vegas, NV 89183","2026/06/02",1639,"Studio","Apartment"
"11611 S Las Vegas Blvd, Las Vegas, NV 89183","2026/06/02",1554,"1 Bed","Apartment"
"11611 S Las Vegas Blvd, Las Vegas, NV 89183","2026/06/02",1959,"2 Beds","Apartment"
"1020 E Desert Inn Rd, Las Vegas, NV 89109","2026/06/02",1129,"Studio","Apartment"
"1020 E Desert Inn Rd, Las Vegas, NV 89109","2026/06/02",1185,"1 Bed","Apartment"
"1020 E Desert Inn Rd, Las Vegas, NV 89109","2026/06/02",1596,"2 Beds","Apartment"
"3355 S Town Center Dr, Las Vegas, NV 89135","2026/06/02",1635,"1 Bed","Apartment"
"3355 S Town Center Dr, Las Vegas, NV 89135","2026/06/02",1847,"2 Beds","Apartment"
"2251 S Fort Apache Rd, Las Vegas, NV 89117","2026/06/02",1314,"1 Bed","Apartment"
"2251 S Fort Apache Rd, Las Vegas, NV 89117","2026/06/02",1563,"2 Beds","Apartment"
"3335 Hauck St, Las Vegas, NV 89146","2026/06/02",1205,"1 Bed","Apartment"
"3335 Hauck St, Las Vegas, NV 89146","2026/06/02",1400,"2 Beds","Apartment"
"4316 E Tropicana Ave, Las Vegas, NV 89121","2026/06/02",1375,"2 Beds",NA
"10000 S Maryland Pky, Las Vegas, NV 89183","2026/06/02",1308,"1 Bed","Apartment"
"10000 S Maryland Pky, Las Vegas, NV 89183","2026/06/02",1613,"2 Beds","Apartment"
"346 Sturgeon Ln, Las Vegas, NV 89110","2026/06/02",1195,"1 Bed","Apartment"
"346 Sturgeon Ln, Las Vegas, NV 89110","2026/06/02",1260,"2 Beds","Apartment"
"346 Sturgeon Ln, Las Vegas, NV 89110","2026/06/02",1790,"3 Beds","Apartment"
"9314 W Russell Rd, Las Vegas, NV 89148","2026/06/02",1545,"1 Bed","Apartment"
"9314 W Russell Rd, Las Vegas, NV 89148","2026/06/02",1875,"2 Beds","Apartment"
"7800 S Rainbow Blvd, Las Vegas, NV 89139","2026/06/02",1428,"1 Bed","Apartment"
"7800 S Rainbow Blvd, Las Vegas, NV 89139","2026/06/02",1773,"2 Beds","Apartment"
"10925 Southern Highlands Pky, Las Vegas, NV 89141","2026/06/02",1441,"1 Bed","Apartment"
"10925 Southern Highlands Pky, Las Vegas, NV 89141","2026/06/02",1681,"2 Beds","Apartment"
"10925 Southern Highlands Pky, Las Vegas, NV 89141","2026/06/02",2011,"3 Beds","Apartment"
"7340 W Russell Rd, Las Vegas, NV 89113","2026/06/02",1394,"1 Bed","Apartment"
"7340 W Russell Rd, Las Vegas, NV 89113","2026/06/02",1551,"2 Beds","Apartment"
"7340 W Russell Rd, Las Vegas, NV 89113","2026/06/02",2708,"3 Beds","Apartment"
NA,NA,NA,NA,NA
"451 Crestdale Ln, Las Vegas, NV 89144","2026/06/02",2188,"2 Beds","Apartment"
"451 Crestdale Ln, Las Vegas, NV 89144","2026/06/02",2150,"3 Beds","Apartment"
"9850 Bermuda Rd, Las Vegas, NV 89183","2026/06/02",1289,"1 Bed","Apartment"
"9850 Bermuda Rd, Las Vegas, NV 89183","2026/06/02",1544,"2 Beds","Apartment"
"9850 Bermuda Rd, Las Vegas, NV 89183","2026/06/02",1837,"3 Beds","Apartment"
"10151 Dorrell Ln, Las Vegas, NV 89166","2026/06/02",1456,"1 Bed","Apartment"
"10151 Dorrell Ln, Las Vegas, NV 89166","2026/06/02",1636,"2 Beds","Apartment"
"10151 Dorrell Ln, Las Vegas, NV 89166","2026/06/02",2036,"3 Beds","Apartment"
"3132 N Jones Blvd, Las Vegas, NV 89108","2026/06/02",1280,"1 Bed","Apartment"
"3132 N Jones Blvd, Las Vegas, NV 89108","2026/06/02",1480,"2 Beds","Apartment"
"3132 N Jones Blvd, Las Vegas, NV 89108","2026/06/02",1980,"3 Beds","Apartment"
"5055 Tamarus St, Las Vegas, NV 89119","2026/06/02",1095,"1 Bed","Apartment"
"5055 Tamarus St, Las Vegas, NV 89119","2026/06/02",1250,"2 Beds","Apartment"
"3140 St Rose Pky, Las Vegas, NV 89183","2026/06/02",1417,"1 Bed","Apartment"
"3140 St Rose Pky, Las Vegas, NV 89183","2026/06/02",1456,"2 Beds","Apartment"
"3140 St Rose Pky, Las Vegas, NV 89183","2026/06/02",1997,"3 Beds","Apartment"
"3150 W Twain Ave, Las Vegas, NV 89103","2026/06/02",1485,"1 Bed","Apartment"
"3150 W Twain Ave, Las Vegas, NV 89103","2026/06/02",2010,"2 Beds","Apartment"
"3150 W Twain Ave, Las Vegas, NV 89103","2026/06/02",2595,"3 Beds","Apartment"
NA,NA,NA,NA,NA
"4150 S Hualapai Way, Las Vegas, NV 89147","2026/06/02",1598,"Studio","Apartment"
"4150 S Hualapai Way, Las Vegas, NV 89147","2026/06/02",1660,"1 Bed","Apartment"
"4150 S Hualapai Way, Las Vegas, NV 89147","2026/06/02",1822,"2 Beds+","Apartment"
"7230 Las Vegas Blvd S, Las Vegas, NV 89119","2026/06/02",1605,"1 Bed","Apartment"
"7230 Las Vegas Blvd S, Las Vegas, NV 89119","2026/06/02",1885,"2 Beds","Apartment"
"2855 N Walnut Rd, Las Vegas, NV 89115","2026/06/02",937,"Studio","Apartment"
"2855 N Walnut Rd, Las Vegas, NV 89115","2026/06/02",1117,"1 Bed","Apartment"
"2855 N Walnut Rd, Las Vegas, NV 89115","2026/06/02",1462,"2 Beds","Apartment"
"3150 S Decatur Blvd, Las Vegas, NV 89102","2026/06/02",1085,"1 Bed","Apartment"
"3150 S Decatur Blvd, Las Vegas, NV 89102","2026/06/02",1310,"2 Beds","Apartment"
"3150 S Decatur Blvd, Las Vegas, NV 89102","2026/06/02",1775,"3 Beds","Apartment"
"3210 S Sandhill Rd, Las Vegas, NV 89121","2026/06/02",1260,"1 Bed","Apartment"
"3210 S Sandhill Rd, Las Vegas, NV 89121","2026/06/02",1250,"2 Beds","Apartment"
"7001 W Charleston Blvd, Las Vegas, NV 89117","2026/06/02",1368,"1 Bed","Apartment"
"7001 W Charleston Blvd, Las Vegas, NV 89117","2026/06/02",1669,"2 Beds","Apartment"
"7001 W Charleston Blvd, Las Vegas, NV 89117","2026/06/02",1925,"3 Beds","Apartment"
"2800 S Lamb Blvd, Las Vegas, NV 89121","2026/06/02",1325,"2 Beds","Apartment"
"2800 S Lamb Blvd, Las Vegas, NV 89121","2026/06/02",1535,"3 Beds","Apartment"
"3975 N Nellis Blvd, Las Vegas, NV 89115","2026/06/02",1306,"1 Bed","Apartment"
"3975 N Nellis Blvd, Las Vegas, NV 89115","2026/06/02",1233,"2 Beds","Apartment"
"3955 Algonquin Dr, Las Vegas, NV 89119","2026/06/02",1016,"1 Bed","Apartment"
"3955 Algonquin Dr, Las Vegas, NV 89119","2026/06/02",1271,"2 Beds","Apartment"
"2601 S Pavilion Center Dr, Las Vegas, NV 89135","2026/06/02",1615,"1 Bed","Apartment"
"2601 S Pavilion Center Dr, Las Vegas, NV 89135","2026/06/02",1795,"2 Beds","Apartment"
"2601 S Pavilion Center Dr, Las Vegas, NV 89135","2026/06/02",1750,"3 Beds","Apartment"
"9901 W Sahara Ave, Las Vegas, NV 89117","2026/06/02",1258,"1 Bed","Apartment"
"9901 W Sahara Ave, Las Vegas, NV 89117","2026/06/02",1550,"2 Beds","Apartment"
NA,NA,NA,NA,NA
"1801 N Green Valley Pky, Las Vegas, NV 89074","2026/06/02",1380,"1 Bed","Apartment"
"1801 N Green Valley Pky, Las Vegas, NV 89074","2026/06/02",1395,"2 Beds","Apartment"
"1900 E Tropicana Ave, Las Vegas, NV 89119","2026/06/02",960,"1 Bed","Apartment"
"1900 E Tropicana Ave, Las Vegas, NV 89119","2026/06/02",1170,"2 Beds","Apartment"
"8440 Westcliff Dr, Las Vegas, NV 89145","2026/06/02",1216,"1 Bed","Apartment"
"8440 Westcliff Dr, Las Vegas, NV 89145","2026/06/02",1353,"2 Beds","Apartment"
"8440 Westcliff Dr, Las Vegas, NV 89145","2026/06/02",1756,"3 Beds","Apartment"
"3768 Howard Hughes Pky, Las Vegas, NV 89169","2026/06/02",1472,"Studio","Apartment"
"3768 Howard Hughes Pky, Las Vegas, NV 89169","2026/06/02",1508,"1 Bed","Apartment"
"3768 Howard Hughes Pky, Las Vegas, NV 89169","2026/06/02",2094,"2 Beds+","Apartment"
NA,NA,NA,NA,NA
"2683 S Decatur Blvd, Las Vegas, NV 89102","2026/06/02",1138,"1 Bed","Apartment"
"2683 S Decatur Blvd, Las Vegas, NV 89102","2026/06/02",1400,"2 Beds","Apartment"
"60 N Pecos Rd, Las Vegas, NV 89101","2026/06/02",1070,"1 Bed","Apartment"
"60 N Pecos Rd, Las Vegas, NV 89101","2026/06/02",1140,"2 Beds","Apartment"
"60 N Pecos Rd, Las Vegas, NV 89101","2026/06/02",1495,"3 Beds","Apartment"
"601-625 N 13th St, Las Vegas, NV 89101","2026/06/02",1105,"2 Beds","Apartment"
"601-625 N 13th St, Las Vegas, NV 89101","2026/06/02",1335,"3 Beds","Apartment"
"1600 S Valley View Blvd, Las Vegas, NV 89102","2026/06/02",1191,"1 Bed","Apartment"
"1600 S Valley View Blvd, Las Vegas, NV 89102","2026/06/02",1357,"2 Beds","Apartment"
"5355 S Rainbow Blvd, Las Vegas, NV 89118","2026/06/02",1345,"1 Bed","Apartment"
"5355 S Rainbow Blvd, Las Vegas, NV 89118","2026/06/02",1657,"2 Beds","Apartment"
"2635 Karen Ct, Las Vegas, NV 89109","2026/06/02",941,"Studio","Apartment"
"2635 Karen Ct, Las Vegas, NV 89109","2026/06/02",960,"1 Bed","Apartment"
"2635 Karen Ct, Las Vegas, NV 89109","2026/06/02",1150,"2 Beds+","Apartment"
"7545 Oso Blanca Rd, Las Vegas, NV 89149","2026/06/02",1229,"1 Bed","Apartment"
"7545 Oso Blanca Rd, Las Vegas, NV 89149","2026/06/02",1549,"2 Beds","Apartment"
"2405-2475 W Serene Ave, Las Vegas, NV 89123","2026/06/02",1140,"1 Bed","Apartment"
"2405-2475 W Serene Ave, Las Vegas, NV 89123","2026/06/02",1300,"2 Beds","Apartment"
"5419 W Tropicana Ave, Las Vegas, NV 89103","2026/06/02",1305,"1 Bed","Apartment"
"5419 W Tropicana Ave, Las Vegas, NV 89103","2026/06/02",1432,"2 Beds","Apartment"
"1350 N Town Center Dr, Las Vegas, NV 89144","2026/06/02",1432,"1 Bed","Apartment"
"1350 N Town Center Dr, Las Vegas, NV 89144","2026/06/02",1700,"2 Beds","Apartment"
"1350 N Town Center Dr, Las Vegas, NV 89144","2026/06/02",1945,"3 Beds","Apartment"
"7100 Grand Montecito Pky, Las Vegas, NV 89149","2026/06/02",1342,"1 Bed","Apartment"
"7100 Grand Montecito Pky, Las Vegas, NV 89149","2026/06/02",1803,"2 Beds","Apartment"
"3663 W Cactus Ave, Las Vegas, NV 89141","2026/06/02",1521,"1 Bed","Apartment"
"3663 W Cactus Ave, Las Vegas, NV 89141","2026/06/02",1826,"2 Beds","Apartment"
"3663 W Cactus Ave, Las Vegas, NV 89141","2026/06/02",2236,"3 Beds","Apartment"
"4600 Vegas Dr, Las Vegas, NV 89108","2026/06/02",999,"1 Bed","Apartment"
"4600 Vegas Dr, Las Vegas, NV 89108","2026/06/02",1125,"2 Beds","Apartment"
"1799 N Decatur Blvd, Las Vegas, NV 89108","2026/06/02",1074,"1 Bed","Apartment"
"1799 N Decatur Blvd, Las Vegas, NV 89108","2026/06/02",1334,"2 Beds","Apartment"
"5370 E Craig Rd, Las Vegas, NV 89115","2026/06/02",1000,"1 Bed","Apartment"
"5370 E Craig Rd, Las Vegas, NV 89115","2026/06/02",1425,"2 Beds","Apartment"
"5370 E Craig Rd, Las Vegas, NV 89115","2026/06/02",1487,"3 Beds","Apartment"
"2200 Club Pacific Way, Las Vegas, NV 89128","2026/06/02",1432,"2 Beds","Apartment"
"2200 Club Pacific Way, Las Vegas, NV 89128","2026/06/02",1685,"3 Beds","Apartment"
"1511 S Casino Center Blvd, Las Vegas, NV 89104","2026/06/02",815,"",NA
"1755 Palm St, Las Vegas, NV 89104","2026/06/02",926,"1 Bed","Apartment"
"1755 Palm St, Las Vegas, NV 89104","2026/06/02",1365,"2 Beds","Apartment"
"2720 W Serene Ave, Las Vegas, NV 89123","2026/06/02",1190,"1 Bed","Apartment"
"2720 W Serene Ave, Las Vegas, NV 89123","2026/06/02",1335,"2 Beds","Apartment"
"2720 W Serene Ave, Las Vegas, NV 89123","2026/06/02",1610,"3 Beds","Apartment"
"6415-6453 Casada Way, Las Vegas, NV 89107","2026/06/02",896,"Studio","Apartment"
"6415-6453 Casada Way, Las Vegas, NV 89107","2026/06/02",1105,"1 Bed","Apartment"
"6415-6453 Casada Way, Las Vegas, NV 89107","2026/06/02",1491,"2 Beds","Apartment"
"4550 W Sahara Ave, Las Vegas, NV 89102","2026/06/02",1203,"1 Bed","Apartment"
"4550 W Sahara Ave, Las Vegas, NV 89102","2026/06/02",1400,"2 Beds","Apartment"
"2660 N Buffalo Dr, Las Vegas, NV 89128","2026/06/02",1296,"Studio","Apartment"
"2660 N Buffalo Dr, Las Vegas, NV 89128","2026/06/02",1249,"1 Bed","Apartment"
"2660 N Buffalo Dr, Las Vegas, NV 89128","2026/06/02",1780,"2 Beds+","Apartment"
"2180 E Warm Springs Rd, Las Vegas, NV 89119","2026/06/02",1376,"1 Bed","Apartment"
"2180 E Warm Springs Rd, Las Vegas, NV 89119","2026/06/02",1602,"2 Beds","Apartment"
"2180 E Warm Springs Rd, Las Vegas, NV 89119","2026/06/02",1958,"3 Beds","Apartment"
NA,NA,NA,NA,NA
"2629 Wyandotte St, Las Vegas, NV 89102","2026/06/02",885,"1 Bed","Apartment"
"2629 Wyandotte St, Las Vegas, NV 89102","2026/06/02",1249,"2 Beds","Apartment"
"3333 N Michael Way, Las Vegas, NV 89108","2026/06/02",899,"1 Bed","Apartment"
"3333 N Michael Way, Las Vegas, NV 89108","2026/06/02",1225,"2 Beds","Apartment"
"2255 E Sunset Rd, Las Vegas, NV 89119","2026/06/02",996,"Studio","Apartment"
"2255 E Sunset Rd, Las Vegas, NV 89119","2026/06/02",1239,"1 Bed","Apartment"
"2255 E Sunset Rd, Las Vegas, NV 89119","2026/06/02",1425,"2 Beds","Apartment"
"1055 E Tropicana Ave, Las Vegas, NV 89119","2026/06/02",1814,"1 Bed","Apartment"
"1055 E Tropicana Ave, Las Vegas, NV 89119","2026/06/02",1094,"2 Beds","Apartment"
"1055 E Tropicana Ave, Las Vegas, NV 89119","2026/06/02",944,"3 Beds+","Apartment"
"7000 S Paradise Rd, Las Vegas, NV 89119","2026/06/02",1194,"1 Bed","Apartment"
"7000 S Paradise Rd, Las Vegas, NV 89119","2026/06/02",1289,"2 Beds","Apartment"
"7000 S Paradise Rd, Las Vegas, NV 89119","2026/06/02",1529,"3 Beds","Apartment"
"4450 S Hualapai Way, Las Vegas, NV 89147","2026/06/02",1449,"1 Bed","Apartment"
"4450 S Hualapai Way, Las Vegas, NV 89147","2026/06/02",1594,"2 Beds","Apartment"
"4450 S Hualapai Way, Las Vegas, NV 89147","2026/06/02",2347,"3 Beds","Apartment"
"5421 E Harmon Ave, Las Vegas, NV 89122","2026/06/02",900,"1 Bed","Apartment"
"5421 E Harmon Ave, Las Vegas, NV 89122","2026/06/02",990,"2 Beds","Apartment"
"5421 E Harmon Ave, Las Vegas, NV 89122","2026/06/02",1450,"3 Beds","Apartment"
"4515 S Durango Dr, Las Vegas, NV 89147","2026/06/02",1250,"1 Bed","Apartment"
"4515 S Durango Dr, Las Vegas, NV 89147","2026/06/02",1400,"2 Beds","Apartment"
"4515 S Durango Dr, Las Vegas, NV 89147","2026/06/02",1745,"3 Beds","Apartment"
"1001 Dumont Blvd, Las Vegas, NV 89169","2026/06/02",910,"1 Bed","Apartment"
"1001 Dumont Blvd, Las Vegas, NV 89169","2026/06/02",1245,"2 Beds","Apartment"
"1001 Dumont Blvd, Las Vegas, NV 89169","2026/06/02",1555,"3 Beds","Apartment"
"2540 Fremont St, Las Vegas, NV 89104","2026/06/02",725,"3 Beds",NA
"3770 University Center Dr, Las Vegas, NV 89119","2026/06/02",809,"Studio","Apartment"
"3770 University Center Dr, Las Vegas, NV 89119","2026/06/02",819,"1 Bed","Apartment"
"3955 E Charleston Blvd, Las Vegas, NV 89104","2026/06/02",1140,"1 Bed","Apartment"
"3955 E Charleston Blvd, Las Vegas, NV 89104","2026/06/02",1075,"2 Beds","Apartment"
"9051 Echelon Point Dr, Las Vegas, NV 89149","2026/06/02",2400,"2 Beds",NA
"1111 S Cimarron Rd, Las Vegas, NV 89117","2026/06/02",1320,"1 Bed","Apartment"
"1111 S Cimarron Rd, Las Vegas, NV 89117","2026/06/02",1520,"2 Beds","Apartment"
"3540 N Hualapai Way, Las Vegas, NV 89129","2026/06/02",1364,"1 Bed","Apartment"
"3540 N Hualapai Way, Las Vegas, NV 89129","2026/06/02",1655,"2 Beds","Apartment"
"3540 N Hualapai Way, Las Vegas, NV 89129","2026/06/02",1761,"3 Beds","Apartment"
"7017 S Buffalo Dr, Las Vegas, NV 89113","2026/06/02",1450,"1 Bed","Apartment"
"7017 S Buffalo Dr, Las Vegas, NV 89113","2026/06/02",1699,"2 Beds","Apartment"
"6570 W Flamingo Rd, Las Vegas, NV 89103","2026/06/02",1300,"1 Bed","Apartment"
"6570 W Flamingo Rd, Las Vegas, NV 89103","2026/06/02",1500,"2 Beds","Apartment"
"1700 N Lamb Blvd, Las Vegas, NV 89115","2026/06/02",1425,"2 Beds",NA
"6363 Clarice Ave, Las Vegas, NV 89107","2026/06/02",1024,"1 Bed","Apartment"
"6363 Clarice Ave, Las Vegas, NV 89107","2026/06/02",1115,"2 Beds","Apartment"
"6363 Clarice Ave, Las Vegas, NV 89107","2026/06/02",1455,"3 Beds","Apartment"
NA,NA,NA,NA,NA
"6931 Plentiful Spring Ct, Las Vegas, NV 89179","2026/06/02",2345,"2 Beds","Apartment"
"6931 Plentiful Spring Ct, Las Vegas, NV 89179","2026/06/02",2490,"3 Beds","Apartment"
"5600 Boulder Hwy, Las Vegas, NV 89122","2026/06/02",1156,"Studio","Apartment"
"5600 Boulder Hwy, Las Vegas, NV 89122","2026/06/02",1196,"1 Bed","Apartment"
"5600 Boulder Hwy, Las Vegas, NV 89122","2026/06/02",1636,"2 Beds","Apartment"
"1121 Lulu Ave, Las Vegas, NV 89119","2026/06/02",895,"1 Bed","Apartment"
"1121 Lulu Ave, Las Vegas, NV 89119","2026/06/02",1000,"2 Beds","Apartment"
"1121 Lulu Ave, Las Vegas, NV 89119","2026/06/02",1420,"3 Beds","Apartment"
"5024 Broken Sound Dr, Las Vegas, NV 89110","2026/06/02",947,"1 Bed","Apartment"
"5024 Broken Sound Dr, Las Vegas, NV 89110","2026/06/02",1175,"2 Beds","Apartment"
"5500 Mountain Vista St, Las Vegas, NV 89120","2026/06/02",1094,"1 Bed","Apartment"
"5500 Mountain Vista St, Las Vegas, NV 89120","2026/06/02",1371,"2 Beds","Apartment"
"4550 Karen Ave, Las Vegas, NV 89121","2026/06/02",1215,"2 Beds","Apartment"
"4550 Karen Ave, Las Vegas, NV 89121","2026/06/02",1385,"3 Beds","Apartment"
"1701 N Jones Blvd, Las Vegas, NV 89108","2026/06/02",1059,"1 Bed","Apartment"
"1701 N Jones Blvd, Las Vegas, NV 89108","2026/06/02",1268,"2 Beds","Apartment"
"930 Carnegie St, Henderson, NV 89052","2026/06/02",1577,"1 Bed","Apartment"
"930 Carnegie St, Henderson, NV 89052","2026/06/02",1882,"2 Beds","Apartment"
"930 Carnegie St, Henderson, NV 89052","2026/06/02",2102,"3 Beds","Apartment"
"3125 Warm Springs Rd, Henderson, NV 89014","2026/06/02",1282,"1 Bed","Apartment"
"3125 Warm Springs Rd, Henderson, NV 89014","2026/06/02",1414,"2 Beds","Apartment"
"3125 Warm Springs Rd, Henderson, NV 89014","2026/06/02",1725,"3 Beds","Apartment"
"225 S Stephanie St, Henderson, NV 89012","2026/06/02",1349,"1 Bed","Apartment"
"225 S Stephanie St, Henderson, NV 89012","2026/06/02",1551,"2 Beds","Apartment"
"2950 N Green Valley Pky, Henderson, NV 89014","2026/06/02",1335,"1 Bed","Apartment"
"2950 N Green Valley Pky, Henderson, NV 89014","2026/06/02",1690,"2 Beds","Apartment"
"985 Wigwam Pky, Henderson, NV 89014","2026/06/02",1390,"1 Bed","Apartment"
"985 Wigwam Pky, Henderson, NV 89014","2026/06/02",1770,"2 Beds","Apartment"
"985 Wigwam Pky, Henderson, NV 89014","2026/06/02",2404,"3 Beds","Apartment"
"2655 E Deer Springs Way, North Las Vegas, NV 89086","2026/06/02",1320,"1 Bed","Apartment"
"2655 E Deer Springs Way, North Las Vegas, NV 89086","2026/06/02",1630,"2 Beds","Apartment"
"2655 E Deer Springs Way, North Las Vegas, NV 89086","2026/06/02",2040,"3 Beds","Apartment"
"770 W Lone Mountain Rd, North Las Vegas, NV 89031","2026/06/02",1355,"2 Beds","Apartment"
"770 W Lone Mountain Rd, North Las Vegas, NV 89031","2026/06/02",1687,"3 Beds","Apartment"
"4325 W Rome Blvd, North Las Vegas, NV 89084","2026/06/02",1317,"1 Bed","Apartment"
"4325 W Rome Blvd, North Las Vegas, NV 89084","2026/06/02",1607,"2 Beds","Apartment"
"4325 W Rome Blvd, North Las Vegas, NV 89084","2026/06/02",2027,"3 Beds","Apartment"
"1349 W Horizon Ridge Pky, Henderson, NV 89012","2026/06/02",1413,"1 Bed","Apartment"
"1349 W Horizon Ridge Pky, Henderson, NV 89012","2026/06/02",1433,"2 Beds","Apartment"
"1349 W Horizon Ridge Pky, Henderson, NV 89012","2026/06/02",1808,"3 Beds","Apartment"
"831 Coronado Center Dr, Henderson, NV 89052","2026/06/02",1669,"1 Bed","Apartment"
"831 Coronado Center Dr, Henderson, NV 89052","2026/06/02",1914,"2 Beds","Apartment"
"831 Coronado Center Dr, Henderson, NV 89052","2026/06/02",2548,"3 Beds","Apartment"
"551 Eiger Way, Henderson, NV 89014","2026/06/02",1252,"1 Bed","Apartment"
"551 Eiger Way, Henderson, NV 89014","2026/06/02",1303,"2 Beds","Apartment"
"2125 N Las Vegas Blvd, North Las Vegas, NV 89030","2026/06/02",935,"1 Bed","Apartment"
"2125 N Las Vegas Blvd, North Las Vegas, NV 89030","2026/06/02",1170,"2 Beds","Apartment"
"2125 N Las Vegas Blvd, North Las Vegas, NV 89030","2026/06/02",1390,"3 Beds","Apartment"
"1070 Wellness Pl, Henderson, NV 89011","2026/06/02",1357,"Studio","Apartment"
"1070 Wellness Pl, Henderson, NV 89011","2026/06/02",1362,"1 Bed","Apartment"
"1070 Wellness Pl, Henderson, NV 89011","2026/06/02",1642,"2 Beds+","Apartment"
"595 S Green Valley Pky, Henderson, NV 89012","2026/06/02",1350,"1 Bed","Apartment"
"595 S Green Valley Pky, Henderson, NV 89012","2026/06/02",1550,"2 Beds","Apartment"
"6741 Boulder Hwy, Henderson, NV 89011","2026/06/02",1415,"1 Bed","Apartment"
"6741 Boulder Hwy, Henderson, NV 89011","2026/06/02",1815,"2 Beds","Apartment"
"2312 N Green Valley Pky, Henderson, NV 89014","2026/06/02",1236,"1 Bed","Apartment"
"2312 N Green Valley Pky, Henderson, NV 89014","2026/06/02",1435,"2 Beds","Apartment"
"7410 Kingsley Cove Ln, North Las Vegas, NV 89084","2026/06/02",2100,"2 Beds","Apartment"
"7410 Kingsley Cove Ln, North Las Vegas, NV 89084","2026/06/02",2299,"3 Beds","Apartment"
"625 Whitney Ranch Dr, Henderson, NV 89014","2026/06/02",1139,"1 Bed","Apartment"
"625 Whitney Ranch Dr, Henderson, NV 89014","2026/06/02",1254,"2 Beds","Apartment"
"625 Whitney Ranch Dr, Henderson, NV 89014","2026/06/02",1684,"3 Beds","Apartment"
"1895 N Green Valley Pky, Henderson, NV 89074","2026/06/02",1114,"1 Bed","Apartment"
"1895 N Green Valley Pky, Henderson, NV 89074","2026/06/02",1450,"2 Beds","Apartment"
"5005 Losee Rd, North Las Vegas, NV 89081","2026/06/02",1217,"1 Bed","Apartment"
"5005 Losee Rd, North Las Vegas, NV 89081","2026/06/02",1475,"2 Beds","Apartment"
"5005 Losee Rd, North Las Vegas, NV 89081","2026/06/02",1581,"3 Beds","Apartment"
"1100 N Center St, Henderson, NV 89015","2026/06/02",1143,"1 Bed","Apartment"
"1100 N Center St, Henderson, NV 89015","2026/06/02",1225,"2 Beds","Apartment"
"1100 N Center St, Henderson, NV 89015","2026/06/02",1570,"3 Beds","Apartment"
"125 E Regina Ave, North Las Vegas, NV 89031","2026/06/02",1473,"1 Bed","Apartment"
"125 E Regina Ave, North Las Vegas, NV 89031","2026/06/02",1750,"2 Beds","Apartment"
"4970 Camino Al Norte, North Las Vegas, NV 89031","2026/06/02",1650,"1 Bed","Apartment"
"4970 Camino Al Norte, North Las Vegas, NV 89031","2026/06/02",1850,"2 Beds","Apartment"
"4970 Camino Al Norte, North Las Vegas, NV 89031","2026/06/02",2100,"3 Beds","Apartment"
"9445 Titania Dawn St, Las Vegas, NV 89178","2026/06/02",2470,"2 Beds","Apartment"
"9445 Titania Dawn St, Las Vegas, NV 89178","2026/06/02",2470,"3 Beds","Apartment"
"4600 Sirius Ave, Las Vegas, NV 89102","2026/06/02",1047,"1 Bed","Apartment"
"4600 Sirius Ave, Las Vegas, NV 89102","2026/06/02",1242,"2 Beds","Apartment"
"2019 Fremont St, Las Vegas, NV 89101","2026/06/02",1045,"Studio","Apartment"
"2019 Fremont St, Las Vegas, NV 89101","2026/06/02",1200,"1 Bed","Apartment"
NA,NA,NA,NA,NA
"2881 N Rancho Dr, Las Vegas, NV 89130","2026/06/02",1270,"1 Bed","Apartment"
"2881 N Rancho Dr, Las Vegas, NV 89130","2026/06/02",1360,"2 Beds","Apartment"
"2881 N Rancho Dr, Las Vegas, NV 89130","2026/06/02",1730,"3 Beds","Apartment"
"5160 Tamarus St, Las Vegas, NV 89119","2026/06/02",1289,"1 Bed","Apartment"
"5160 Tamarus St, Las Vegas, NV 89119","2026/06/02",1387,"2 Beds","Apartment"
NA,NA,NA,NA,NA
"8760 W Patrick Ln, Las Vegas, NV 89148","2026/06/02",1685,"1 Bed","Apartment"
"8760 W Patrick Ln, Las Vegas, NV 89148","2026/06/02",1788,"2 Beds","Apartment"
"4801 Spencer St, Las Vegas, NV 89119","2026/06/02",1058,"1 Bed","Apartment"
"4801 Spencer St, Las Vegas, NV 89119","2026/06/02",1311,"2 Beds","Apartment"
"4801 Spencer St, Las Vegas, NV 89119","2026/06/02",2089,"3 Beds","Apartment"
"2301 S Valley View Blvd, Las Vegas, NV 89102","2026/06/02",1029,"1 Bed","Apartment"
"2301 S Valley View Blvd, Las Vegas, NV 89102","2026/06/02",1259,"2 Beds","Apartment"
"5145 Rawhide St, Las Vegas, NV 89122","2026/06/02",984,"1 Bed","Apartment"
"5145 Rawhide St, Las Vegas, NV 89122","2026/06/02",1309,"2 Beds","Apartment"
"5145 Rawhide St, Las Vegas, NV 89122","2026/06/02",1609,"3 Beds","Apartment"
"4965 S Nellis Blvd, Las Vegas, NV 89120","2026/06/02",1309,"1 Bed","Apartment"
"4965 S Nellis Blvd, Las Vegas, NV 89120","2026/06/02",1408,"2 Beds","Apartment"
"4965 S Nellis Blvd, Las Vegas, NV 89120","2026/06/02",1584,"3 Beds","Apartment"
"9405 S Eastern Ave, Las Vegas, NV 89123","2026/06/02",1373,"1 Bed","Apartment"
"9405 S Eastern Ave, Las Vegas, NV 89123","2026/06/02",1585,"2 Beds","Apartment"
"9405 S Eastern Ave, Las Vegas, NV 89123","2026/06/02",2002,"3 Beds","Apartment"
"1220 Tree Line Dr, Las Vegas, NV 89142","2026/06/02",1247,"2 Beds","Apartment"
"1220 Tree Line Dr, Las Vegas, NV 89142","2026/06/02",1425,"3 Beds","Apartment"
"3900 Dalecrest Dr, Las Vegas, NV 89129","2026/06/02",1292,"1 Bed","Apartment"
"3900 Dalecrest Dr, Las Vegas, NV 89129","2026/06/02",1517,"2 Beds","Apartment"
"3900 Dalecrest Dr, Las Vegas, NV 89129","2026/06/02",1892,"3 Beds","Apartment"
"1015 S 3rd St, Las Vegas, NV 89101","2026/06/02",1196,"3 Beds",NA
"330 S 11th St, Las Vegas, NV 89101","2026/06/02",1275,"3 Beds",NA
"4080 W Twain Ave, Las Vegas, NV 89103","2026/06/02",1186,"1 Bed","Apartment"
"4080 W Twain Ave, Las Vegas, NV 89103","2026/06/02",1438,"2 Beds","Apartment"
"4080 W Twain Ave, Las Vegas, NV 89103","2026/06/02",1980,"3 Beds","Apartment"
NA,NA,NA,NA,NA
"6435 Grass Meadows Dr, Las Vegas, NV 89142","2026/06/02",1280,"1 Bed","Apartment"
"6435 Grass Meadows Dr, Las Vegas, NV 89142","2026/06/02",1560,"2 Beds","Apartment"
"6435 Grass Meadows Dr, Las Vegas, NV 89142","2026/06/02",1730,"3 Beds","Apartment"
"3150 S Nellis Blvd, Las Vegas, NV 89121","2026/06/02",1392,"1 Bed","Apartment"
"3150 S Nellis Blvd, Las Vegas, NV 89121","2026/06/02",1561,"2 Beds","Apartment"
"3150 S Nellis Blvd, Las Vegas, NV 89121","2026/06/02",1781,"3 Beds","Apartment"
"4480 Sirius Ave, Las Vegas, NV 89102","2026/06/02",852,"Studio","Apartment"
"4480 Sirius Ave, Las Vegas, NV 89102","2026/06/02",952,"1 Bed","Apartment"
"4480 Sirius Ave, Las Vegas, NV 89102","2026/06/02",1060,"2 Beds+","Apartment"
"451 N Nellis Blvd, Las Vegas, NV 89110","2026/06/02",1200,"1 Bed","Apartment"
"451 N Nellis Blvd, Las Vegas, NV 89110","2026/06/02",1382,"2 Beds","Apartment"
"451 N Nellis Blvd, Las Vegas, NV 89110","2026/06/02",1840,"3 Beds","Apartment"
"10750 El Camino Rd, Las Vegas, NV 89141","2026/06/02",1557,"1 Bed","Apartment"
"10750 El Camino Rd, Las Vegas, NV 89141","2026/06/02",1484,"2 Beds","Apartment"
"3121-3161 Karen Ave, Las Vegas, NV 89121","2026/06/02",875,"2 Beds",NA
"330 S 7th St, Las Vegas, NV 89101","2026/06/02",820,"Studio","Apartment"
"330 S 7th St, Las Vegas, NV 89101","2026/06/02",1300,"1 Bed","Apartment"
"330 S 7th St, Las Vegas, NV 89101","2026/06/02",1350,"2 Beds","Apartment"
"525 E Saint Louis Ave, Las Vegas, NV 89104","2026/06/02",595,"Studio","Apartment"
"525 E Saint Louis Ave, Las Vegas, NV 89104","2026/06/02",795,"1 Bed","Apartment"
"525 E Saint Louis Ave, Las Vegas, NV 89104","2026/06/02",950,"2 Beds","Apartment"
"344 E Desert Inn Rd, Las Vegas, NV 89109","2026/06/02",329,"1 Bed","Apartment"
"344 E Desert Inn Rd, Las Vegas, NV 89109","2026/06/02",2108,"2 Beds","Apartment"
"3949 W Alexander Rd, North Las Vegas, NV 89032","2026/06/02",1319,"Studio","Apartment"
"3949 W Alexander Rd, North Las Vegas, NV 89032","2026/06/02",1440,"1 Bed","Apartment"
"3949 W Alexander Rd, North Las Vegas, NV 89032","2026/06/02",1674,"2 Beds","Apartment"
"122 N Jessup Rd, Henderson, NV 89074","2026/06/02",1598,"1 Bed","Apartment"
"122 N Jessup Rd, Henderson, NV 89074","2026/06/02",1638,"2 Beds","Apartment"
"122 N Jessup Rd, Henderson, NV 89074","2026/06/02",2158,"3 Beds","Apartment"
"1250 Wigwam Pky, Henderson, NV 89074","2026/06/02",1449,"1 Bed","Apartment"
"1250 Wigwam Pky, Henderson, NV 89074","2026/06/02",1544,"2 Beds","Apartment"
"3355 Arville St, Las Vegas, NV 89102","2026/06/02",1357,"2 Beds",NA
NA,NA,NA,NA,NA
"2950 S Decatur Blvd, Las Vegas, NV 89102","2026/06/02",1158,"Studio","Apartment"
"2950 S Decatur Blvd, Las Vegas, NV 89102","2026/06/02",1258,"1 Bed","Apartment"
"2950 S Decatur Blvd, Las Vegas, NV 89102","2026/06/02",1492,"2 Beds","Apartment"
"231 N 11th St, Las Vegas, NV 89101","2026/06/02",1456,"2 Beds",NA
"230 N 11th St, Las Vegas, NV 89101","2026/06/02",1044,"2 Beds",NA
"8530 W Sahara Ave, Las Vegas, NV 89117","2026/06/02",1252,"1 Bed","Apartment"
"8530 W Sahara Ave, Las Vegas, NV 89117","2026/06/02",1491,"2 Beds","Apartment"
"7227 W Windmill Ln, Las Vegas, NV 89113","2026/06/02",1616,"1 Bed","Apartment"
"7227 W Windmill Ln, Las Vegas, NV 89113","2026/06/02",1801,"2 Beds","Apartment"
"375 E Starr Ave, Las Vegas, NV 89183","2026/06/02",1533,"1 Bed","Apartment"
"375 E Starr Ave, Las Vegas, NV 89183","2026/06/02",1721,"2 Beds","Apartment"
"8600 N Grand Canyon Dr, Las Vegas, NV 89166","2026/06/02",1569,"1 Bed","Apartment"
"8600 N Grand Canyon Dr, Las Vegas, NV 89166","2026/06/02",1715,"2 Beds","Apartment"
"5280 W Hacienda Ave, Las Vegas, NV 89118","2026/06/02",1395,"1 Bed","Apartment"
"5280 W Hacienda Ave, Las Vegas, NV 89118","2026/06/02",1595,"2 Beds","Apartment"
"5280 W Hacienda Ave, Las Vegas, NV 89118","2026/06/02",1791,"3 Beds","Apartment"
"2601 S Grand Canyon Dr, Las Vegas, NV 89117","2026/06/02",1430,"1 Bed","Apartment"
"2601 S Grand Canyon Dr, Las Vegas, NV 89117","2026/06/02",1568,"2 Beds","Apartment"
"8400 S Maryland Pky, Las Vegas, NV 89123","2026/06/02",1355,"1 Bed","Apartment"
"8400 S Maryland Pky, Las Vegas, NV 89123","2026/06/02",1559,"2 Beds","Apartment"
"8400 S Maryland Pky, Las Vegas, NV 89123","2026/06/02",1990,"3 Beds","Apartment"
"9145 Echelon Point Dr, Las Vegas, NV 89149","2026/06/02",1554,"1 Bed","Apartment"
"9145 Echelon Point Dr, Las Vegas, NV 89149","2026/06/02",1739,"2 Beds","Apartment"
"9145 Echelon Point Dr, Las Vegas, NV 89149","2026/06/02",2099,"3 Beds","Apartment"
"1700 Alta Dr, Las Vegas, NV 89106","2026/06/02",1282,"1 Bed","Apartment"
"1700 Alta Dr, Las Vegas, NV 89106","2026/06/02",1446,"2 Beds","Apartment"
"3555 Stober Blvd, Las Vegas, NV 89103","2026/06/02",1115,"1 Bed","Apartment"
"3555 Stober Blvd, Las Vegas, NV 89103","2026/06/02",1300,"2 Beds","Apartment"
"4000 E Bonanza Rd, Las Vegas, NV 89110","2026/06/02",1333,"1 Bed","Apartment"
"4000 E Bonanza Rd, Las Vegas, NV 89110","2026/06/02",1786,"2 Beds","Apartment"
"4000 E Bonanza Rd, Las Vegas, NV 89110","2026/06/02",2043,"3 Beds","Apartment"
"2895 E Charleston Blvd, Las Vegas, NV 89104","2026/06/02",911,"1 Bed","Apartment"
"2895 E Charleston Blvd, Las Vegas, NV 89104","2026/06/02",1051,"2 Beds","Apartment"
"2895 E Charleston Blvd, Las Vegas, NV 89104","2026/06/02",1341,"3 Beds","Apartment"
"5870 W Harmon Ave, Las Vegas, NV 89103","2026/06/02",1223,"1 Bed","Apartment"
"5870 W Harmon Ave, Las Vegas, NV 89103","2026/06/02",1756,"2 Beds","Apartment"
"5400 S Maryland Pky, Las Vegas, NV 89119","2026/06/02",1054,"1 Bed","Apartment"
"5400 S Maryland Pky, Las Vegas, NV 89119","2026/06/02",1189,"2 Beds","Apartment"
"5400 S Maryland Pky, Las Vegas, NV 89119","2026/06/02",1489,"3 Beds","Apartment"
"1200 Redwood St, Las Vegas, NV 89146","2026/06/02",1043,"1 Bed","Apartment"
"1200 Redwood St, Las Vegas, NV 89146","2026/06/02",1153,"2 Beds","Apartment"
"5400 W Cheyenne Ave, Las Vegas, NV 89108","2026/06/02",1242,"1 Bed","Apartment"
"5400 W Cheyenne Ave, Las Vegas, NV 89108","2026/06/02",1356,"2 Beds","Apartment"
"1536 N 22nd St, Las Vegas, NV 89101","2026/06/02",1195,"2 Beds",NA
"5101 E Twain Ave, Las Vegas, NV 89122","2026/06/02",929,"1 Bed","Apartment"
"5101 E Twain Ave, Las Vegas, NV 89122","2026/06/02",1189,"2 Beds","Apartment"
"3875 Cambridge St, Las Vegas, NV 89119","2026/06/02",980,"1 Bed","Apartment"
"3875 Cambridge St, Las Vegas, NV 89119","2026/06/02",1390,"2 Beds","Apartment"
"3875 Cambridge St, Las Vegas, NV 89119","2026/06/02",1765,"3 Beds","Apartment"
"8975 W Warm Springs Rd, Las Vegas, NV 89148","2026/06/02",1534,"1 Bed","Apartment"
"8975 W Warm Springs Rd, Las Vegas, NV 89148","2026/06/02",1732,"2 Beds","Apartment"
"8975 W Warm Springs Rd, Las Vegas, NV 89148","2026/06/02",2024,"3 Beds","Apartment"
"401 N 28th St, Las Vegas, NV 89101","2026/06/02",979,"1 Bed","Apartment"
"401 N 28th St, Las Vegas, NV 89101","2026/06/02",1154,"2 Beds","Apartment"
"401 N 28th St, Las Vegas, NV 89101","2026/06/02",1454,"3 Beds","Apartment"
"5155 S Torrey Pines Dr, Las Vegas, NV 89118","2026/06/02",1353,"1 Bed","Apartment"
"5155 S Torrey Pines Dr, Las Vegas, NV 89118","2026/06/02",1646,"2 Beds","Apartment"
"3120 Wynn Rd, Las Vegas, NV 89102","2026/06/02",1138,"1 Bed","Apartment"
"3120 Wynn Rd, Las Vegas, NV 89102","2026/06/02",1238,"2 Beds","Apartment"
"5055 E Charleston Blvd, Las Vegas, NV 89104","2026/06/02",1052,"1 Bed","Apartment"
"5055 E Charleston Blvd, Las Vegas, NV 89104","2026/06/02",1160,"2 Beds","Apartment"
"5450 S Fort Apache Rd, Las Vegas, NV 89148","2026/06/02",1669,"1 Bed","Apartment"
"5450 S Fort Apache Rd, Las Vegas, NV 89148","2026/06/02",1833,"2 Beds","Apartment"
"4441 Escondido St, Las Vegas, NV 89119","2026/06/02",975,"1 Bed","Apartment"
"4441 Escondido St, Las Vegas, NV 89119","2026/06/02",1075,"2 Beds","Apartment"
"9999 W Katie Ave, Las Vegas, NV 89147","2026/06/02",1595,"1 Bed","Apartment"
"9999 W Katie Ave, Las Vegas, NV 89147","2026/06/02",1795,"2 Beds","Apartment"
"9999 W Katie Ave, Las Vegas, NV 89147","2026/06/02",2295,"3 Beds","Apartment"
"7688 Blue Diamond Rd, Las Vegas, NV 89178","2026/06/02",1479,"1 Bed","Apartment"
"7688 Blue Diamond Rd, Las Vegas, NV 89178","2026/06/02",1670,"2 Beds","Apartment"
"8180 S Rainbow Blvd, Las Vegas, NV 89139","2026/06/02",1495,"1 Bed","Apartment"
"8180 S Rainbow Blvd, Las Vegas, NV 89139","2026/06/02",1706,"2 Beds","Apartment"
"8960 Post Rd, Las Vegas, NV 89148","2026/06/02",1543,"1 Bed","Apartment"
"8960 Post Rd, Las Vegas, NV 89148","2026/06/02",1649,"2 Beds","Apartment"
"4801 Harrison Dr, Las Vegas, NV 89121","2026/06/02",1035,"Studio","Apartment"
"4801 Harrison Dr, Las Vegas, NV 89121","2026/06/02",1050,"1 Bed","Apartment"
"4801 Harrison Dr, Las Vegas, NV 89121","2026/06/02",1275,"2 Beds+","Apartment"
"1600 Queen Victoria St, Las Vegas, NV 89144","2026/06/02",1645,"1 Bed","Apartment"
"1600 Queen Victoria St, Las Vegas, NV 89144","2026/06/02",1890,"2 Beds","Apartment"
"3240 W Harmon Ave, Las Vegas, NV 89103","2026/06/02",1880,"1 Bed","Apartment"
"3240 W Harmon Ave, Las Vegas, NV 89103","2026/06/02",2650,"2 Beds","Apartment"
"3240 W Harmon Ave, Las Vegas, NV 89103","2026/06/02",3100,"3 Beds","Apartment"
"9235 W Russell Rd, Las Vegas, NV 89148","2026/06/02",1835,"Studio","Apartment"
"9235 W Russell Rd, Las Vegas, NV 89148","2026/06/02",2085,"1 Bed","Apartment"
"9235 W Russell Rd, Las Vegas, NV 89148","2026/06/02",2835,"2 Beds","Apartment"
"1600 E Rochelle Ave, Las Vegas, NV 89119","2026/06/02",895,"1 Bed","Apartment"
"1600 E Rochelle Ave, Las Vegas, NV 89119","2026/06/02",1240,"2 Beds","Apartment"
"1600 E Rochelle Ave, Las Vegas, NV 89119","2026/06/02",1550,"3 Beds","Apartment"
"5540 W Harmon Ave, Las Vegas, NV 89103","2026/06/02",1179,"1 Bed","Apartment"
"5540 W Harmon Ave, Las Vegas, NV 89103","2026/06/02",1318,"2 Beds","Apartment"
"5540 W Harmon Ave, Las Vegas, NV 89103","2026/06/02",1624,"3 Beds","Apartment"
"10493 Jellison Ave, Las Vegas, NV 89166","2026/06/02",2412,"2 Beds","Apartment"
"10493 Jellison Ave, Las Vegas, NV 89166","2026/06/02",2511,"3 Beds","Apartment"
"5055 S Lindell Rd, Las Vegas, NV 89118","2026/06/02",1249,"Studio","Apartment"
"5055 S Lindell Rd, Las Vegas, NV 89118","2026/06/02",1183,"1 Bed","Apartment"
"5055 S Lindell Rd, Las Vegas, NV 89118","2026/06/02",1456,"2 Beds","Apartment"
"8350 W Desert Inn Rd, Las Vegas, NV 89117","2026/06/02",1470,"1 Bed","Apartment"
"8350 W Desert Inn Rd, Las Vegas, NV 89117","2026/06/02",1649,"2 Beds","Apartment"
"8350 W Desert Inn Rd, Las Vegas, NV 89117","2026/06/02",2080,"3 Beds","Apartment"
"900 E Desert Inn Rd, Las Vegas, NV 89109","2026/06/02",1589,"1 Bed","Apartment"
"900 E Desert Inn Rd, Las Vegas, NV 89109","2026/06/02",1814,"2 Beds","Apartment"
"7101 Smoke Ranch Rd, Las Vegas, NV 89128","2026/06/02",1251,"1 Bed","Apartment"
"7101 Smoke Ranch Rd, Las Vegas, NV 89128","2026/06/02",1498,"2 Beds","Apartment"
"7101 Smoke Ranch Rd, Las Vegas, NV 89128","2026/06/02",1779,"3 Beds","Apartment"
"4051 W Viking Rd, Las Vegas, NV 89103","2026/06/02",1003,"1 Bed","Apartment"
"4051 W Viking Rd, Las Vegas, NV 89103","2026/06/02",1413,"2 Beds","Apartment"
"3896 University Center Dr, Las Vegas, NV 89119","2026/06/02",1350,"2 Beds","Apartment"
"3896 University Center Dr, Las Vegas, NV 89119","2026/06/02",1725,"3 Beds","Apartment"
"3896 University Center Dr, Las Vegas, NV 89119","2026/06/02",1940,"4 Beds","Apartment"
"4485 Pennwood Ave, Las Vegas, NV 89102","2026/06/02",1141,"1 Bed","Apartment"
"4485 Pennwood Ave, Las Vegas, NV 89102","2026/06/02",1366,"2 Beds","Apartment"
"4485 Pennwood Ave, Las Vegas, NV 89102","2026/06/02",1583,"3 Beds","Apartment"
"6767 W Windmill Ln, Las Vegas, NV 89139","2026/06/02",1378,"1 Bed","Apartment"
"6767 W Windmill Ln, Las Vegas, NV 89139","2026/06/02",1623,"2 Beds","Apartment"
"549 Sierra Vista Dr, Las Vegas, NV 89169","2026/06/02",803,"Studio","Apartment"
"549 Sierra Vista Dr, Las Vegas, NV 89169","2026/06/02",1003,"1 Bed","Apartment"
"4201 S Decatur Blvd, Las Vegas, NV 89103","2026/06/02",1105,"1 Bed","Apartment"
"4201 S Decatur Blvd, Las Vegas, NV 89103","2026/06/02",1350,"2 Beds","Apartment"
"7855 Deer Springs Way, Las Vegas, NV 89131","2026/06/02",1717,"1 Bed","Apartment"
"7855 Deer Springs Way, Las Vegas, NV 89131","2026/06/02",1558,"2 Beds","Apartment"
"7855 Deer Springs Way, Las Vegas, NV 89131","2026/06/02",1842,"3 Beds","Apartment"
"2675 S Nellis Blvd, Las Vegas, NV 89121","2026/06/02",1049,"1 Bed","Apartment"
"2675 S Nellis Blvd, Las Vegas, NV 89121","2026/06/02",1245,"2 Beds","Apartment"
"711 E Carson Ave, Las Vegas, NV 89101","2026/06/02",8756,"2 Beds",NA
NA,NA,NA,NA,NA
"1101 Dumont Blvd, Las Vegas, NV 89169","2026/06/02",8656,"2 Beds",NA
"110 S Bruce St, Las Vegas, NV 89101","2026/06/02",815,"2 Beds",NA
"10200 Giles Rd, Las Vegas, NV 89183","2026/06/02",1310,"1 Bed","Apartment"
"10200 Giles Rd, Las Vegas, NV 89183","2026/06/02",1541,"2 Beds","Apartment"
"10200 Giles Rd, Las Vegas, NV 89183","2026/06/02",1907,"3 Beds","Apartment"
"4200 N Tenaya Way, Las Vegas, NV 89129","2026/06/02",1187,"1 Bed","Apartment"
"4200 N Tenaya Way, Las Vegas, NV 89129","2026/06/02",1425,"2 Beds","Apartment"
"3890 Cambridge St, Las Vegas, NV 89119","2026/06/02",7256,"2 Beds",NA
"8777 W Maule Ave, Las Vegas, NV 89148","2026/06/02",1615,"1 Bed","Apartment"
"8777 W Maule Ave, Las Vegas, NV 89148","2026/06/02",1750,"2 Beds","Apartment"
"8777 W Maule Ave, Las Vegas, NV 89148","2026/06/02",1970,"3 Beds","Apartment"
"1270 Burnham Ave, Las Vegas, NV 89104","2026/06/02",930,"1 Bed","Apartment"
"1270 Burnham Ave, Las Vegas, NV 89104","2026/06/02",1242,"2 Beds","Apartment"
"5316 Danville Ln, Las Vegas, NV 89119","2026/06/02",1203,"1 Bed","Apartment"
"5316 Danville Ln, Las Vegas, NV 89119","2026/06/02",1412,"2 Beds","Apartment"
"4995 S Maryland Pky, Las Vegas, NV 89119","2026/06/02",899,"1 Bed","Apartment"
"4995 S Maryland Pky, Las Vegas, NV 89119","2026/06/02",1099,"2 Beds","Apartment"
"4995 S Maryland Pky, Las Vegas, NV 89119","2026/06/02",1486,"3 Beds","Apartment"
"5250 Stewart Ave, Las Vegas, NV 89110","2026/06/02",1224,"1 Bed","Apartment"
"5250 Stewart Ave, Las Vegas, NV 89110","2026/06/02",1390,"2 Beds","Apartment"
"5250 Stewart Ave, Las Vegas, NV 89110","2026/06/02",1891,"3 Beds","Apartment"
"6360 E Sahara Ave, Las Vegas, NV 89142","2026/06/02",1355,"1 Bed","Apartment"
"6360 E Sahara Ave, Las Vegas, NV 89142","2026/06/02",1600,"2 Beds","Apartment"
"6360 E Sahara Ave, Las Vegas, NV 89142","2026/06/02",1914,"3 Beds","Apartment"
"2192 S Nellis Blvd, Las Vegas, NV 89104","2026/06/02",956,"1 Bed","Apartment"
"2192 S Nellis Blvd, Las Vegas, NV 89104","2026/06/02",918,"2 Beds","Apartment"
"9436-9450 W Hacienda Ave, Las Vegas, NV 89148","2026/06/02",1393,"1 Bed","Apartment"
"9436-9450 W Hacienda Ave, Las Vegas, NV 89148","2026/06/02",1638,"2 Beds","Apartment"
"7075 W Gowan Rd, Las Vegas, NV 89129","2026/06/02",1184,"1 Bed","Apartment"
"7075 W Gowan Rd, Las Vegas, NV 89129","2026/06/02",1347,"2 Beds","Apartment"
"4255 W Viking Rd, Las Vegas, NV 89103","2026/06/02",1073,"Studio","Apartment"
"4255 W Viking Rd, Las Vegas, NV 89103","2026/06/02",1019,"1 Bed","Apartment"
"4255 W Viking Rd, Las Vegas, NV 89103","2026/06/02",1092,"2 Beds+","Apartment"
"4020 Arville St, Las Vegas, NV 89103","2026/06/02",1095,"1 Bed","Apartment"
"4020 Arville St, Las Vegas, NV 89103","2026/06/02",1220,"2 Beds","Apartment"
"2701 N Rainbow Blvd, Las Vegas, NV 89108","2026/06/02",1249,"1 Bed","Apartment"
"2701 N Rainbow Blvd, Las Vegas, NV 89108","2026/06/02",1425,"2 Beds","Apartment"
"2701 N Rainbow Blvd, Las Vegas, NV 89108","2026/06/02",1628,"3 Beds","Apartment"
"3651 S Arville St, Las Vegas, NV 89103","2026/06/02",850,"Studio","Apartment"
"3651 S Arville St, Las Vegas, NV 89103","2026/06/02",925,"1 Bed","Apartment"
"3651 S Arville St, Las Vegas, NV 89103","2026/06/02",1300,"2 Beds","Apartment"
"6500 Vegas Dr, Las Vegas, NV 89108","2026/06/02",1388,"1 Bed","Apartment"
"6500 Vegas Dr, Las Vegas, NV 89108","2026/06/02",1633,"2 Beds","Apartment"
"2675 W Agate Ave, Las Vegas, NV 89123","2026/06/02",956,"1 Bed","Apartment"
"2675 W Agate Ave, Las Vegas, NV 89123","2026/06/02",1147,"2 Beds","Apartment"
"3070 S Nellis Blvd, Las Vegas, NV 89121","2026/06/02",920,"1 Bed","Apartment"
"3070 S Nellis Blvd, Las Vegas, NV 89121","2026/06/02",1015,"2 Beds","Apartment"
"3070 S Nellis Blvd, Las Vegas, NV 89121","2026/06/02",1415,"3 Beds","Apartment"
"4855 Vegas Valley Dr, Las Vegas, NV 89121","2026/06/02",1022,"1 Bed","Apartment"
"4855 Vegas Valley Dr, Las Vegas, NV 89121","2026/06/02",1131,"2 Beds","Apartment"
"4855 Vegas Valley Dr, Las Vegas, NV 89121","2026/06/02",1531,"3 Beds","Apartment"
"6460 E Russell Rd, Las Vegas, NV 89122","2026/06/02",1147,"1 Bed","Apartment"
"6460 E Russell Rd, Las Vegas, NV 89122","2026/06/02",918,"2 Beds","Apartment"
"4850 W Rome Blvd, Las Vegas, NV 89131","2026/06/02",874,"Studio","Apartment"
"4850 W Rome Blvd, Las Vegas, NV 89131","2026/06/02",1128,"1 Bed","Apartment"
"4850 W Rome Blvd, Las Vegas, NV 89131","2026/06/02",1124,"2 Beds","Apartment"
"4505 Paradise Rd, Las Vegas, NV 89169","2026/06/02",600,"Studio","Apartment"
"4505 Paradise Rd, Las Vegas, NV 89169","2026/06/02",800,"1 Bed","Apartment"
"3601 El Conlon Ave, Las Vegas, NV 89102","2026/06/02",363,"1 Bed",NA
"3501 S Maryland Pky, Las Vegas, NV 89169","2026/06/02",1255,"1 Bed","Apartment"
"3501 S Maryland Pky, Las Vegas, NV 89169","2026/06/02",1396,"2 Beds","Apartment"
"3501 S Maryland Pky, Las Vegas, NV 89169","2026/06/02",1750,"3 Beds","Apartment"
"522 N Lamb Blvd, Las Vegas, NV 89110","2026/06/02",1006,"1 Bed","Apartment"
"522 N Lamb Blvd, Las Vegas, NV 89110","2026/06/02",1268,"2 Beds","Apartment"
"522 N Lamb Blvd, Las Vegas, NV 89110","2026/06/02",1374,"3 Beds","Apartment"
"6655 S Fort Apache, Las Vegas, NV 89148","2026/06/02",1464,"1 Bed","Apartment"
"6655 S Fort Apache, Las Vegas, NV 89148","2026/06/02",1819,"2 Beds","Apartment"
"9170 W Oquendo Rd, Las Vegas, NV 89148","2026/06/02",1450,"1 Bed","Apartment"
"9170 W Oquendo Rd, Las Vegas, NV 89148","2026/06/02",2039,"2 Beds","Apartment"
"4255 Channel 10 Dr, Las Vegas, NV 89119","2026/06/02",1099,"1 Bed","Apartment"
"4255 Channel 10 Dr, Las Vegas, NV 89119","2026/06/02",1099,"2 Beds","Apartment"
"4255 Channel 10 Dr, Las Vegas, NV 89119","2026/06/02",1575,"3 Beds","Apartment"
NA,NA,NA,NA,NA
"98 S Martin L King Blvd, Las Vegas, NV 89106","2026/06/02",923,"Studio","Apartment"
"98 S Martin L King Blvd, Las Vegas, NV 89106","2026/06/02",1068,"1 Bed","Apartment"
"98 S Martin L King Blvd, Las Vegas, NV 89106","2026/06/02",1126,"2 Beds+","Apartment"
"2950 Clifford St, Las Vegas, NV 89115","2026/06/02",900,"1 Bed","Apartment"
"2950 Clifford St, Las Vegas, NV 89115","2026/06/02",1095,"2 Beds","Apartment"
"2201 N Buffalo Dr, Las Vegas, NV 89128","2026/06/02",1310,"1 Bed","Apartment"
"2201 N Buffalo Dr, Las Vegas, NV 89128","2026/06/02",1475,"2 Beds","Apartment"
"2201 N Buffalo Dr, Las Vegas, NV 89128","2026/06/02",1950,"3 Beds","Apartment"
"4640 Vegas Valley Dr, Las Vegas, NV 89121","2026/06/02",1095,"1 Bed","Apartment"
"4640 Vegas Valley Dr, Las Vegas, NV 89121","2026/06/02",1250,"2 Beds","Apartment"
"4640 Vegas Valley Dr, Las Vegas, NV 89121","2026/06/02",1495,"3 Beds","Apartment"
"1830 N Pecos Rd, Las Vegas, NV 89115","2026/06/02",1057,"1 Bed","Apartment"
"1830 N Pecos Rd, Las Vegas, NV 89115","2026/06/02",1400,"2 Beds","Apartment"
"321 N Decatur Blvd, Las Vegas, NV 89107","2026/06/02",1150,"2 Beds",NA
"2165 E Rochelle Ave, Las Vegas, NV 89119","2026/06/02",1025,"1 Bed","Apartment"
"2165 E Rochelle Ave, Las Vegas, NV 89119","2026/06/02",1120,"2 Beds","Apartment"
"2165 E Rochelle Ave, Las Vegas, NV 89119","2026/06/02",1675,"3 Beds","Apartment"
"939-969 E Flamingo Rd, Las Vegas, NV 89119","2026/06/02",1150,"1 Bed","Apartment"
"939-969 E Flamingo Rd, Las Vegas, NV 89119","2026/06/02",1045,"2 Beds","Apartment"
NA,NA,NA,NA,NA
"2068 N Nellis Blvd, Las Vegas, NV 89115","2026/06/02",1050,"1 Bed","Apartment"
"2068 N Nellis Blvd, Las Vegas, NV 89115","2026/06/02",1300,"2 Beds","Apartment"
"4330 Las Vegas Blvd N, Las Vegas, NV 89115","2026/06/02",895,"Studio","Apartment"
"4330 Las Vegas Blvd N, Las Vegas, NV 89115","2026/06/02",995,"1 Bed","Apartment"
"4330 Las Vegas Blvd N, Las Vegas, NV 89115","2026/06/02",1095,"2 Beds","Apartment"
"5100 E Tropicana Ave, Las Vegas, NV 89122","2026/06/02",1080,"1 Bed","Apartment"
"5100 E Tropicana Ave, Las Vegas, NV 89122","2026/06/02",1210,"2 Beds","Apartment"
"5100 E Tropicana Ave, Las Vegas, NV 89122","2026/06/02",1540,"3 Beds","Apartment"
"3000 S Sandhill Rd, Las Vegas, NV 89121","2026/06/02",995,"1 Bed","Apartment"
"3000 S Sandhill Rd, Las Vegas, NV 89121","2026/06/02",1095,"2 Beds","Apartment"
"901 Brush St, Las Vegas, NV 89107","2026/06/02",961,"1 Bed","Apartment"
"901 Brush St, Las Vegas, NV 89107","2026/06/02",1171,"2 Beds","Apartment"
"901 Brush St, Las Vegas, NV 89107","2026/06/02",1485,"3 Beds","Apartment"
"6500 W Charleston Blvd, Las Vegas, NV 89146","2026/06/02",1065,"1 Bed","Apartment"
"6500 W Charleston Blvd, Las Vegas, NV 89146","2026/06/02",1245,"2 Beds","Apartment"
"6500 W Charleston Blvd, Las Vegas, NV 89146","2026/06/02",1560,"3 Beds","Apartment"
"764 E Twain Ave, Las Vegas, NV 89169","2026/06/02",899,"1 Bed","Apartment"
"764 E Twain Ave, Las Vegas, NV 89169","2026/06/02",1039,"2 Beds","Apartment"
"5001 O'Bannon Dr, Las Vegas, NV 89146","2026/06/02",1250,"2 Beds","House"
"3149 E Desert Inn Rd, Las Vegas, NV 89121","2026/06/02",1000,"1 Bed","Apartment"
"3149 E Desert Inn Rd, Las Vegas, NV 89121","2026/06/02",1125,"2 Beds","Apartment"
"4040 Boulder Hwy, Las Vegas, NV 89121","2026/06/02",995,"1 Bed","Apartment"
"4040 Boulder Hwy, Las Vegas, NV 89121","2026/06/02",1200,"2 Beds","Apartment"
"4040 Boulder Hwy, Las Vegas, NV 89121","2026/06/02",1450,"3 Beds","Apartment"
"624 Stewart Ave, Las Vegas, NV 89101","2026/06/02",750,"3 Beds","House"
"6540 W Arby Ave, Las Vegas, NV 89118","2026/06/02",1147,"1 Bed","Apartment"
"6540 W Arby Ave, Las Vegas, NV 89118","2026/06/02",1377,"2 Beds","Apartment"
NA,NA,NA,NA,NA
"3478 Paradise Rd, Las Vegas, NV 89169","2026/06/02",995,"1 Bed","Apartment"
"3478 Paradise Rd, Las Vegas, NV 89169","2026/06/02",1550,"2 Beds","Apartment"
"9655 Ensworth St, Las Vegas, NV 89123","2026/06/02",975,"Studio","Apartment"
"9655 Ensworth St, Las Vegas, NV 89123","2026/06/02",1200,"1 Bed","Apartment"
"9655 Ensworth St, Las Vegas, NV 89123","2026/06/02",1550,"2 Beds","Apartment"
"1101-1301 N Rainbow Blvd, Las Vegas, NV 89108","2026/06/02",1195,"1 Bed","Apartment"
"1101-1301 N Rainbow Blvd, Las Vegas, NV 89108","2026/06/02",1325,"2 Beds","Apartment"
"1101-1301 N Rainbow Blvd, Las Vegas, NV 89108","2026/06/02",1665,"3 Beds","Apartment"
"3050 N Jones Blvd, Las Vegas, NV 89108","2026/06/02",1117,"1 Bed","Apartment"
"3050 N Jones Blvd, Las Vegas, NV 89108","2026/06/02",1336,"2 Beds","Apartment"
NA,NA,NA,NA,NA
"27 N 28th St, Las Vegas, NV 89101","2026/06/02",676,"2 Beds","House"
"7089 Aliante Pky, North Las Vegas, NV 89084","2026/06/02",1757,"1 Bed","Apartment"
"7089 Aliante Pky, North Las Vegas, NV 89084","2026/06/02",1719,"2 Beds","Apartment"
"1290 W Horizon Ridge Pkwy, Henderson, NV 89012","2026/06/02",1314,"1 Bed","Apartment"
"1290 W Horizon Ridge Pkwy, Henderson, NV 89012","2026/06/02",1539,"2 Beds","Apartment"
"1290 W Horizon Ridge Pkwy, Henderson, NV 89012","2026/06/02",1800,"3 Beds","Apartment"
"1250 American Pacific Dr, Henderson, NV 89074","2026/06/02",1320,"1 Bed","Apartment"
"1250 American Pacific Dr, Henderson, NV 89074","2026/06/02",1572,"2 Beds","Apartment"
"1250 American Pacific Dr, Henderson, NV 89074","2026/06/02",1812,"3 Beds","Apartment"
"2362 N Green Valley Pky, Henderson, NV 89014","2026/06/02",1165,"1 Bed","Apartment"
"2362 N Green Valley Pky, Henderson, NV 89014","2026/06/02",1330,"2 Beds","Apartment"
"2362 N Green Valley Pky, Henderson, NV 89014","2026/06/02",1719,"3 Beds","Apartment"
"1000 American Pacific Dr, Henderson, NV 89074","2026/06/02",1398,"1 Bed","Apartment"
"1000 American Pacific Dr, Henderson, NV 89074","2026/06/02",1544,"2 Beds","Apartment"
"1000 American Pacific Dr, Henderson, NV 89074","2026/06/02",1853,"3 Beds","Apartment"
"3305 E Rome Blvd, North Las Vegas, NV 89086","2026/06/02",1406,"1 Bed","Apartment"
"3305 E Rome Blvd, North Las Vegas, NV 89086","2026/06/02",1591,"2 Beds","Apartment"
"1131 Wigwam Pkwy, Henderson, NV 89074","2026/06/02",1342,"1 Bed","Apartment"
"1131 Wigwam Pkwy, Henderson, NV 89074","2026/06/02",1543,"2 Beds","Apartment"
"1131 Wigwam Pkwy, Henderson, NV 89074","2026/06/02",1918,"3 Beds","Apartment"
"2675 Windmill Pky, Henderson, NV 89074","2026/06/02",1864,"2 Beds","Apartment"
"2675 Windmill Pky, Henderson, NV 89074","2026/06/02",2129,"3 Beds","Apartment"
"833 Aspen Peak Loop, Henderson, NV 89011","2026/06/02",1550,"3 Beds","House"
NA,NA,NA,NA,NA
"5955 Nuevo Leon St, North Las Vegas, NV 89031","2026/06/02",2325,"3 Beds","House"
"1001 Las Palmas Entrada Ave, Henderson, NV 89012","2026/06/02",1094,"1 Bed","Apartment"
"1001 Las Palmas Entrada Ave, Henderson, NV 89012","2026/06/02",1312,"2 Beds","Apartment"
"2655 W Lake Mead Blvd, North Las Vegas, NV 89032","2026/06/02",1125,"1 Bed","Apartment"
"2655 W Lake Mead Blvd, North Las Vegas, NV 89032","2026/06/02",1345,"2 Beds","Apartment"
NA,NA,NA,NA,NA
NA,NA,NA,NA,NA
NA,NA,NA,NA,NA
"10732 Mystic Shore Ave, Las Vegas, NV 89166","2026/06/02",2250,"","House"
"3601 E Wyoming Ave, Las Vegas, NV 89104","2026/06/02",1279,"","House"
"3601 E Wyoming Ave, Las Vegas, NV 89104","2026/06/02",1359,"","House"
"3601 E Wyoming Ave, Las Vegas, NV 89104","2026/06/02",1269,"","House"
"2627 S Lamb Blvd, Las Vegas, NV 89121","2026/06/02",1899,"","House"
"3601 E Wyoming Ave, Las Vegas, NV 89104","2026/06/02",1299,"","House"
"2627 S Lamb Blvd, Las Vegas, NV 89121","2026/06/02",1889,"","House"
"2627 S Lamb Blvd, Las Vegas, NV 89121","2026/06/02",1939,"","House"
"2627 S Lamb Blvd, Las Vegas, NV 89121","2026/06/02",1669,"","House"
"2627 S Lamb Blvd, Las Vegas, NV 89121","2026/06/02",1779,"","House"
"8144 Autumn Star Ave, Las Vegas, NV 89145","2026/06/02",1899,"","House"
"3601 E Wyoming Ave, Las Vegas, NV 89104","2026/06/02",1749,"","House"
"3601 E Wyoming Ave, Las Vegas, NV 89104","2026/06/02",1729,"","House"
"3411 Center Dr, Las Vegas, NV 89104","2026/06/02",1225,"","House"
"3601 E Wyoming Ave, Las Vegas, NV 89104","2026/06/02",1999,"","House"
"3601 E Wyoming Ave, Las Vegas, NV 89104","2026/06/02",1679,"","House"
"2627 S Lamb Blvd, Las Vegas, NV 89121","2026/06/02",1879,"","House"
"2627 S Lamb Blvd, Las Vegas, NV 89121","2026/06/02",1659,"","House"
"4310 Sandy River Dr, Las Vegas, NV 89103","2026/06/02",1175,"","House"
"203 Shoshone Ln, Henderson, NV 89015","2026/06/02",2499,"2 Beds, 2 Baths, 1,500 sq ft","House"
NA,NA,NA,NA,NA
NA,NA,NA,NA,NA
"4650 Ranch House Rd, North Las Vegas, NV 89031","2026/06/02",2150,"","House"
"8250 N Grand Canyon Dr, Las Vegas, NV 89166","2026/06/02",1650,"2 Beds, 2 Baths, 1,050 sq ft","House"
"555 E Silverado Ranch Blvd Unit 2088, Las Vegas, NV 89183","2026/06/02",1700,"2 Beds, 2 Baths, 1,049 sq ft","House"
"1229 8th Pl, Las Vegas, NV 89104","2026/06/02",2700,"4 Beds, 2 Baths, 2,048 sq ft","House"
"123 W Imperial Ave, Las Vegas, NV 89102","2026/06/02",1550,"Unit 351 at The Myles","House"
"1760 N Decatur Blvd, Las Vegas, NV 89108","2026/06/02",1039,"1 Bed","Apartment"
"1760 N Decatur Blvd, Las Vegas, NV 89108","2026/06/02",1165,"2 Beds","Apartment"
"3055 S Nellis Blvd, Las Vegas, NV 89121","2026/06/02",1376,"1 Bed","Apartment"
"3055 S Nellis Blvd, Las Vegas, NV 89121","2026/06/02",1314,"2 Beds","Apartment"
"2775 E Fremont St, Las Vegas, NV 89104","2026/06/02",950,"1 Bed","Apartment"
"2775 E Fremont St, Las Vegas, NV 89104","2026/06/02",1123,"2 Beds","Apartment"
"5950 S Pecos Rd, Las Vegas, NV 89120","2026/06/02",1072,"1 Bed","Apartment"
"5950 S Pecos Rd, Las Vegas, NV 89120","2026/06/02",914,"2 Beds","Apartment"
"5150 Duke Ellington Way, Las Vegas, NV 89119","2026/06/02",1775,"1 Bed","Apartment"
"5150 Duke Ellington Way, Las Vegas, NV 89119","2026/06/02",2025,"2 Beds","Apartment"
"5150 Duke Ellington Way, Las Vegas, NV 89119","2026/06/02",2685,"3 Beds","Apartment"
NA,NA,NA,NA,NA
"2151 Citrus Hills Ave, Las Vegas, NV 89106","2026/06/02",949,"1 Bed","Apartment"
"2151 Citrus Hills Ave, Las Vegas, NV 89106","2026/06/02",999,"2 Beds","Apartment"
"3370 St Rose Pky, Henderson, NV 89052","2026/06/02",1371,"1 Bed","Apartment"
"3370 St Rose Pky, Henderson, NV 89052","2026/06/02",1550,"2 Beds","Apartment"
"3370 St Rose Pky, Henderson, NV 89052","2026/06/02",1901,"3 Beds","Apartment"
"1834 Jefferson St, North Las Vegas, NV 89030","2026/06/02",1160,"1834 Jefferson St","House"
"2157 Carroll St, North Las Vegas, NV 89030","2026/06/02",1020,"2157 Carroll St","House"
NA,NA,NA,NA,NA
"1201 S 3rd St, Las Vegas, NV 89104","2026/06/02",2830,"Unit 755 at Gemma","House"
NA,NA,NA,NA,NA
"4815 Deckow Ln, Las Vegas, NV 89169","2026/06/02",1071,"Studio","Apartment"
"4815 Deckow Ln, Las Vegas, NV 89169","2026/06/02",1116,"1 Bed","Apartment"
"1363 Living Desert Dr, Las Vegas, NV 89119","2026/06/02",964,"Studio","Apartment"
"1363 Living Desert Dr, Las Vegas, NV 89119","2026/06/02",964,"1 Bed","Apartment"
"1363 Living Desert Dr, Las Vegas, NV 89119","2026/06/02",1589,"2 Beds+","Apartment"
"5350 E Tropicana Ave, Las Vegas, NV 89122","2026/06/02",1048,"1 Bed","Apartment"
"5350 E Tropicana Ave, Las Vegas, NV 89122","2026/06/02",1348,"2 Beds","Apartment"
"5350 E Tropicana Ave, Las Vegas, NV 89122","2026/06/02",1748,"3 Beds","Apartment"
"4299-4371 Sirius Ave, Las Vegas, NV 89102","2026/06/02",950,"1 Bed","Apartment"
"4299-4371 Sirius Ave, Las Vegas, NV 89102","2026/06/02",1175,"2 Beds","Apartment"
"8855 W Arby Ave, Las Vegas, NV 89148","2026/06/02",1315,"2 Beds","Apartment"
"8855 W Arby Ave, Las Vegas, NV 89148","2026/06/02",1518,"3 Beds","Apartment"
NA,NA,NA,NA,NA
"1025 Sierra Vista Dr, Las Vegas, NV 89169","2026/06/02",7756,"Cambridge Vista","House"
NA,NA,NA,NA,NA
"5292 S Maryland Pky, Las Vegas, NV 89119","2026/06/02",585,"Quail Ridge","House"
"4846 S Jones Blvd, Las Vegas, NV 89103","2026/06/02",1350,"1 Bed","Apartment"
"4846 S Jones Blvd, Las Vegas, NV 89103","2026/06/02",1595,"2 Beds","Apartment"
"4846 S Jones Blvd, Las Vegas, NV 89103","2026/06/02",1999,"3 Beds","Apartment"
NA,NA,NA,NA,NA
"525 E Bonanza Rd, Las Vegas, NV 89101","2026/06/02",900,"The Meadows","House"
NA,NA,NA,NA,NA
"9700 W Sunset Rd, Las Vegas, NV 89148","2026/06/02",1323,"2 Beds","Apartment"
"9700 W Sunset Rd, Las Vegas, NV 89148","2026/06/02",1532,"3 Beds","Apartment"
"5750 Boulder Hwy, Las Vegas, NV 89122","2026/06/02",900,"Studio","Apartment"
"5750 Boulder Hwy, Las Vegas, NV 89122","2026/06/02",1000,"1 Bed","Apartment"
"2815 W Ford Ave, Las Vegas, NV 89123","2026/06/02",1325,"2 Beds","Apartment"
"2815 W Ford Ave, Las Vegas, NV 89123","2026/06/02",1533,"3 Beds","Apartment"
NA,NA,NA,NA,NA
"5300 E Craig Rd, Las Vegas, NV 89115","2026/06/02",950,"Patriot Suites","House"
"1155 E Flamingo Rd, Las Vegas, NV 89119","2026/06/02",900,"Studio","Apartment"
"1155 E Flamingo Rd, Las Vegas, NV 89119","2026/06/02",950,"1 Bed","Apartment"
"3440 Lindell Rd, Las Vegas, NV 89146","2026/06/02",850,"1 Bed","Apartment"
"3440 Lindell Rd, Las Vegas, NV 89146","2026/06/02",950,"2 Beds","Apartment"
NA,NA,NA,NA,NA
NA,NA,NA,NA,NA
"3940 Scott Robinson Blvd, North Las Vegas, NV 89032","2026/06/02",1814,"2 Beds","Apartment"
"3940 Scott Robinson Blvd, North Las Vegas, NV 89032","2026/06/02",1889,"3 Beds","Apartment"
"6551 McCarran St, North Las Vegas, NV 89086","2026/06/02",1090,"2 Beds","Apartment"
"6551 McCarran St, North Las Vegas, NV 89086","2026/06/02",1538,"3 Beds","Apartment"
NA,NA,NA,NA,NA
NA,NA,NA,NA,NA
NA,NA,NA,NA,NA
NA,NA,NA,NA,NA
NA,NA,NA,NA,NA
NA,NA,NA,NA,NA
NA,NA,NA,NA,NA
NA,NA,NA,NA,NA
NA,NA,NA,NA,NA
NA,NA,NA,NA,NA
NA,NA,NA,NA,NA
NA,NA,NA,NA,NA
NA,NA,NA,NA,NA
NA,NA,NA,NA,NA
NA,NA,NA,NA,NA
NA,NA,NA,NA,NA
NA,NA,NA,NA,NA
NA,NA,NA,NA,NA
NA,NA,NA,NA,NA
NA,NA,NA,NA,NA
"5804 Petronius St, Las Vegas, NV 89113","2026/06/02",1350,"2 Beds, 1 Bath, 950 sq ft","House"
NA,NA,NA,NA,NA
NA,NA,NA,NA,NA
NA,NA,NA,NA,NA
NA,NA,NA,NA,NA
NA,NA,NA,NA,NA
NA,NA,NA,NA,NA
NA,NA,NA,NA,NA
NA,NA,NA,NA,NA
NA,NA,NA,NA,NA
NA,NA,NA,NA,NA
NA,NA,NA,NA,NA
NA,NA,NA,NA,NA
NA,NA,NA,NA,NA
NA,NA,NA,NA,NA
NA,NA,NA,NA,NA
NA,NA,NA,NA,NA
NA,NA,NA,NA,NA
NA,NA,NA,NA,NA
NA,NA,NA,NA,NA
NA,NA,NA,NA,NA
NA,NA,NA,NA,NA
NA,NA,NA,NA,NA
NA,NA,NA,NA,NA
NA,NA,NA,NA,NA
NA,NA,NA,NA,NA
NA,NA,NA,NA,NA
NA,NA,NA,NA,NA
NA,NA,NA,NA,NA
NA,NA,NA,NA,NA
NA,NA,NA,NA,NA
NA,NA,NA,NA,NA
NA,NA,NA,NA,NA
NA,NA,NA,NA,NA
NA,NA,NA,NA,NA
NA,NA,NA,NA,NA
NA,NA,NA,NA,NA
NA,NA,NA,NA,NA
NA,NA,NA,NA,NA
"8016 Central Railroad Ct, Las Vegas, NV 89131","2026/06/02",2470,"4 Beds, 3 Baths, 2,134 sq ft","House"
"11055 Las Vegas Blvd S, Las Vegas, NV 89183","2026/06/02",2704,"2 Beds, 2 Baths, 1,386 sq ft","House"
NA,NA,NA,NA,NA
NA,NA,NA,NA,NA
NA,NA,NA,NA,NA
NA,NA,NA,NA,NA
NA,NA,NA,NA,NA
NA,NA,NA,NA,NA
NA,NA,NA,NA,NA
NA,NA,NA,NA,NA
NA,NA,NA,NA,NA
NA,NA,NA,NA,NA
NA,NA,NA,NA,NA
NA,NA,NA,NA,NA
NA,NA,NA,NA,NA
NA,NA,NA,NA,NA
"8724 Honey Vine Ave, Las Vegas, NV 89143","2026/06/02",1799,"2 Beds, 2 Baths, 1,174 sq ft","House"
"8724 Honey Vine Ave, Las Vegas, NV 89143","2026/06/02",2570,"3 Beds, 2 Baths, 1,336 sq ft","House"
"8724 Honey Vine Ave, Las Vegas, NV 89143","2026/06/02",1696,"2 Beds, 2 Baths, 1,050 sq ft","House"
"8724 Honey Vine Ave, Las Vegas, NV 89143","2026/06/02",1478,"2 Beds, 2 Baths, 1,000 sq ft","House"
"8724 Honey Vine Ave, Las Vegas, NV 89143","2026/06/02",1295,"1 Bed, 1 Bath, 667 sq ft","House"
"8724 Honey Vine Ave, Las Vegas, NV 89143","2026/06/02",1738,"3 Beds, 2 Baths, 1,109 sq ft","House"
