"Address","Date","Rent","Aprt_Type","Building_Type"
"13100 Margie Ln, Raleigh, NC 27603","2026/07/07",1240,"1 Bed","Apartment"
"13100 Margie Ln, Raleigh, NC 27603","2026/07/07",1451,"2 Beds","Apartment"
"13100 Margie Ln, Raleigh, NC 27603","2026/07/07",1650,"3 Beds","Apartment"
"7100 Homestead Heights Ln, Raleigh, NC 27616","2026/07/07",1392,"1 Bed","Apartment"
"7100 Homestead Heights Ln, Raleigh, NC 27616","2026/07/07",1877,"2 Beds","Apartment"
"7100 Homestead Heights Ln, Raleigh, NC 27616","2026/07/07",2452,"3 Beds","Apartment"
"821 Hanbury Wy, Raleigh, NC 27607","2026/07/07",1446,"1 Bed","Apartment"
"821 Hanbury Wy, Raleigh, NC 27607","2026/07/07",1920,"2 Beds","Apartment"
"821 Hanbury Wy, Raleigh, NC 27607","2026/07/07",2596,"3 Beds","Apartment"
"11201 Tidewater Ln, Raleigh, NC 27614","2026/07/07",1200,"1 Bed","Apartment"
"11201 Tidewater Ln, Raleigh, NC 27614","2026/07/07",1875,"2 Beds","Apartment"
"11100 Madison Elm Ln, Raleigh, NC 27614","2026/07/07",1225,"1 Bed","Apartment"
"11100 Madison Elm Ln, Raleigh, NC 27614","2026/07/07",1619,"2 Beds","Apartment"
"15101 Royal Creek Dr, Raleigh, NC 27603","2026/07/07",1392,"1 Bed","Apartment"
"15101 Royal Creek Dr, Raleigh, NC 27603","2026/07/07",1699,"2 Beds","Apartment"
"15101 Royal Creek Dr, Raleigh, NC 27603","2026/07/07",2192,"3 Beds","Apartment"
"1528 E Williams St, Apex, NC 27539","2026/07/07",1499,"1 Bed","Apartment"
"1528 E Williams St, Apex, NC 27539","2026/07/07",1799,"2 Beds","Apartment"
"1528 E Williams St, Apex, NC 27539","2026/07/07",2280,"3 Beds","Apartment"
"2700 Whakatane Ln, Fuquay Varina, NC 27526","2026/07/07",1303,"1 Bed","Apartment"
"2700 Whakatane Ln, Fuquay Varina, NC 27526","2026/07/07",1525,"2 Beds","Apartment"
"2700 Whakatane Ln, Fuquay Varina, NC 27526","2026/07/07",1780,"3 Beds","Apartment"
"1250 Hitchings Way, Durham, NC 27713","2026/07/07",1573,"Studio","Apartment"
"1250 Hitchings Way, Durham, NC 27713","2026/07/07",1553,"1 Bed","Apartment"
"1250 Hitchings Way, Durham, NC 27713","2026/07/07",2133,"2 Beds+","Apartment"
"108 S Main St, Rolesville, NC 27571","2026/07/07",1363,"1 Bed","Apartment"
"108 S Main St, Rolesville, NC 27571","2026/07/07",1848,"2 Beds","Apartment"
"621 Glen Manor Trl, Knightdale, NC 27545","2026/07/07",1290,"1 Bed","Apartment"
"621 Glen Manor Trl, Knightdale, NC 27545","2026/07/07",1630,"2 Beds","Apartment"
"621 Glen Manor Trl, Knightdale, NC 27545","2026/07/07",1914,"3 Beds","Apartment"
"2500 Red Bartlett Way, Raleigh, NC 27616","2026/07/07",1525,"1 Bed","Apartment"
"2500 Red Bartlett Way, Raleigh, NC 27616","2026/07/07",1833,"2 Beds","Apartment"
"2500 Red Bartlett Way, Raleigh, NC 27616","2026/07/07",2293,"3 Beds","Apartment"
"5721 Goodstone Dr, Raleigh, NC 27616","2026/07/07",1065,"Studio","Apartment"
"5721 Goodstone Dr, Raleigh, NC 27616","2026/07/07",1198,"1 Bed","Apartment"
"5721 Goodstone Dr, Raleigh, NC 27616","2026/07/07",1642,"2 Beds","Apartment"
"511 Fayetteville St, Raleigh, NC 27601","2026/07/07",1384,"Studio","Apartment"
"511 Fayetteville St, Raleigh, NC 27601","2026/07/07",1696,"1 Bed","Apartment"
"319 W Lenoir St, Raleigh, NC 27601","2026/07/07",1719,"Studio","Apartment"
"319 W Lenoir St, Raleigh, NC 27601","2026/07/07",1699,"1 Bed","Apartment"
"319 W Lenoir St, Raleigh, NC 27601","2026/07/07",2572,"2 Beds+","Apartment"
"6601 Roxboro St, Raleigh, NC 27616","2026/07/07",1298,"Studio","Apartment"
"6601 Roxboro St, Raleigh, NC 27616","2026/07/07",1285,"1 Bed","Apartment"
"6601 Roxboro St, Raleigh, NC 27616","2026/07/07",1582,"2 Beds+","Apartment"
"121 Kindley St, Raleigh, NC 27601","2026/07/07",1368,"Studio","Apartment"
"121 Kindley St, Raleigh, NC 27601","2026/07/07",1682,"1 Bed","Apartment"
"121 Kindley St, Raleigh, NC 27601","2026/07/07",2030,"2 Beds","Apartment"
"310 Taryn Ave, Raleigh, NC 27603","2026/07/07",1399,"1 Bed","Apartment"
"310 Taryn Ave, Raleigh, NC 27603","2026/07/07",1706,"2 Beds","Apartment"
"310 Taryn Ave, Raleigh, NC 27603","2026/07/07",2086,"3 Beds","Apartment"
"7303 Bryn Athyn Way, Raleigh, NC 27615","2026/07/07",1225,"1 Bed","Apartment"
"7303 Bryn Athyn Way, Raleigh, NC 27615","2026/07/07",1400,"2 Beds","Apartment"
"3105 Holston Ln, Raleigh, NC 27610","2026/07/07",1060,"1 Bed","Apartment"
"3105 Holston Ln, Raleigh, NC 27610","2026/07/07",1175,"2 Beds","Apartment"
"1160 Auston Grove Dr, Raleigh, NC 27610","2026/07/07",1229,"1 Bed","Apartment"
"1160 Auston Grove Dr, Raleigh, NC 27610","2026/07/07",1377,"2 Beds","Apartment"
"1160 Auston Grove Dr, Raleigh, NC 27610","2026/07/07",1812,"3 Beds","Apartment"
"3235 Trimblestone Ln, Raleigh, NC 27616","2026/07/07",1111,"1 Bed","Apartment"
"3235 Trimblestone Ln, Raleigh, NC 27616","2026/07/07",1441,"2 Beds","Apartment"
"9500 Muirfield Club Dr, Raleigh, NC 27615","2026/07/07",1260,"1 Bed","Apartment"
"9500 Muirfield Club Dr, Raleigh, NC 27615","2026/07/07",1510,"2 Beds","Apartment"
"9500 Muirfield Club Dr, Raleigh, NC 27615","2026/07/07",1830,"3 Beds","Apartment"
"2450 Centennial Ridge Way, Raleigh, NC 27603","2026/07/07",599,"3 Beds",NA
"1300 Tribute Center Dr, Raleigh, NC 27612","2026/07/07",1308,"Studio","Apartment"
"1300 Tribute Center Dr, Raleigh, NC 27612","2026/07/07",1222,"1 Bed","Apartment"
"1300 Tribute Center Dr, Raleigh, NC 27612","2026/07/07",1566,"2 Beds","Apartment"
"804-817 Mcmakin St, Raleigh, NC 27610","2026/07/07",1099,"2 Beds","Apartment"
"804-817 Mcmakin St, Raleigh, NC 27610","2026/07/07",1299,"3 Beds","Apartment"
"700 Corporate Center Dr, Raleigh, NC 27607","2026/07/07",1535,"Studio","Apartment"
"700 Corporate Center Dr, Raleigh, NC 27607","2026/07/07",1348,"1 Bed","Apartment"
"700 Corporate Center Dr, Raleigh, NC 27607","2026/07/07",1874,"2 Beds","Apartment"
"7900 Accent Brier Ln, Raleigh, NC 27617","2026/07/07",1374,"1 Bed","Apartment"
"7900 Accent Brier Ln, Raleigh, NC 27617","2026/07/07",1719,"2 Beds","Apartment"
"151 Parker Pl Dr, Raleigh, NC 27603","2026/07/07",1484,"1 Bed","Apartment"
"151 Parker Pl Dr, Raleigh, NC 27603","2026/07/07",1750,"2 Beds","Apartment"
"151 Parker Pl Dr, Raleigh, NC 27603","2026/07/07",2250,"3 Beds","Apartment"
"2400 Sanders Ave, Durham, NC 27703","2026/07/07",1465,"1 Bed","Apartment"
"2400 Sanders Ave, Durham, NC 27703","2026/07/07",1650,"2 Beds","Apartment"
"2400 Sanders Ave, Durham, NC 27703","2026/07/07",2030,"3 Beds","Apartment"
"200 Edinborough Dr, Durham, NC 27703","2026/07/07",1271,"1 Bed","Apartment"
"200 Edinborough Dr, Durham, NC 27703","2026/07/07",1621,"2 Beds","Apartment"
"200 Edinborough Dr, Durham, NC 27703","2026/07/07",2016,"3 Beds","Apartment"
"2015 Watchorn St, Durham, NC 27703","2026/07/07",1358,"Studio","Apartment"
"2015 Watchorn St, Durham, NC 27703","2026/07/07",1458,"1 Bed","Apartment"
"2015 Watchorn St, Durham, NC 27703","2026/07/07",2108,"2 Beds+","Apartment"
"341 Sugar Magnolia Ln, Knightdale, NC 27545","2026/07/07",1295,"1 Bed","Apartment"
"341 Sugar Magnolia Ln, Knightdale, NC 27545","2026/07/07",1695,"2 Beds","Apartment"
"218 Southport Dr, Morrisville, NC 27560","2026/07/07",1582,"Studio","Apartment"
"218 Southport Dr, Morrisville, NC 27560","2026/07/07",1699,"1 Bed","Apartment"
"218 Southport Dr, Morrisville, NC 27560","2026/07/07",2223,"2 Beds+","Apartment"
"5751 Lumley Rd, Durham, NC 27703","2026/07/07",1588,"1 Bed","Apartment"
"5751 Lumley Rd, Durham, NC 27703","2026/07/07",2068,"2 Beds","Apartment"
"5751 Lumley Rd, Durham, NC 27703","2026/07/07",2535,"3 Beds","Apartment"
"1121 Chronicle Dr, Durham, NC 27703","2026/07/07",1477,"1 Bed","Apartment"
"1121 Chronicle Dr, Durham, NC 27703","2026/07/07",1700,"2 Beds","Apartment"
"1121 Chronicle Dr, Durham, NC 27703","2026/07/07",2145,"3 Beds","Apartment"
"500 Abberly Crest Blvd, Garner, NC 27529","2026/07/07",1275,"1 Bed","Apartment"
"500 Abberly Crest Blvd, Garner, NC 27529","2026/07/07",1488,"2 Beds","Apartment"
"1100 Cameron Chase Dr, Morrisville, NC 27560","2026/07/07",1333,"1 Bed","Apartment"
"1100 Cameron Chase Dr, Morrisville, NC 27560","2026/07/07",1649,"2 Beds","Apartment"
"1100 Cameron Chase Dr, Morrisville, NC 27560","2026/07/07",1800,"3 Beds","Apartment"
"100 Crescent Arbor Ln, Cary, NC 27518","2026/07/07",1425,"1 Bed","Apartment"
"100 Crescent Arbor Ln, Cary, NC 27518","2026/07/07",1725,"2 Beds","Apartment"
"485 Traebert Cir, Knightdale, NC 27545","2026/07/07",1255,"1 Bed","Apartment"
"485 Traebert Cir, Knightdale, NC 27545","2026/07/07",1455,"2 Beds","Apartment"
"485 Traebert Cir, Knightdale, NC 27545","2026/07/07",1795,"3 Beds","Apartment"
"1030 Element Cir, Garner, NC 27529","2026/07/07",1449,"1 Bed","Apartment"
"1030 Element Cir, Garner, NC 27529","2026/07/07",1692,"2 Beds","Apartment"
"3818 Page Rd, Durham, NC 27703","2026/07/07",1435,"1 Bed","Apartment"
"3818 Page Rd, Durham, NC 27703","2026/07/07",1557,"2 Beds","Apartment"
"457 Stone Monument Dr, Wake Forest, NC 27587","2026/07/07",1295,"1 Bed","Apartment"
"457 Stone Monument Dr, Wake Forest, NC 27587","2026/07/07",1425,"2 Beds","Apartment"
"457 Stone Monument Dr, Wake Forest, NC 27587","2026/07/07",1955,"3 Beds","Apartment"
"921 Mendocino St, Wake Forest, NC 27587","2026/07/07",1349,"1 Bed","Apartment"
"921 Mendocino St, Wake Forest, NC 27587","2026/07/07",1699,"2 Beds","Apartment"
"921 Mendocino St, Wake Forest, NC 27587","2026/07/07",2240,"3 Beds","Apartment"
"514 Pleasant Dr, Durham, NC 27703","2026/07/07",1365,"1 Bed","Apartment"
"514 Pleasant Dr, Durham, NC 27703","2026/07/07",1676,"2 Beds","Apartment"
"514 Pleasant Dr, Durham, NC 27703","2026/07/07",1914,"3 Beds","Apartment"
"1423 Deerfield Dr, Wake Forest, NC 27587","2026/07/07",1592,"1 Bed","Apartment"
"1423 Deerfield Dr, Wake Forest, NC 27587","2026/07/07",1863,"2 Beds","Apartment"
"1423 Deerfield Dr, Wake Forest, NC 27587","2026/07/07",2400,"3 Beds","Apartment"
"550 Southern Sage Loop, Cary, NC 27518","2026/07/07",1665,"1 Bed","Apartment"
"550 Southern Sage Loop, Cary, NC 27518","2026/07/07",2230,"2 Beds","Apartment"
"550 Southern Sage Loop, Cary, NC 27518","2026/07/07",2620,"3 Beds","Apartment"
"9 N Harrington St, Raleigh, NC 27603","2026/07/07",1432,"Studio","Apartment"
"9 N Harrington St, Raleigh, NC 27603","2026/07/07",1633,"1 Bed","Apartment"
"9 N Harrington St, Raleigh, NC 27603","2026/07/07",2662,"2 Beds","Apartment"
"901 Saint Albans Dr, Raleigh, NC 27609","2026/07/07",1952,"1 Bed","Apartment"
"901 Saint Albans Dr, Raleigh, NC 27609","2026/07/07",2990,"2 Beds","Apartment"
"901 Saint Albans Dr, Raleigh, NC 27609","2026/07/07",3425,"3 Beds","Apartment"
"3801 Glen Verde Trl, Raleigh, NC 27613","2026/07/07",1247,"1 Bed","Apartment"
"3801 Glen Verde Trl, Raleigh, NC 27613","2026/07/07",1500,"2 Beds","Apartment"
"3939 Glenwood Ave, Raleigh, NC 27612","2026/07/07",1299,"1 Bed","Apartment"
"3939 Glenwood Ave, Raleigh, NC 27612","2026/07/07",1499,"2 Beds","Apartment"
"10300 Pine Lakes Ct, Raleigh, NC 27617","2026/07/07",1194,"1 Bed","Apartment"
"10300 Pine Lakes Ct, Raleigh, NC 27617","2026/07/07",1446,"2 Beds","Apartment"
"10300 Pine Lakes Ct, Raleigh, NC 27617","2026/07/07",1635,"3 Beds","Apartment"
"959 Alma Railway Dr, Wake Forest, NC 27587","2026/07/07",1840,"3 Beds","Apartment"
"959 Alma Railway Dr, Wake Forest, NC 27587","2026/07/07",1920,"4 Beds","Apartment"
"100 Waddell Plaza Ln, Cary, NC 27513","2026/07/07",1745,"1 Bed","Apartment"
"100 Waddell Plaza Ln, Cary, NC 27513","2026/07/07",2750,"2 Beds","Apartment"
"2720 Bristlecone Trail, Raleigh, NC 27603","2026/07/07",1485,"1 Bed","Apartment"
"2720 Bristlecone Trail, Raleigh, NC 27603","2026/07/07",1870,"2 Beds","Apartment"
"211 Hammond Dr, Raleigh, NC 27603","2026/07/07",1400,"Studio","Apartment"
"211 Hammond Dr, Raleigh, NC 27603","2026/07/07",1500,"1 Bed","Apartment"
"211 Hammond Dr, Raleigh, NC 27603","2026/07/07",1728,"2 Beds","Apartment"
"222 N West St, Raleigh, NC 27603","2026/07/07",1634,"Studio","Apartment"
"222 N West St, Raleigh, NC 27603","2026/07/07",1679,"1 Bed","Apartment"
"222 N West St, Raleigh, NC 27603","2026/07/07",2684,"2 Beds","Apartment"
"442 Jefferson Towne Dr, Raleigh, NC 27606","2026/07/07",1468,"1 Bed","Apartment"
"442 Jefferson Towne Dr, Raleigh, NC 27606","2026/07/07",1687,"2 Beds","Apartment"
"442 Jefferson Towne Dr, Raleigh, NC 27606","2026/07/07",1978,"3 Beds","Apartment"
"650 W North St, Raleigh, NC 27603","2026/07/07",1366,"Studio","Apartment"
"650 W North St, Raleigh, NC 27603","2026/07/07",1491,"1 Bed","Apartment"
"650 W North St, Raleigh, NC 27603","2026/07/07",1931,"2 Beds","Apartment"
"425 Boylan Ave, Raleigh, NC 27603","2026/07/07",1577,"1 Bed","Apartment"
"425 Boylan Ave, Raleigh, NC 27603","2026/07/07",2264,"2 Beds","Apartment"
"14411 Callaway Gap Rd, Raleigh, NC 27614","2026/07/07",1249,"1 Bed","Apartment"
"14411 Callaway Gap Rd, Raleigh, NC 27614","2026/07/07",1541,"2 Beds","Apartment"
"12203 Strickland Rd, Raleigh, NC 27613","2026/07/07",1373,"1 Bed","Apartment"
"12203 Strickland Rd, Raleigh, NC 27613","2026/07/07",1818,"2 Beds","Apartment"
"12203 Strickland Rd, Raleigh, NC 27613","2026/07/07",2383,"3 Beds","Apartment"
"4000-4113 Grand Manor Ct, Raleigh, NC 27612","2026/07/07",1404,"1 Bed","Apartment"
"4000-4113 Grand Manor Ct, Raleigh, NC 27612","2026/07/07",1622,"2 Beds","Apartment"
"4000-4113 Grand Manor Ct, Raleigh, NC 27612","2026/07/07",2128,"3 Beds","Apartment"
"401 Oberlin Rd, Raleigh, NC 27605","2026/07/07",1856,"1 Bed","Apartment"
"401 Oberlin Rd, Raleigh, NC 27605","2026/07/07",2609,"2 Beds","Apartment"
"6717 Six Forks Rd, Raleigh, NC 27615","2026/07/07",1213,"1 Bed","Apartment"
"6717 Six Forks Rd, Raleigh, NC 27615","2026/07/07",1243,"2 Beds","Apartment"
"1009 Wade Ave, Raleigh, NC 27605","2026/07/07",1309,"Studio","Apartment"
"1009 Wade Ave, Raleigh, NC 27605","2026/07/07",1365,"1 Bed","Apartment"
"1009 Wade Ave, Raleigh, NC 27605","2026/07/07",1427,"2 Beds+","Apartment"
"7816 Six Forks Rd, Raleigh, NC 27615","2026/07/07",1218,"1 Bed","Apartment"
"7816 Six Forks Rd, Raleigh, NC 27615","2026/07/07",1405,"2 Beds","Apartment"
"1302 Rio Valley Dr, Raleigh, NC 27614","2026/07/07",1256,"1 Bed","Apartment"
"1302 Rio Valley Dr, Raleigh, NC 27614","2026/07/07",1375,"2 Beds","Apartment"
"1302 Rio Valley Dr, Raleigh, NC 27614","2026/07/07",1709,"3 Beds","Apartment"
"141 Park at North Hills St, Raleigh, NC 27609","2026/07/07",1397,"Studio","Apartment"
"141 Park at North Hills St, Raleigh, NC 27609","2026/07/07",1515,"1 Bed","Apartment"
"141 Park at North Hills St, Raleigh, NC 27609","2026/07/07",1828,"2 Beds","Apartment"
"8224 Green Lantern St, Raleigh, NC 27613","2026/07/07",1274,"1 Bed","Apartment"
"8224 Green Lantern St, Raleigh, NC 27613","2026/07/07",1479,"2 Beds","Apartment"
"8224 Green Lantern St, Raleigh, NC 27613","2026/07/07",1819,"3 Beds","Apartment"
"1500 Sunbow Falls Ln, Raleigh, NC 27609","2026/07/07",1200,"1 Bed","Apartment"
"1500 Sunbow Falls Ln, Raleigh, NC 27609","2026/07/07",1450,"2 Beds","Apartment"
"1500 Sunbow Falls Ln, Raleigh, NC 27609","2026/07/07",1606,"3 Beds","Apartment"
"2080-2080 Brentmoor Dr, Raleigh, NC 27604","2026/07/07",1258,"1 Bed","Apartment"
"2080-2080 Brentmoor Dr, Raleigh, NC 27604","2026/07/07",1623,"2 Beds","Apartment"
"2080-2080 Brentmoor Dr, Raleigh, NC 27604","2026/07/07",1998,"3 Beds","Apartment"
"308 S Blount St, Raleigh, NC 27601","2026/07/07",1054,"Studio","Apartment"
"308 S Blount St, Raleigh, NC 27601","2026/07/07",1039,"1 Bed","Apartment"
"308 S Blount St, Raleigh, NC 27601","2026/07/07",1703,"2 Beds+","Apartment"
"403 Wolf Creek Cir, Raleigh, NC 27606","2026/07/07",1093,"1 Bed","Apartment"
"403 Wolf Creek Cir, Raleigh, NC 27606","2026/07/07",1472,"2 Beds","Apartment"
"403 Wolf Creek Cir, Raleigh, NC 27606","2026/07/07",2034,"3 Beds+","Apartment"
"10350 Sugarberry Ct, Raleigh, NC 27614","2026/07/07",1394,"1 Bed","Apartment"
"10350 Sugarberry Ct, Raleigh, NC 27614","2026/07/07",1233,"2 Beds","Apartment"
"10350 Sugarberry Ct, Raleigh, NC 27614","2026/07/07",1595,"3 Beds","Apartment"
"8531 Summersweet Ln, Raleigh, NC 27612","2026/07/07",1380,"1 Bed","Apartment"
"8531 Summersweet Ln, Raleigh, NC 27612","2026/07/07",1605,"2 Beds","Apartment"
"408 E Hargett St, Raleigh, NC 27601","2026/07/07",1149,"Studio","Apartment"
"408 E Hargett St, Raleigh, NC 27601","2026/07/07",1232,"1 Bed","Apartment"
"408 E Hargett St, Raleigh, NC 27601","2026/07/07",1690,"2 Beds","Apartment"
"2601 Noblewood Cir, Raleigh, NC 27604","2026/07/07",1363,"1 Bed","Apartment"
"2601 Noblewood Cir, Raleigh, NC 27604","2026/07/07",1849,"2 Beds","Apartment"
"2601 Noblewood Cir, Raleigh, NC 27604","2026/07/07",2290,"3 Beds","Apartment"
"401 W Hargett St, Raleigh, NC 27603","2026/07/07",1409,"Studio","Apartment"
"401 W Hargett St, Raleigh, NC 27603","2026/07/07",1729,"1 Bed","Apartment"
"401 W Hargett St, Raleigh, NC 27603","2026/07/07",2514,"2 Beds","Apartment"
"500 Shady Summit Way, Raleigh, NC 27603","2026/07/07",1314,"1 Bed","Apartment"
"500 Shady Summit Way, Raleigh, NC 27603","2026/07/07",1611,"2 Beds","Apartment"
"500 Shady Summit Way, Raleigh, NC 27603","2026/07/07",1945,"3 Beds","Apartment"
"7610 Aura Loop, Raleigh, NC 27617","2026/07/07",1268,"1 Bed","Apartment"
"7610 Aura Loop, Raleigh, NC 27617","2026/07/07",1604,"2 Beds","Apartment"
"7610 Aura Loop, Raleigh, NC 27617","2026/07/07",1988,"3 Beds","Apartment"
"417 W Peace St, Raleigh, NC 27603","2026/07/07",1410,"Studio","Apartment"
"417 W Peace St, Raleigh, NC 27603","2026/07/07",1549,"1 Bed","Apartment"
"417 W Peace St, Raleigh, NC 27603","2026/07/07",2193,"2 Beds+","Apartment"
"2015 Wave Crest Dr, Raleigh, NC 27610","2026/07/07",1197,"1 Bed","Apartment"
"2015 Wave Crest Dr, Raleigh, NC 27610","2026/07/07",1581,"2 Beds","Apartment"
"2015 Wave Crest Dr, Raleigh, NC 27610","2026/07/07",1968,"3 Beds","Apartment"
"721 Halifax St, Raleigh, NC 27604","2026/07/07",1437,"Studio","Apartment"
"721 Halifax St, Raleigh, NC 27604","2026/07/07",1400,"1 Bed","Apartment"
"721 Halifax St, Raleigh, NC 27604","2026/07/07",2405,"2 Beds+","Apartment"
"2301 Ostracod Ln, Raleigh, NC 27610","2026/07/07",1160,"Studio","Apartment"
"2301 Ostracod Ln, Raleigh, NC 27610","2026/07/07",1317,"1 Bed","Apartment"
"2301 Ostracod Ln, Raleigh, NC 27610","2026/07/07",1753,"2 Beds+","Apartment"
"2911 Mid Century Dr, Raleigh, NC 27604","2026/07/07",1397,"Studio","Apartment"
"2911 Mid Century Dr, Raleigh, NC 27604","2026/07/07",1417,"1 Bed","Apartment"
"2911 Mid Century Dr, Raleigh, NC 27604","2026/07/07",1688,"2 Beds+","Apartment"
"7010 Fox Carriage Dr, Raleigh, NC 27616","2026/07/07",1180,"1 Bed","Apartment"
"7010 Fox Carriage Dr, Raleigh, NC 27616","2026/07/07",1460,"2 Beds","Apartment"
"3520 Pinetree Grove Ln, Raleigh, NC 27604","2026/07/07",1374,"1 Bed","Apartment"
"3520 Pinetree Grove Ln, Raleigh, NC 27604","2026/07/07",1769,"2 Beds","Apartment"
"601 McCaw Bridge St, Raleigh, NC 27606","2026/07/07",1444,"1 Bed","Apartment"
"601 McCaw Bridge St, Raleigh, NC 27606","2026/07/07",1833,"2 Beds","Apartment"
"601 McCaw Bridge St, Raleigh, NC 27606","2026/07/07",2106,"3 Beds","Apartment"
"2421 Brightcreek Falls Trl, Raleigh, NC 27610","2026/07/07",1178,"Studio","Apartment"
"2421 Brightcreek Falls Trl, Raleigh, NC 27610","2026/07/07",1164,"1 Bed","Apartment"
"2421 Brightcreek Falls Trl, Raleigh, NC 27610","2026/07/07",1533,"2 Beds+","Apartment"
"3930 Macaw St, Raleigh, NC 27617","2026/07/07",1708,"1 Bed","Apartment"
"3930 Macaw St, Raleigh, NC 27617","2026/07/07",1935,"2 Beds","Apartment"
"3930 Macaw St, Raleigh, NC 27617","2026/07/07",2279,"3 Beds","Apartment"
"10 W Franklin St, Raleigh, NC 27604","2026/07/07",1435,"Studio","Apartment"
"10 W Franklin St, Raleigh, NC 27604","2026/07/07",1665,"1 Bed","Apartment"
"10 W Franklin St, Raleigh, NC 27604","2026/07/07",2241,"2 Beds+","Apartment"
"600 Saint Albans Dr, Raleigh, NC 27609","2026/07/07",1342,"Studio","Apartment"
"600 Saint Albans Dr, Raleigh, NC 27609","2026/07/07",2012,"1 Bed","Apartment"
"600 Saint Albans Dr, Raleigh, NC 27609","2026/07/07",2489,"2 Beds","Apartment"
"1000 Navaho Dr, Raleigh, NC 27609","2026/07/07",945,"Studio","Apartment"
"1000 Navaho Dr, Raleigh, NC 27609","2026/07/07",1320,"2 Beds","Apartment"
"510 W Cabarrus St, Raleigh, NC 27603","2026/07/07",1219,"Studio","Apartment"
"510 W Cabarrus St, Raleigh, NC 27603","2026/07/07",1589,"1 Bed","Apartment"
"510 W Cabarrus St, Raleigh, NC 27603","2026/07/07",1994,"2 Beds+","Apartment"
"2110 Birkhall St, Raleigh, NC 27610","2026/07/07",1420,"Studio","Apartment"
"2110 Birkhall St, Raleigh, NC 27610","2026/07/07",1620,"1 Bed","Apartment"
"2110 Birkhall St, Raleigh, NC 27610","2026/07/07",1920,"2 Beds","Apartment"
"5341 Arrival Dr, Raleigh, NC 27616","2026/07/07",1099,"Studio","Apartment"
"5341 Arrival Dr, Raleigh, NC 27616","2026/07/07",1299,"1 Bed","Apartment"
"5341 Arrival Dr, Raleigh, NC 27616","2026/07/07",1584,"2 Beds+","Apartment"
"1406 Brookside Dr, Raleigh, NC 27604","2026/07/07",1099,"Studio","Apartment"
"1406 Brookside Dr, Raleigh, NC 27604","2026/07/07",1300,"1 Bed","Apartment"
"1406 Brookside Dr, Raleigh, NC 27604","2026/07/07",1525,"2 Beds","Apartment"
"8400 Brass Mill Ln, Raleigh, NC 27617","2026/07/07",1333,"1 Bed","Apartment"
"8400 Brass Mill Ln, Raleigh, NC 27617","2026/07/07",1558,"2 Beds","Apartment"
"8400 Brass Mill Ln, Raleigh, NC 27617","2026/07/07",1788,"3 Beds","Apartment"
"6100 Barrowood Dr, Raleigh, NC 27612","2026/07/07",1014,"1 Bed","Apartment"
"6100 Barrowood Dr, Raleigh, NC 27612","2026/07/07",1207,"2 Beds","Apartment"
"4211 Fox Rd, Raleigh, NC 27616","2026/07/07",1050,"1 Bed","Apartment"
"4211 Fox Rd, Raleigh, NC 27616","2026/07/07",1299,"2 Beds","Apartment"
"2525 Pavilion, Raleigh, NC 27615","2026/07/07",1175,"1 Bed","Apartment"
"2525 Pavilion, Raleigh, NC 27615","2026/07/07",1390,"2 Beds","Apartment"
"2525 Pavilion, Raleigh, NC 27615","2026/07/07",1835,"3 Beds","Apartment"
"900 E Six Forks Rd, Raleigh, NC 27604","2026/07/07",1320,"1 Bed","Apartment"
"900 E Six Forks Rd, Raleigh, NC 27604","2026/07/07",1742,"2 Beds","Apartment"
"900 E Six Forks Rd, Raleigh, NC 27604","2026/07/07",1999,"3 Beds","Apartment"
"6625 Lake Hill Dr, Raleigh, NC 27609","2026/07/07",947,"Studio","Apartment"
"6625 Lake Hill Dr, Raleigh, NC 27609","2026/07/07",1011,"1 Bed","Apartment"
"6625 Lake Hill Dr, Raleigh, NC 27609","2026/07/07",1165,"2 Beds","Apartment"
"9240-9250 Bruckhaus St, Raleigh, NC 27617","2026/07/07",1246,"Studio","Apartment"
"9240-9250 Bruckhaus St, Raleigh, NC 27617","2026/07/07",1257,"1 Bed","Apartment"
"9240-9250 Bruckhaus St, Raleigh, NC 27617","2026/07/07",1495,"2 Beds","Apartment"
"5443 Wade Park Blvd, Raleigh, NC 27607","2026/07/07",1181,"Studio","Apartment"
"5443 Wade Park Blvd, Raleigh, NC 27607","2026/07/07",1344,"1 Bed","Apartment"
"5443 Wade Park Blvd, Raleigh, NC 27607","2026/07/07",1609,"2 Beds+","Apartment"
"10100 Donerail Way, Raleigh, NC 27617","2026/07/07",1103,"1 Bed","Apartment"
"10100 Donerail Way, Raleigh, NC 27617","2026/07/07",1348,"2 Beds","Apartment"
"10100 Donerail Way, Raleigh, NC 27617","2026/07/07",1538,"3 Beds","Apartment"
"120 Ridgewood Dr, Raleigh, NC 27609","2026/07/07",995,"1 Bed","Apartment"
"120 Ridgewood Dr, Raleigh, NC 27609","2026/07/07",1230,"2 Beds","Apartment"
"10210 Hillston Ridge Rd, Raleigh, NC 27617","2026/07/07",1263,"1 Bed","Apartment"
"10210 Hillston Ridge Rd, Raleigh, NC 27617","2026/07/07",1373,"2 Beds","Apartment"
"10210 Hillston Ridge Rd, Raleigh, NC 27617","2026/07/07",1813,"3 Beds","Apartment"
"5425 Dana Dr, Raleigh, NC 27606","2026/07/07",1350,"1 Bed","Apartment"
"5425 Dana Dr, Raleigh, NC 27606","2026/07/07",1385,"2 Beds","Apartment"
"6317 Shanda Dr, Raleigh, NC 27609","2026/07/07",1012,"1 Bed","Apartment"
"6317 Shanda Dr, Raleigh, NC 27609","2026/07/07",1235,"2 Beds","Apartment"
"6317 Shanda Dr, Raleigh, NC 27609","2026/07/07",1505,"3 Beds","Apartment"
"2100 McAndrew Dr, Raleigh, NC 27610","2026/07/07",1379,"3 Beds",NA
"2105 Ravenglass Pl, Raleigh, NC 27612","2026/07/07",1133,"1 Bed","Apartment"
"2105 Ravenglass Pl, Raleigh, NC 27612","2026/07/07",1381,"2 Beds","Apartment"
"3301 Cotton Mill Dr, Raleigh, NC 27612","2026/07/07",1185,"1 Bed","Apartment"
"3301 Cotton Mill Dr, Raleigh, NC 27612","2026/07/07",1668,"2 Beds","Apartment"
"3301 Cotton Mill Dr, Raleigh, NC 27612","2026/07/07",2142,"3 Beds","Apartment"
"1328-1410 Steinbeck Dr, Raleigh, NC 27609","2026/07/07",946,"Studio","Apartment"
"1328-1410 Steinbeck Dr, Raleigh, NC 27609","2026/07/07",1021,"1 Bed","Apartment"
"1328-1410 Steinbeck Dr, Raleigh, NC 27609","2026/07/07",1021,"2 Beds","Apartment"
"2805 Par Dr, Raleigh, NC 27603","2026/07/07",1126,"1 Bed","Apartment"
"2805 Par Dr, Raleigh, NC 27603","2026/07/07",1376,"2 Beds","Apartment"
"2805 Par Dr, Raleigh, NC 27603","2026/07/07",1480,"3 Beds","Apartment"
"2400-2521 Cluette Dr, Raleigh, NC 27615","2026/07/07",1099,"1 Bed","Apartment"
"2400-2521 Cluette Dr, Raleigh, NC 27615","2026/07/07",1359,"2 Beds","Apartment"
"8800 Cattail Creek Pl, Raleigh, NC 27616","2026/07/07",1165,"1 Bed","Apartment"
"8800 Cattail Creek Pl, Raleigh, NC 27616","2026/07/07",1355,"2 Beds","Apartment"
"8800 Cattail Creek Pl, Raleigh, NC 27616","2026/07/07",1635,"3 Beds","Apartment"
"2128 Clark Ave, Raleigh, NC 27605","2026/07/07",1282,"Studio","Apartment"
"2128 Clark Ave, Raleigh, NC 27605","2026/07/07",1698,"1 Bed","Apartment"
"2128 Clark Ave, Raleigh, NC 27605","2026/07/07",2295,"2 Beds","Apartment"
"4451 Vilana Rdg, Raleigh, NC 27612","2026/07/07",1075,"Studio","Apartment"
"4451 Vilana Rdg, Raleigh, NC 27612","2026/07/07",1386,"1 Bed","Apartment"
"4451 Vilana Rdg, Raleigh, NC 27612","2026/07/07",1867,"2 Beds","Apartment"
"5422 Tralee Pl, Raleigh, NC 27609","2026/07/07",1299,"2 Beds",NA
"5014-5039 Sedgewick Dr, Raleigh, NC 27616","2026/07/07",997,"1 Bed","Apartment"
"5014-5039 Sedgewick Dr, Raleigh, NC 27616","2026/07/07",1207,"2 Beds","Apartment"
"5014-5039 Sedgewick Dr, Raleigh, NC 27616","2026/07/07",1640,"3 Beds","Apartment"
"1140 Trinity Pine Ln, Raleigh, NC 27607","2026/07/07",1173,"1 Bed","Apartment"
"1140 Trinity Pine Ln, Raleigh, NC 27607","2026/07/07",1313,"2 Beds","Apartment"
"1140 Trinity Pine Ln, Raleigh, NC 27607","2026/07/07",1558,"3 Beds","Apartment"
"927 W Morgan St, Raleigh, NC 27603","2026/07/07",1276,"1 Bed","Apartment"
"927 W Morgan St, Raleigh, NC 27603","2026/07/07",1735,"2 Beds","Apartment"
"927 W Morgan St, Raleigh, NC 27603","2026/07/07",2363,"3 Beds","Apartment"
"4625 Millbrook Green Dr, Raleigh, NC 27604","2026/07/07",1228,"1 Bed","Apartment"
"4625 Millbrook Green Dr, Raleigh, NC 27604","2026/07/07",1608,"2 Beds","Apartment"
"4625 Millbrook Green Dr, Raleigh, NC 27604","2026/07/07",1920,"3 Beds","Apartment"
"7100 Claxton Cir, Raleigh, NC 27615","2026/07/07",1149,"1 Bed","Apartment"
"7100 Claxton Cir, Raleigh, NC 27615","2026/07/07",1349,"2 Beds","Apartment"
"6450 Viewpointe Cir, Raleigh, NC 27617","2026/07/07",1183,"1 Bed","Apartment"
"6450 Viewpointe Cir, Raleigh, NC 27617","2026/07/07",1424,"2 Beds","Apartment"
"6450 Viewpointe Cir, Raleigh, NC 27617","2026/07/07",1994,"3 Beds","Apartment"
"4803 N New Hope Rd, Raleigh, NC 27604","2026/07/07",899,"1 Bed","Apartment"
"4803 N New Hope Rd, Raleigh, NC 27604","2026/07/07",1184,"2 Beds","Apartment"
"4803 N New Hope Rd, Raleigh, NC 27604","2026/07/07",1705,"3 Beds","Apartment"
"231 Calibre Chase Dr, Raleigh, NC 27609","2026/07/07",1215,"1 Bed","Apartment"
"231 Calibre Chase Dr, Raleigh, NC 27609","2026/07/07",1485,"2 Beds","Apartment"
"3110-3150 Hidden Pond Dr, Raleigh, NC 27613","2026/07/07",1099,"1 Bed","Apartment"
"3110-3150 Hidden Pond Dr, Raleigh, NC 27613","2026/07/07",1285,"2 Beds","Apartment"
"3110-3150 Hidden Pond Dr, Raleigh, NC 27613","2026/07/07",1649,"3 Beds","Apartment"
"6820 Woodbend Dr, Raleigh, NC 27615","2026/07/07",920,"1 Bed","Apartment"
"6820 Woodbend Dr, Raleigh, NC 27615","2026/07/07",1230,"2 Beds","Apartment"
"202 N West St, Raleigh, NC 27603","2026/07/07",1165,"Studio","Apartment"
"202 N West St, Raleigh, NC 27603","2026/07/07",1426,"1 Bed","Apartment"
"202 N West St, Raleigh, NC 27603","2026/07/07",1823,"2 Beds","Apartment"
"5406 Viewcrest Way, Raleigh, NC 27606","2026/07/07",1052,"1 Bed","Apartment"
"5406 Viewcrest Way, Raleigh, NC 27606","2026/07/07",1402,"2 Beds","Apartment"
"5406 Viewcrest Way, Raleigh, NC 27606","2026/07/07",1703,"3 Beds","Apartment"
"817 Hillsborough St, Raleigh, NC 27603","2026/07/07",1230,"1 Bed","Apartment"
"817 Hillsborough St, Raleigh, NC 27603","2026/07/07",1863,"2 Beds","Apartment"
"4700 Riverwood Cir, Raleigh, NC 27612","2026/07/07",1228,"Studio","Apartment"
"4700 Riverwood Cir, Raleigh, NC 27612","2026/07/07",1419,"1 Bed","Apartment"
"4700 Riverwood Cir, Raleigh, NC 27612","2026/07/07",1764,"2 Beds+","Apartment"
"300 W Hargett St, Raleigh, NC 27601","2026/07/07",1303,"Studio","Apartment"
"300 W Hargett St, Raleigh, NC 27601","2026/07/07",1533,"1 Bed","Apartment"
"300 W Hargett St, Raleigh, NC 27601","2026/07/07",2238,"2 Beds","Apartment"
"6200 Riese Dr, Raleigh, NC 27613","2026/07/07",1121,"1 Bed","Apartment"
"6200 Riese Dr, Raleigh, NC 27613","2026/07/07",1096,"2 Beds","Apartment"
"700 Spring Falls Dr, Raleigh, NC 27609","2026/07/07",1244,"1 Bed","Apartment"
"700 Spring Falls Dr, Raleigh, NC 27609","2026/07/07",1748,"2 Beds","Apartment"
"314 W Jones St, Raleigh, NC 27603","2026/07/07",1250,"Studio","Apartment"
"314 W Jones St, Raleigh, NC 27603","2026/07/07",1690,"1 Bed","Apartment"
"314 W Jones St, Raleigh, NC 27603","2026/07/07",1840,"2 Beds","Apartment"
"7760 Midtown Market Ave, Raleigh, NC 27616","2026/07/07",1205,"1 Bed","Apartment"
"7760 Midtown Market Ave, Raleigh, NC 27616","2026/07/07",1565,"2 Beds","Apartment"
"3101 Hillsborough St, Raleigh, NC 27607","2026/07/07",1399,"Studio","Apartment"
"3101 Hillsborough St, Raleigh, NC 27607","2026/07/07",799,"1 Bed","Apartment"
"3101 Hillsborough St, Raleigh, NC 27607","2026/07/07",799,"2 Beds+","Apartment"
"5500 Home Valley Dr, Raleigh, NC 27612","2026/07/07",1205,"1 Bed","Apartment"
"5500 Home Valley Dr, Raleigh, NC 27612","2026/07/07",1777,"2 Beds","Apartment"
"5701 Hillsborough St, Raleigh, NC 27606","2026/07/07",1599,"1 Bed","Apartment"
"5701 Hillsborough St, Raleigh, NC 27606","2026/07/07",979,"2 Beds","Apartment"
"5701 Hillsborough St, Raleigh, NC 27606","2026/07/07",879,"3 Beds+","Apartment"
"6301 Lakecrest Dr, Raleigh, NC 27609","2026/07/07",1399,"1 Bed","Apartment"
"6301 Lakecrest Dr, Raleigh, NC 27609","2026/07/07",1749,"2 Beds","Apartment"
"6301 Lakecrest Dr, Raleigh, NC 27609","2026/07/07",2449,"3 Beds","Apartment"
"2221 Iron Works Dr, Raleigh, NC 27604","2026/07/07",1296,"Studio","Apartment"
"2221 Iron Works Dr, Raleigh, NC 27604","2026/07/07",1853,"1 Bed","Apartment"
"2221 Iron Works Dr, Raleigh, NC 27604","2026/07/07",2335,"2 Beds","Apartment"
"930 Vintage Jones Way, Raleigh, NC 27606","2026/07/07",1200,"1 Bed","Apartment"
"930 Vintage Jones Way, Raleigh, NC 27606","2026/07/07",1770,"2 Beds","Apartment"
"930 Vintage Jones Way, Raleigh, NC 27606","2026/07/07",2235,"3 Beds","Apartment"
"1331 Chester Ave, Raleigh, NC 27608","2026/07/07",1333,"Studio","Apartment"
"1331 Chester Ave, Raleigh, NC 27608","2026/07/07",1520,"1 Bed","Apartment"
"1331 Chester Ave, Raleigh, NC 27608","2026/07/07",2030,"2 Beds+","Apartment"
"3221 Glenhill Dr, Raleigh, NC 27612","2026/07/07",1180,"Studio","Apartment"
"3221 Glenhill Dr, Raleigh, NC 27612","2026/07/07",1250,"1 Bed","Apartment"
"3221 Glenhill Dr, Raleigh, NC 27612","2026/07/07",1599,"2 Beds+","Apartment"
"701 Vickers Way, Raleigh, NC 27603","2026/07/07",1399,"1 Bed","Apartment"
"701 Vickers Way, Raleigh, NC 27603","2026/07/07",1750,"2 Beds","Apartment"
"701 Vickers Way, Raleigh, NC 27603","2026/07/07",1999,"3 Beds","Apartment"
"600 W Cabarrus St, Raleigh, NC 27603","2026/07/07",1303,"Studio","Apartment"
"600 W Cabarrus St, Raleigh, NC 27603","2026/07/07",1591,"1 Bed","Apartment"
"600 W Cabarrus St, Raleigh, NC 27603","2026/07/07",1970,"2 Beds+","Apartment"
"5901 Triangle Oaks Dr, Raleigh, NC 27616","2026/07/07",1263,"1 Bed","Apartment"
"5901 Triangle Oaks Dr, Raleigh, NC 27616","2026/07/07",1646,"2 Beds","Apartment"
"5901 Triangle Oaks Dr, Raleigh, NC 27616","2026/07/07",1958,"3 Beds","Apartment"
"3431 Olympia Dr, Raleigh, NC 27603","2026/07/07",1276,"Studio","Apartment"
"3431 Olympia Dr, Raleigh, NC 27603","2026/07/07",1276,"1 Bed","Apartment"
"3431 Olympia Dr, Raleigh, NC 27603","2026/07/07",1632,"2 Beds","Apartment"
"7901 Cheaha Dr, Raleigh, NC 27616","2026/07/07",1593,"1 Bed","Apartment"
"7901 Cheaha Dr, Raleigh, NC 27616","2026/07/07",2125,"2 Beds","Apartment"
"7901 Cheaha Dr, Raleigh, NC 27616","2026/07/07",2510,"3 Beds","Apartment"
"2421 Sanders Ave, Durham, NC 27703","2026/07/07",1794,"1 Bed","Apartment"
"2421 Sanders Ave, Durham, NC 27703","2026/07/07",2244,"2 Beds","Apartment"
"2421 Sanders Ave, Durham, NC 27703","2026/07/07",2689,"3 Beds","Apartment"
"556 Hatters Mill Rd, Wake Forest, NC 27587","2026/07/07",2199,"2 Beds","Apartment"
"556 Hatters Mill Rd, Wake Forest, NC 27587","2026/07/07",2364,"3 Beds","Apartment"
"556 Hatters Mill Rd, Wake Forest, NC 27587","2026/07/07",2499,"4 Beds","Apartment"
"3207 Stones Throw Ln, Durham, NC 27713","2026/07/07",1210,"1 Bed","Apartment"
"3207 Stones Throw Ln, Durham, NC 27713","2026/07/07",1336,"2 Beds","Apartment"
"300 Woodway Bluff Cir, Cary, NC 27513","2026/07/07",1286,"1 Bed","Apartment"
"300 Woodway Bluff Cir, Cary, NC 27513","2026/07/07",1442,"2 Beds","Apartment"
"2310 W Cameo Ln, Knightdale, NC 27545","2026/07/07",1146,"1 Bed","Apartment"
"2310 W Cameo Ln, Knightdale, NC 27545","2026/07/07",1419,"2 Beds","Apartment"
"2310 W Cameo Ln, Knightdale, NC 27545","2026/07/07",1605,"3 Beds","Apartment"
"200 Berwick Valley Ln, Cary, NC 27513","2026/07/07",1487,"1 Bed","Apartment"
"200 Berwick Valley Ln, Cary, NC 27513","2026/07/07",1733,"2 Beds","Apartment"
"200 Berwick Valley Ln, Cary, NC 27513","2026/07/07",1844,"3 Beds","Apartment"
"1017 Umstead Hollow Pl, Cary, NC 27513","2026/07/07",1576,"Studio","Apartment"
"1017 Umstead Hollow Pl, Cary, NC 27513","2026/07/07",1538,"1 Bed","Apartment"
"1017 Umstead Hollow Pl, Cary, NC 27513","2026/07/07",1722,"2 Beds+","Apartment"
"2101 Lakeside Lofts Cir, Cary, NC 27513","2026/07/07",1537,"1 Bed","Apartment"
"2101 Lakeside Lofts Cir, Cary, NC 27513","2026/07/07",1971,"2 Beds","Apartment"
"1001 Park Commons Dr, Knightdale, NC 27545","2026/07/07",1237,"1 Bed","Apartment"
"1001 Park Commons Dr, Knightdale, NC 27545","2026/07/07",1573,"2 Beds","Apartment"
"1001 Park Commons Dr, Knightdale, NC 27545","2026/07/07",2119,"3 Beds","Apartment"
"1108 Merrion Ave, Durham, NC 27703","2026/07/07",1349,"1 Bed","Apartment"
"1108 Merrion Ave, Durham, NC 27703","2026/07/07",1748,"2 Beds","Apartment"
"1108 Merrion Ave, Durham, NC 27703","2026/07/07",2050,"3 Beds","Apartment"
"400 Evolve Dr, Garner, NC 27529","2026/07/07",1239,"1 Bed","Apartment"
"400 Evolve Dr, Garner, NC 27529","2026/07/07",1507,"2 Beds","Apartment"
"400 Evolve Dr, Garner, NC 27529","2026/07/07",1971,"3 Beds","Apartment"
"1050 Slater Rd, Durham, NC 27703","2026/07/07",1406,"Studio","Apartment"
"1050 Slater Rd, Durham, NC 27703","2026/07/07",1541,"1 Bed","Apartment"
"1050 Slater Rd, Durham, NC 27703","2026/07/07",1780,"2 Beds+","Apartment"
"5809 Taylor Rd, Wendell, NC 27591","2026/07/07",1561,"1 Bed","Apartment"
"5809 Taylor Rd, Wendell, NC 27591","2026/07/07",1706,"2 Beds","Apartment"
"5809 Taylor Rd, Wendell, NC 27591","2026/07/07",2116,"3 Beds","Apartment"
"615 Corbett St, Morrisville, NC 27560","2026/07/07",1405,"Studio","Apartment"
"615 Corbett St, Morrisville, NC 27560","2026/07/07",1409,"1 Bed","Apartment"
"615 Corbett St, Morrisville, NC 27560","2026/07/07",1675,"2 Beds+","Apartment"
"110 Singh Ln, Cary, NC 27513","2026/07/07",2448,"1 Bed","Apartment"
"110 Singh Ln, Cary, NC 27513","2026/07/07",2489,"2 Beds","Apartment"
"110 Singh Ln, Cary, NC 27513","2026/07/07",3061,"3 Beds","Apartment"
"352 S Walker St, Cary, NC 27511","2026/07/07",1831,"Studio","Apartment"
"352 S Walker St, Cary, NC 27511","2026/07/07",2446,"1 Bed","Apartment"
"352 S Walker St, Cary, NC 27511","2026/07/07",3251,"2 Beds+","Apartment"
"1440 Yellow Desert Way, Wendell, NC 27591","2026/07/07",1373,"Studio","Apartment"
"1440 Yellow Desert Way, Wendell, NC 27591","2026/07/07",1327,"1 Bed","Apartment"
"1440 Yellow Desert Way, Wendell, NC 27591","2026/07/07",1595,"2 Beds+","Apartment"
"8700 Seeing Trail, Wake Forest, NC 27587","2026/07/07",1295,"1 Bed","Apartment"
"8700 Seeing Trail, Wake Forest, NC 27587","2026/07/07",1525,"2 Beds","Apartment"
"2504 North Carolina 54, Durham, NC 27713","2026/07/07",950,"2 Beds",NA
"145 Burke Legacy Way, Wendell, NC 27591","2026/07/07",2295,"3 Beds","Apartment"
"145 Burke Legacy Way, Wendell, NC 27591","2026/07/07",2575,"4 Beds","Apartment"
"1070 Kenmore Dr, Clayton, NC 27520","2026/07/07",1099,"1 Bed","Apartment"
"1070 Kenmore Dr, Clayton, NC 27520","2026/07/07",1399,"2 Beds","Apartment"
"1070 Kenmore Dr, Clayton, NC 27520","2026/07/07",1724,"3 Beds","Apartment"
"900 Waterford Forest Cir, Cary, NC 27513","2026/07/07",1038,"1 Bed","Apartment"
"900 Waterford Forest Cir, Cary, NC 27513","2026/07/07",1218,"2 Beds","Apartment"
"10300 Kingsclere Dr, Cary, NC 27511","2026/07/07",1357,"1 Bed","Apartment"
"10300 Kingsclere Dr, Cary, NC 27511","2026/07/07",1513,"2 Beds","Apartment"
"10300 Kingsclere Dr, Cary, NC 27511","2026/07/07",1691,"3 Beds+","Apartment"
"400 Stone Lion Dr, Durham, NC 27703","2026/07/07",1028,"Studio","Apartment"
"400 Stone Lion Dr, Durham, NC 27703","2026/07/07",1188,"1 Bed","Apartment"
"400 Stone Lion Dr, Durham, NC 27703","2026/07/07",1393,"2 Beds+","Apartment"
"503 Culpepper Hill Ct, Cary, NC 27513","2026/07/07",1397,"2 Beds","Apartment"
"503 Culpepper Hill Ct, Cary, NC 27513","2026/07/07",1800,"3 Beds","Apartment"
"503 Culpepper Hill Ct, Cary, NC 27513","2026/07/07",1850,"4 Beds","Apartment"
"100 Hempstead Ct, Cary, NC 27513","2026/07/07",1131,"1 Bed","Apartment"
"100 Hempstead Ct, Cary, NC 27513","2026/07/07",1316,"2 Beds","Apartment"
"1150 Baxter Ln, Knightdale, NC 27545","2026/07/07",1252,"1 Bed","Apartment"
"1150 Baxter Ln, Knightdale, NC 27545","2026/07/07",1425,"2 Beds","Apartment"
"1150 Baxter Ln, Knightdale, NC 27545","2026/07/07",1750,"3 Beds","Apartment"
"4551 Crown Pky, Morrisville, NC 27560","2026/07/07",1265,"1 Bed","Apartment"
"4551 Crown Pky, Morrisville, NC 27560","2026/07/07",1507,"2 Beds","Apartment"
"4551 Crown Pky, Morrisville, NC 27560","2026/07/07",1757,"3 Beds","Apartment"
"200 Brisbane Woods Way, Cary, NC 27518","2026/07/07",1339,"1 Bed","Apartment"
"200 Brisbane Woods Way, Cary, NC 27518","2026/07/07",1651,"2 Beds","Apartment"
"200 Brisbane Woods Way, Cary, NC 27518","2026/07/07",1989,"3 Beds","Apartment"
"200 Wrenn Dr, Cary, NC 27511","2026/07/07",1250,"3 Beds",NA
"411 Gregory Dr, Cary, NC 27513","2026/07/07",1399,"3 Beds",NA
"950 Parkside Village Dr, Clayton, NC 27520","2026/07/07",1381,"1 Bed","Apartment"
"950 Parkside Village Dr, Clayton, NC 27520","2026/07/07",1605,"2 Beds","Apartment"
"101 Harlon Dr, Cary, NC 27511","2026/07/07",1160,"1 Bed","Apartment"
"101 Harlon Dr, Cary, NC 27511","2026/07/07",1225,"2 Beds","Apartment"
"400 Advancement Ave, Durham, NC 27703","2026/07/07",1412,"1 Bed","Apartment"
"400 Advancement Ave, Durham, NC 27703","2026/07/07",1942,"2 Beds","Apartment"
"400 Advancement Ave, Durham, NC 27703","2026/07/07",2298,"3 Beds","Apartment"
"1100 Deer Harbor Dr, Garner, NC 27529","2026/07/07",1332,"1 Bed","Apartment"
"1100 Deer Harbor Dr, Garner, NC 27529","2026/07/07",1523,"2 Beds","Apartment"
"1100 Deer Harbor Dr, Garner, NC 27529","2026/07/07",1696,"3 Beds","Apartment"
"4531 Langdon Rd, Morrisville, NC 27560","2026/07/07",1395,"1 Bed","Apartment"
"4531 Langdon Rd, Morrisville, NC 27560","2026/07/07",1435,"2 Beds","Apartment"
"2599 Evans Rd, Morrisville, NC 27560","2026/07/07",1945,"2 Beds","Apartment"
"2599 Evans Rd, Morrisville, NC 27560","2026/07/07",2285,"3 Beds","Apartment"
"1421 Legacy Falls Dr, Wake Forest, NC 27587","2026/07/07",1465,"1 Bed","Apartment"
"1421 Legacy Falls Dr, Wake Forest, NC 27587","2026/07/07",1710,"2 Beds","Apartment"
"1421 Legacy Falls Dr, Wake Forest, NC 27587","2026/07/07",1925,"3 Beds","Apartment"
"3055 Carrington Mill Blvd, Morrisville, NC 27560","2026/07/07",1400,"1 Bed","Apartment"
"3055 Carrington Mill Blvd, Morrisville, NC 27560","2026/07/07",1760,"2 Beds","Apartment"
"3055 Carrington Mill Blvd, Morrisville, NC 27560","2026/07/07",1860,"3 Beds","Apartment"
"1012-1016 Lower Shiloh Way, Morrisville, NC 27560","2026/07/07",1548,"1 Bed","Apartment"
"1012-1016 Lower Shiloh Way, Morrisville, NC 27560","2026/07/07",1701,"2 Beds","Apartment"
"1012-1016 Lower Shiloh Way, Morrisville, NC 27560","2026/07/07",2088,"3 Beds","Apartment"
"2611 Moonbow Trl, Wake Forest, NC 27587","2026/07/07",1340,"1 Bed","Apartment"
"2611 Moonbow Trl, Wake Forest, NC 27587","2026/07/07",1599,"2 Beds","Apartment"
"2611 Moonbow Trl, Wake Forest, NC 27587","2026/07/07",1966,"3 Beds","Apartment"
"700 Legacy Heritage Ln, Wake Forest, NC 27587","2026/07/07",1400,"1 Bed","Apartment"
"700 Legacy Heritage Ln, Wake Forest, NC 27587","2026/07/07",1675,"2 Beds","Apartment"
"700 Legacy Heritage Ln, Wake Forest, NC 27587","2026/07/07",2190,"3 Beds","Apartment"
"1025 Luxury Ln, Durham, NC 27703","2026/07/07",1549,"1 Bed","Apartment"
"1025 Luxury Ln, Durham, NC 27703","2026/07/07",2009,"2 Beds","Apartment"
"1025 Luxury Ln, Durham, NC 27703","2026/07/07",2839,"3 Beds","Apartment"
"9205 Chapel Hill Rd, Cary, NC 27513","2026/07/07",1885,"1 Bed","Apartment"
"9205 Chapel Hill Rd, Cary, NC 27513","2026/07/07",2008,"2 Beds","Apartment"
"9205 Chapel Hill Rd, Cary, NC 27513","2026/07/07",2518,"3 Beds","Apartment"
"1000 Lakeside Terrace Ct, Wake Forest, NC 27587","2026/07/07",1440,"1 Bed","Apartment"
"1000 Lakeside Terrace Ct, Wake Forest, NC 27587","2026/07/07",1733,"2 Beds","Apartment"
"1000 Lakeside Terrace Ct, Wake Forest, NC 27587","2026/07/07",2187,"3 Beds","Apartment"
"1950 Grisdale Ln, Cary, NC 27513","2026/07/07",1504,"1 Bed","Apartment"
"1950 Grisdale Ln, Cary, NC 27513","2026/07/07",1935,"2 Beds","Apartment"
"1950 Grisdale Ln, Cary, NC 27513","2026/07/07",2703,"3 Beds","Apartment"
"5510 Primary Dr, Durham, NC 27703","2026/07/07",1360,"1 Bed","Apartment"
"5510 Primary Dr, Durham, NC 27703","2026/07/07",1718,"2 Beds","Apartment"
"5510 Primary Dr, Durham, NC 27703","2026/07/07",2588,"3 Beds","Apartment"
"200 McChesney Hill Loop, Apex, NC 27539","2026/07/07",1266,"1 Bed","Apartment"
"200 McChesney Hill Loop, Apex, NC 27539","2026/07/07",1587,"2 Beds","Apartment"
"200 McChesney Hill Loop, Apex, NC 27539","2026/07/07",2171,"3 Beds","Apartment"
"1425 Aversboro Rd, Garner, NC 27529","2026/07/07",1650,"2 Beds","Apartment"
"1425 Aversboro Rd, Garner, NC 27529","2026/07/07",1900,"3 Beds","Apartment"
"128 Mill St, Clayton, NC 27520","2026/07/07",1499,"1 Bed","Apartment"
"128 Mill St, Clayton, NC 27520","2026/07/07",1648,"2 Beds","Apartment"
"128 Mill St, Clayton, NC 27520","2026/07/07",1947,"3 Beds","Apartment"
"605 Halifax St, Raleigh, NC 27604","2026/07/07",1256,"Studio","Apartment"
"605 Halifax St, Raleigh, NC 27604","2026/07/07",1648,"1 Bed","Apartment"
"605 Halifax St, Raleigh, NC 27604","2026/07/07",3092,"2 Beds","Apartment"
NA,NA,NA,NA,NA
"5540 Atlantic Springs Rd, Raleigh, NC 27616","2026/07/07",1356,"1 Bed","Apartment"
"5540 Atlantic Springs Rd, Raleigh, NC 27616","2026/07/07",1814,"2 Beds","Apartment"
"4800 Waterford Point Dr, Raleigh, NC 27612","2026/07/07",1178,"1 Bed","Apartment"
"4800 Waterford Point Dr, Raleigh, NC 27612","2026/07/07",1403,"2 Beds","Apartment"
"110 Talisman Way, Raleigh, NC 27615","2026/07/07",1448,"1 Bed","Apartment"
"110 Talisman Way, Raleigh, NC 27615","2026/07/07",1728,"2 Beds","Apartment"
"110 Talisman Way, Raleigh, NC 27615","2026/07/07",1913,"3 Beds","Apartment"
"201 Park At North Hills St, Raleigh, NC 27609","2026/07/07",1635,"Studio","Apartment"
"201 Park At North Hills St, Raleigh, NC 27609","2026/07/07",1773,"1 Bed","Apartment"
"201 Park At North Hills St, Raleigh, NC 27609","2026/07/07",1923,"2 Beds","Apartment"
"11010 Eastlake Club Dr, Raleigh, NC 27617","2026/07/07",1365,"1 Bed","Apartment"
"11010 Eastlake Club Dr, Raleigh, NC 27617","2026/07/07",1475,"2 Beds","Apartment"
"11010 Eastlake Club Dr, Raleigh, NC 27617","2026/07/07",1869,"3 Beds","Apartment"
"1040 Wake Towne Dr, Raleigh, NC 27609","2026/07/07",1343,"Studio","Apartment"
"1040 Wake Towne Dr, Raleigh, NC 27609","2026/07/07",1350,"1 Bed","Apartment"
"1040 Wake Towne Dr, Raleigh, NC 27609","2026/07/07",1801,"2 Beds","Apartment"
"3000 Inland Trl, Raleigh, NC 27613","2026/07/07",1177,"1 Bed","Apartment"
"3000 Inland Trl, Raleigh, NC 27613","2026/07/07",1437,"2 Beds","Apartment"
"14114 Chriswick House Ln, Raleigh, NC 27614","2026/07/07",1165,"1 Bed","Apartment"
"14114 Chriswick House Ln, Raleigh, NC 27614","2026/07/07",1412,"2 Beds","Apartment"
"14114 Chriswick House Ln, Raleigh, NC 27614","2026/07/07",1703,"3 Beds","Apartment"
"4101 Lake Lynn Dr, Raleigh, NC 27613","2026/07/07",1074,"1 Bed","Apartment"
"4101 Lake Lynn Dr, Raleigh, NC 27613","2026/07/07",1317,"2 Beds","Apartment"
"4101 Lake Lynn Dr, Raleigh, NC 27613","2026/07/07",1518,"3 Beds","Apartment"
"2413 Small Branch Trl, Raleigh, NC 27610","2026/07/07",2300,"3 Beds",NA
"8810 Autumn Winds Dr, Raleigh, NC 27615","2026/07/07",1452,"1 Bed","Apartment"
"8810 Autumn Winds Dr, Raleigh, NC 27615","2026/07/07",1479,"2 Beds","Apartment"
"8810 Autumn Winds Dr, Raleigh, NC 27615","2026/07/07",1654,"3 Beds","Apartment"
"1021 S saunders St, Raleigh, NC 27603","2026/07/07",1339,"Studio","Apartment"
"1021 S saunders St, Raleigh, NC 27603","2026/07/07",1610,"1 Bed","Apartment"
"1021 S saunders St, Raleigh, NC 27603","2026/07/07",2190,"2 Beds+","Apartment"
"2105 Sheltonham Way, Raleigh, NC 27612","2026/07/07",1372,"1 Bed","Apartment"
"2105 Sheltonham Way, Raleigh, NC 27612","2026/07/07",1740,"2 Beds","Apartment"
"2105 Sheltonham Way, Raleigh, NC 27612","2026/07/07",1950,"3 Beds","Apartment"
"5723 Magellan Way, Raleigh, NC 27612","2026/07/07",1175,"1 Bed","Apartment"
"5723 Magellan Way, Raleigh, NC 27612","2026/07/07",1340,"2 Beds","Apartment"
"5723 Magellan Way, Raleigh, NC 27612","2026/07/07",1592,"3 Beds","Apartment"
"10022 Meadow Chase Dr, Raleigh, NC 27617","2026/07/07",1438,"1 Bed","Apartment"
"10022 Meadow Chase Dr, Raleigh, NC 27617","2026/07/07",1637,"2 Beds","Apartment"
"5801 Blacksmith Dr, Raleigh, NC 27606","2026/07/07",1361,"1 Bed","Apartment"
"5801 Blacksmith Dr, Raleigh, NC 27606","2026/07/07",1236,"2 Beds","Apartment"
"205 W Davie St, Raleigh, NC 27601","2026/07/07",1250,"Studio","Apartment"
"205 W Davie St, Raleigh, NC 27601","2026/07/07",1400,"1 Bed","Apartment"
"205 W Davie St, Raleigh, NC 27601","2026/07/07",1975,"2 Beds","Apartment"
"4901 Tall Timber Dr, Raleigh, NC 27612","2026/07/07",1202,"1 Bed","Apartment"
"4901 Tall Timber Dr, Raleigh, NC 27612","2026/07/07",1273,"2 Beds","Apartment"
"500 E Hargett St, Raleigh, NC 27601","2026/07/07",1175,"2 Beds",NA
"5454 Crossroads Crest Way, Raleigh, NC 27606","2026/07/07",1343,"1 Bed","Apartment"
"5454 Crossroads Crest Way, Raleigh, NC 27606","2026/07/07",1419,"2 Beds","Apartment"
"5454 Crossroads Crest Way, Raleigh, NC 27606","2026/07/07",1776,"3 Beds","Apartment"
"1100 Lenoxplace Cir, Raleigh, NC 27603","2026/07/07",1161,"1 Bed","Apartment"
"1100 Lenoxplace Cir, Raleigh, NC 27603","2026/07/07",1345,"2 Beds","Apartment"
"1100 Lenoxplace Cir, Raleigh, NC 27603","2026/07/07",1412,"3 Beds","Apartment"
"2292 Fox Ridge Manor Rd, Raleigh, NC 27610","2026/07/07",1350,"2 Beds","Apartment"
"2292 Fox Ridge Manor Rd, Raleigh, NC 27610","2026/07/07",1650,"3 Beds","Apartment"
"3950 Fairsted Dr, Raleigh, NC 27612","2026/07/07",1305,"1 Bed","Apartment"
"3950 Fairsted Dr, Raleigh, NC 27612","2026/07/07",1865,"2 Beds","Apartment"
"1400-1402 Gorman St, Raleigh, NC 27606","2026/07/07",995,"2 Beds",NA
"3001 Hillsborough St, Raleigh, NC 27607","2026/07/07",1675,"Studio","Apartment"
"3001 Hillsborough St, Raleigh, NC 27607","2026/07/07",1999,"1 Bed","Apartment"
"3001 Hillsborough St, Raleigh, NC 27607","2026/07/07",845,"2 Beds+","Apartment"
"5301 Creek Ridge Ln, Raleigh, NC 27607","2026/07/07",1016,"1 Bed","Apartment"
"5301 Creek Ridge Ln, Raleigh, NC 27607","2026/07/07",1209,"2 Beds","Apartment"
"5301 Creek Ridge Ln, Raleigh, NC 27607","2026/07/07",1365,"3 Beds","Apartment"
"6301 Dowd Forest Dr, Raleigh, NC 27615","2026/07/07",1204,"1 Bed","Apartment"
"6301 Dowd Forest Dr, Raleigh, NC 27615","2026/07/07",1346,"2 Beds","Apartment"
"6301 Dowd Forest Dr, Raleigh, NC 27615","2026/07/07",1694,"3 Beds","Apartment"
"6701 Fox Rd, Raleigh, NC 27616","2026/07/07",1222,"1 Bed","Apartment"
"6701 Fox Rd, Raleigh, NC 27616","2026/07/07",1276,"2 Beds","Apartment"
"6701 Fox Rd, Raleigh, NC 27616","2026/07/07",1656,"3 Beds","Apartment"
"2904 Calvary Dr, Raleigh, NC 27604","2026/07/07",1011,"1 Bed","Apartment"
"2904 Calvary Dr, Raleigh, NC 27604","2026/07/07",1120,"2 Beds","Apartment"
"981-1005 Morrisville Pky, Morrisville, NC 27560","2026/07/07",1576,"Studio","Apartment"
"981-1005 Morrisville Pky, Morrisville, NC 27560","2026/07/07",1671,"1 Bed","Apartment"
"981-1005 Morrisville Pky, Morrisville, NC 27560","2026/07/07",2216,"2 Beds","Apartment"
"200 Wind River Pky, Morrisville, NC 27560","2026/07/07",1219,"1 Bed","Apartment"
"200 Wind River Pky, Morrisville, NC 27560","2026/07/07",1484,"2 Beds","Apartment"
"200 Wind River Pky, Morrisville, NC 27560","2026/07/07",1703,"3 Beds","Apartment"
"900 Doverside Dr, Apex, NC 27523","2026/07/07",1450,"1 Bed","Apartment"
"900 Doverside Dr, Apex, NC 27523","2026/07/07",1831,"2 Beds","Apartment"
"900 Doverside Dr, Apex, NC 27523","2026/07/07",2405,"3 Beds","Apartment"
"3000 Dominion Ridge Cir, Morrisville, NC 27560","2026/07/07",1399,"Studio","Apartment"
"3000 Dominion Ridge Cir, Morrisville, NC 27560","2026/07/07",1396,"1 Bed","Apartment"
"3000 Dominion Ridge Cir, Morrisville, NC 27560","2026/07/07",1850,"2 Beds+","Apartment"
"521 Granite Grove Loop, Wake Forest, NC 27587","2026/07/07",1413,"1 Bed","Apartment"
"521 Granite Grove Loop, Wake Forest, NC 27587","2026/07/07",1782,"2 Beds","Apartment"
"521 Granite Grove Loop, Wake Forest, NC 27587","2026/07/07",2144,"3 Beds","Apartment"
NA,NA,NA,NA,NA
"5860 McCrimmon Pky, Morrisville, NC 27560","2026/07/07",1427,"1 Bed","Apartment"
"5860 McCrimmon Pky, Morrisville, NC 27560","2026/07/07",1681,"2 Beds","Apartment"
"5860 McCrimmon Pky, Morrisville, NC 27560","2026/07/07",2415,"3 Beds","Apartment"
"68 Shumard Way, Garner, NC 27529","2026/07/07",1494,"1 Bed","Apartment"
"68 Shumard Way, Garner, NC 27529","2026/07/07",1599,"2 Beds","Apartment"
"68 Shumard Way, Garner, NC 27529","2026/07/07",1764,"3 Beds","Apartment"
"1000 Slater Crossing Cir, Morrisville, NC 27560","2026/07/07",1313,"Studio","Apartment"
"1000 Slater Crossing Cir, Morrisville, NC 27560","2026/07/07",1478,"1 Bed","Apartment"
"1000 Slater Crossing Cir, Morrisville, NC 27560","2026/07/07",1665,"2 Beds+","Apartment"
"2015 Copper Leaf Pky, Durham, NC 27703","2026/07/07",1452,"1 Bed","Apartment"
"2015 Copper Leaf Pky, Durham, NC 27703","2026/07/07",1643,"2 Beds","Apartment"
"100 Eclipse Dr, Cary, NC 27518","2026/07/07",1273,"1 Bed","Apartment"
"100 Eclipse Dr, Cary, NC 27518","2026/07/07",1323,"2 Beds","Apartment"
"100 Eclipse Dr, Cary, NC 27518","2026/07/07",1462,"3 Beds","Apartment"
"641 Fairway Crossing Dr, Wendell, NC 27591","2026/07/07",3050,"3 Beds","Apartment"
"641 Fairway Crossing Dr, Wendell, NC 27591","2026/07/07",2648,"4 Beds","Apartment"
"641 Fairway Crossing Dr, Wendell, NC 27591","2026/07/07",2696,"5 Beds","Apartment"
"1201 Aragon Dr, Knightdale, NC 27545","2026/07/07",1177,"1 Bed","Apartment"
"1201 Aragon Dr, Knightdale, NC 27545","2026/07/07",1274,"2 Beds","Apartment"
"1201 Aragon Dr, Knightdale, NC 27545","2026/07/07",1549,"3 Beds","Apartment"
"2312 Bristol Creek Dr, Morrisville, NC 27560","2026/07/07",1507,"1 Bed","Apartment"
"2312 Bristol Creek Dr, Morrisville, NC 27560","2026/07/07",1757,"2 Beds","Apartment"
"2312 Bristol Creek Dr, Morrisville, NC 27560","2026/07/07",2220,"3 Beds","Apartment"
"1533 Ellis Rd, Durham, NC 27703","2026/07/07",1315,"1 Bed","Apartment"
"1533 Ellis Rd, Durham, NC 27703","2026/07/07",1485,"2 Beds","Apartment"
"1533 Ellis Rd, Durham, NC 27703","2026/07/07",1725,"3 Beds","Apartment"
"685 Popedale Rd, Knightdale, NC 27545","2026/07/07",1793,"2 Beds","Apartment"
"685 Popedale Rd, Knightdale, NC 27545","2026/07/07",1940,"3 Beds","Apartment"
"685 Popedale Rd, Knightdale, NC 27545","2026/07/07",2651,"4 Beds","Apartment"
"1001-1019 Fox Hunt Ln, Raleigh, NC 27615","2026/07/07",1229,"1 Bed","Apartment"
"1001-1019 Fox Hunt Ln, Raleigh, NC 27615","2026/07/07",1349,"2 Beds","Apartment"
"1001-1019 Fox Hunt Ln, Raleigh, NC 27615","2026/07/07",1579,"3 Beds","Apartment"
"910 Shellbrook Ct, Raleigh, NC 27609","2026/07/07",1385,"1 Bed","Apartment"
"910 Shellbrook Ct, Raleigh, NC 27609","2026/07/07",1580,"2 Beds","Apartment"
"2841 Manorcrest Ct, Raleigh, NC 27609","2026/07/07",1347,"Studio","Apartment"
"2841 Manorcrest Ct, Raleigh, NC 27609","2026/07/07",1607,"1 Bed","Apartment"
"2841 Manorcrest Ct, Raleigh, NC 27609","2026/07/07",2084,"2 Beds","Apartment"
"4408 Marriott Dr, Raleigh, NC 27612","2026/07/07",1739,"1 Bed","Apartment"
"4408 Marriott Dr, Raleigh, NC 27612","2026/07/07",2244,"2 Beds","Apartment"
"3230 Stream Side Rd, Raleigh, NC 27613","2026/07/07",1298,"1 Bed","Apartment"
"3230 Stream Side Rd, Raleigh, NC 27613","2026/07/07",1489,"2 Beds","Apartment"
"3230 Stream Side Rd, Raleigh, NC 27613","2026/07/07",2185,"3 Beds","Apartment"
"6010 Attleboro Dr, Raleigh, NC 27606","2026/07/07",1472,"1 Bed","Apartment"
"6010 Attleboro Dr, Raleigh, NC 27606","2026/07/07",1673,"2 Beds","Apartment"
"6010 Attleboro Dr, Raleigh, NC 27606","2026/07/07",2124,"3 Beds","Apartment"
"214 Lofts Ln, Raleigh, NC 27609","2026/07/07",1355,"1 Bed","Apartment"
"214 Lofts Ln, Raleigh, NC 27609","2026/07/07",1360,"2 Beds","Apartment"
"214 Lofts Ln, Raleigh, NC 27609","2026/07/07",1793,"3 Beds","Apartment"
"2038 Quail Forest Dr, Raleigh, NC 27609","2026/07/07",1126,"1 Bed","Apartment"
"2038 Quail Forest Dr, Raleigh, NC 27609","2026/07/07",1315,"2 Beds","Apartment"
"2038 Quail Forest Dr, Raleigh, NC 27609","2026/07/07",1479,"3 Beds","Apartment"
NA,NA,NA,NA,NA
"7303 Hihenge Ct, Raleigh, NC 27615","2026/07/07",1239,"1 Bed","Apartment"
"7303 Hihenge Ct, Raleigh, NC 27615","2026/07/07",1573,"2 Beds","Apartment"
"7303 Hihenge Ct, Raleigh, NC 27615","2026/07/07",1752,"3 Beds","Apartment"
"740 Smallwood Dr, Raleigh, NC 27605","2026/07/07",1199,"Studio","Apartment"
"740 Smallwood Dr, Raleigh, NC 27605","2026/07/07",1299,"1 Bed","Apartment"
"740 Smallwood Dr, Raleigh, NC 27605","2026/07/07",1389,"2 Beds","Apartment"
"2400 Garden Hill Dr, Raleigh, NC 27614","2026/07/07",1345,"1 Bed","Apartment"
"2400 Garden Hill Dr, Raleigh, NC 27614","2026/07/07",1366,"2 Beds","Apartment"
"2400 Garden Hill Dr, Raleigh, NC 27614","2026/07/07",1904,"3 Beds","Apartment"
"510 N Wilmington St, Raleigh, NC 27604","2026/07/07",1244,"Studio","Apartment"
"510 N Wilmington St, Raleigh, NC 27604","2026/07/07",1562,"1 Bed","Apartment"
"510 N Wilmington St, Raleigh, NC 27604","2026/07/07",2114,"2 Beds","Apartment"
"1731 Tupelo Hill Ln, Raleigh, NC 27607","2026/07/07",1334,"1 Bed","Apartment"
"1731 Tupelo Hill Ln, Raleigh, NC 27607","2026/07/07",1900,"2 Beds","Apartment"
"1731 Tupelo Hill Ln, Raleigh, NC 27607","2026/07/07",2637,"3 Beds","Apartment"
"3920 Knickerbocker Pky, Raleigh, NC 27612","2026/07/07",1331,"1 Bed","Apartment"
"3920 Knickerbocker Pky, Raleigh, NC 27612","2026/07/07",1513,"2 Beds","Apartment"
"3920 Knickerbocker Pky, Raleigh, NC 27612","2026/07/07",1723,"3 Beds","Apartment"
"5600 Briar Oak Ln, Raleigh, NC 27612","2026/07/07",1254,"1 Bed","Apartment"
"5600 Briar Oak Ln, Raleigh, NC 27612","2026/07/07",1193,"2 Beds","Apartment"
"3221 Lynn Ridge Rd, Raleigh, NC 27613","2026/07/07",1078,"1 Bed","Apartment"
"3221 Lynn Ridge Rd, Raleigh, NC 27613","2026/07/07",1327,"2 Beds","Apartment"
"12201 Oakwood View Dr, Raleigh, NC 27614","2026/07/07",1199,"1 Bed","Apartment"
"12201 Oakwood View Dr, Raleigh, NC 27614","2026/07/07",1287,"2 Beds","Apartment"
"12201 Oakwood View Dr, Raleigh, NC 27614","2026/07/07",1707,"3 Beds","Apartment"
"804 W Morgan St, Raleigh, NC 27603","2026/07/07",1481,"1 Bed","Apartment"
"804 W Morgan St, Raleigh, NC 27603","2026/07/07",1744,"2 Beds","Apartment"
"9920 Jamison Valley Dr, Raleigh, NC 27617","2026/07/07",1491,"1 Bed","Apartment"
"9920 Jamison Valley Dr, Raleigh, NC 27617","2026/07/07",1762,"2 Beds","Apartment"
"9920 Jamison Valley Dr, Raleigh, NC 27617","2026/07/07",2340,"3 Beds","Apartment"
"5581 Burnlee Pl, Raleigh, NC 27609","2026/07/07",1489,"3 Beds",NA
"4001-4117 Deep Hollow Dr, Raleigh, NC 27612","2026/07/07",1125,"1 Bed","Apartment"
"4001-4117 Deep Hollow Dr, Raleigh, NC 27612","2026/07/07",1300,"2 Beds","Apartment"
"4001-4117 Deep Hollow Dr, Raleigh, NC 27612","2026/07/07",1650,"3 Beds","Apartment"
"3401 Bremer Hall Ct, Raleigh, NC 27615","2026/07/07",1249,"1 Bed","Apartment"
"3401 Bremer Hall Ct, Raleigh, NC 27615","2026/07/07",1349,"2 Beds","Apartment"
"20 Mayo St, Raleigh, NC 27603","2026/07/07",1399,"2 Beds",NA
"1500 Isner Ln, Raleigh, NC 27603","2026/07/07",1225,"1 Bed","Apartment"
"1500 Isner Ln, Raleigh, NC 27603","2026/07/07",1325,"2 Beds","Apartment"
"2404 Hill St, Raleigh, NC 27604","2026/07/07",1700,"2 Beds",NA
"7203-7303 Plumleaf Rd, Raleigh, NC 27613","2026/07/07",1219,"1 Bed","Apartment"
"7203-7303 Plumleaf Rd, Raleigh, NC 27613","2026/07/07",1407,"2 Beds","Apartment"
"712 Tucker St, Raleigh, NC 27603","2026/07/07",1450,"Studio","Apartment"
"712 Tucker St, Raleigh, NC 27603","2026/07/07",1567,"1 Bed","Apartment"
"712 Tucker St, Raleigh, NC 27603","2026/07/07",2448,"2 Beds","Apartment"
"616 Oberlin Rd, Raleigh, NC 27605","2026/07/07",1490,"Studio","Apartment"
"616 Oberlin Rd, Raleigh, NC 27605","2026/07/07",1490,"1 Bed","Apartment"
"616 Oberlin Rd, Raleigh, NC 27605","2026/07/07",2009,"2 Beds","Apartment"
"9200 Bruckhaus St, Raleigh, NC 27617","2026/07/07",1289,"1 Bed","Apartment"
"9200 Bruckhaus St, Raleigh, NC 27617","2026/07/07",1940,"2 Beds","Apartment"
"3009 M E Valentine Dr, Raleigh, NC 27607","2026/07/07",2198,"2 Beds","Apartment"
"3009 M E Valentine Dr, Raleigh, NC 27607","2026/07/07",1998,"3 Beds","Apartment"
"3009 M E Valentine Dr, Raleigh, NC 27607","2026/07/07",1150,"4 Beds","Apartment"
"305 Oberlin Rd, Raleigh, NC 27605","2026/07/07",1346,"Studio","Apartment"
"305 Oberlin Rd, Raleigh, NC 27605","2026/07/07",1274,"1 Bed","Apartment"
"305 Oberlin Rd, Raleigh, NC 27605","2026/07/07",1968,"2 Beds","Apartment"
"10 Oakdale Dr, Raleigh, NC 27606","2026/07/07",995,"3 Beds","Apartment"
"10 Oakdale Dr, Raleigh, NC 27606","2026/07/07",859,"4 Beds","Apartment"
"3000-3030 Spanish Ct, Raleigh, NC 27607","2026/07/07",1099,"1 Bed","Apartment"
"3000-3030 Spanish Ct, Raleigh, NC 27607","2026/07/07",1249,"2 Beds","Apartment"
"3551 Cum Laude Ct, Raleigh, NC 27606","2026/07/07",985,"2 Beds","Apartment"
"3551 Cum Laude Ct, Raleigh, NC 27606","2026/07/07",930,"3 Beds","Apartment"
"4722 Dansey Dr, Raleigh, NC 27616","2026/07/07",1000,"1 Bed","Apartment"
"4722 Dansey Dr, Raleigh, NC 27616","2026/07/07",1275,"2 Beds","Apartment"
"4722 Dansey Dr, Raleigh, NC 27616","2026/07/07",1550,"3 Beds","Apartment"
"3310 Womans Club Dr, Raleigh, NC 27612","2026/07/07",1319,"Studio","Apartment"
"3310 Womans Club Dr, Raleigh, NC 27612","2026/07/07",1529,"1 Bed","Apartment"
"3310 Womans Club Dr, Raleigh, NC 27612","2026/07/07",1842,"2 Beds+","Apartment"
"1025 Avent Hl, Raleigh, NC 27606","2026/07/07",1240,"1 Bed","Apartment"
"1025 Avent Hl, Raleigh, NC 27606","2026/07/07",1435,"2 Beds","Apartment"
"1200 Trillium Cir, Raleigh, NC 27606","2026/07/07",1240,"1 Bed","Apartment"
"1200 Trillium Cir, Raleigh, NC 27606","2026/07/07",1457,"2 Beds","Apartment"
"1200 Trillium Cir, Raleigh, NC 27606","2026/07/07",1720,"3 Beds","Apartment"
"3711 Exchange Glenwood Pl, Raleigh, NC 27612","2026/07/07",1344,"Studio","Apartment"
"3711 Exchange Glenwood Pl, Raleigh, NC 27612","2026/07/07",1683,"1 Bed","Apartment"
"3711 Exchange Glenwood Pl, Raleigh, NC 27612","2026/07/07",2123,"2 Beds+","Apartment"
"320 The Greens Cir, Raleigh, NC 27606","2026/07/07",1490,"1 Bed","Apartment"
"320 The Greens Cir, Raleigh, NC 27606","2026/07/07",1594,"2 Beds","Apartment"
"7880 Triangle Promenade Dr, Raleigh, NC 27616","2026/07/07",1075,"1 Bed","Apartment"
"7880 Triangle Promenade Dr, Raleigh, NC 27616","2026/07/07",1494,"2 Beds","Apartment"
"7880 Triangle Promenade Dr, Raleigh, NC 27616","2026/07/07",2207,"3 Beds","Apartment"
"600 St. Mary's St, Raleigh, NC 27605","2026/07/07",1324,"Studio","Apartment"
"600 St. Mary's St, Raleigh, NC 27605","2026/07/07",1394,"1 Bed","Apartment"
"600 St. Mary's St, Raleigh, NC 27605","2026/07/07",2155,"2 Beds","Apartment"
"2700 Brigadoon Dr, Raleigh, NC 27606","2026/07/07",1145,"1 Bed","Apartment"
"2700 Brigadoon Dr, Raleigh, NC 27606","2026/07/07",1295,"2 Beds","Apartment"
"2700 Brigadoon Dr, Raleigh, NC 27606","2026/07/07",1675,"3 Beds","Apartment"
"4710 Mint Leaf Ln, Raleigh, NC 27612","2026/07/07",1398,"1 Bed","Apartment"
"4710 Mint Leaf Ln, Raleigh, NC 27612","2026/07/07",1813,"2 Beds","Apartment"
"4710 Mint Leaf Ln, Raleigh, NC 27612","2026/07/07",2218,"3 Beds","Apartment"
"2101 Gorman St, Raleigh, NC 27606","2026/07/07",1295,"2 Beds","Apartment"
"2101 Gorman St, Raleigh, NC 27606","2026/07/07",1575,"3 Beds","Apartment"
"1309-1325 Kent Rd, Raleigh, NC 27606","2026/07/07",1025,"3 Beds",NA
"3151 Exacta Ln, Raleigh, NC 27613","2026/07/07",965,"1 Bed","Apartment"
"3151 Exacta Ln, Raleigh, NC 27613","2026/07/07",1257,"2 Beds","Apartment"
"2541 Landmark Dr, Raleigh, NC 27607","2026/07/07",1450,"1 Bed","Apartment"
"2541 Landmark Dr, Raleigh, NC 27607","2026/07/07",1825,"2 Beds","Apartment"
"2541 Landmark Dr, Raleigh, NC 27607","2026/07/07",2385,"3 Beds","Apartment"
"3300 Grove Crabtree C..., Raleigh, NC 27613","2026/07/07",1158,"1 Bed","Apartment"
"3300 Grove Crabtree C..., Raleigh, NC 27613","2026/07/07",1298,"2 Beds","Apartment"
"3300 Grove Crabtree C..., Raleigh, NC 27613","2026/07/07",1403,"3 Beds","Apartment"
"10200 Crichton St, Raleigh, NC 27617","2026/07/07",1178,"1 Bed","Apartment"
"10200 Crichton St, Raleigh, NC 27617","2026/07/07",1298,"2 Beds","Apartment"
"10200 Crichton St, Raleigh, NC 27617","2026/07/07",1568,"3 Beds","Apartment"
"4900 Chandler Ridge Cir, Raleigh, NC 27603","2026/07/07",1288,"1 Bed","Apartment"
"4900 Chandler Ridge Cir, Raleigh, NC 27603","2026/07/07",1155,"2 Beds","Apartment"
"4900 Chandler Ridge Cir, Raleigh, NC 27603","2026/07/07",1599,"3 Beds","Apartment"
"3131 Calvary Dr, Raleigh, NC 27604","2026/07/07",1015,"1 Bed","Apartment"
"3131 Calvary Dr, Raleigh, NC 27604","2026/07/07",1283,"2 Beds","Apartment"
"2840 Ardenview Cir, Raleigh, NC 27606","2026/07/07",1131,"Studio","Apartment"
"2840 Ardenview Cir, Raleigh, NC 27606","2026/07/07",1317,"1 Bed","Apartment"
"2840 Ardenview Cir, Raleigh, NC 27606","2026/07/07",1993,"2 Beds","Apartment"
"4700 Westgrove St, Raleigh, NC 27606","2026/07/07",915,"Studio","Apartment"
"4700 Westgrove St, Raleigh, NC 27606","2026/07/07",1050,"1 Bed","Apartment"
"4700 Westgrove St, Raleigh, NC 27606","2026/07/07",1195,"2 Beds","Apartment"
"11100 Beckstone Way, Raleigh, NC 27614","2026/07/07",1085,"1 Bed","Apartment"
"11100 Beckstone Way, Raleigh, NC 27614","2026/07/07",1376,"2 Beds","Apartment"
"11100 Beckstone Way, Raleigh, NC 27614","2026/07/07",1653,"3 Beds","Apartment"
"6411 Farmgate Rd, Raleigh, NC 27606","2026/07/07",1279,"1 Bed","Apartment"
"6411 Farmgate Rd, Raleigh, NC 27606","2026/07/07",1473,"2 Beds","Apartment"
"6411 Farmgate Rd, Raleigh, NC 27606","2026/07/07",1583,"3 Beds","Apartment"
"1105 Navaho Dr, Raleigh, NC 27609","2026/07/07",950,"3 Beds",NA
"4110 Wake Hills Ln, Raleigh, NC 27616","2026/07/07",1111,"1 Bed","Apartment"
"4110 Wake Hills Ln, Raleigh, NC 27616","2026/07/07",1263,"2 Beds","Apartment"
"4110 Wake Hills Ln, Raleigh, NC 27616","2026/07/07",1762,"3 Beds","Apartment"
"4600-4612 Dansey Dr, Raleigh, NC 27616","2026/07/07",978,"1 Bed","Apartment"
"4600-4612 Dansey Dr, Raleigh, NC 27616","2026/07/07",1297,"2 Beds","Apartment"
"4600-4612 Dansey Dr, Raleigh, NC 27616","2026/07/07",1446,"3 Beds","Apartment"
"5400 Portree Pl, Raleigh, NC 27606","2026/07/07",1010,"1 Bed","Apartment"
"5400 Portree Pl, Raleigh, NC 27606","2026/07/07",1165,"2 Beds","Apartment"
"111 Cox Ave, Raleigh, NC 27605","2026/07/07",1599,"Studio","Apartment"
"111 Cox Ave, Raleigh, NC 27605","2026/07/07",999,"2 Beds","Apartment"
"111 Cox Ave, Raleigh, NC 27605","2026/07/07",1159,"3 Beds+","Apartment"
"1914 Generation Dr, Raleigh, NC 27612","2026/07/07",915,"1 Bed","Apartment"
"1914 Generation Dr, Raleigh, NC 27612","2026/07/07",1142,"2 Beds","Apartment"
"1914 Generation Dr, Raleigh, NC 27612","2026/07/07",1447,"3 Beds","Apartment"
"4016 Twickenham Ct, Raleigh, NC 27613","2026/07/07",965,"1 Bed","Apartment"
"4016 Twickenham Ct, Raleigh, NC 27613","2026/07/07",1325,"2 Beds","Apartment"
"3101 Compatible Way, Raleigh, NC 27603","2026/07/07",755,"2 Beds","Apartment"
"3101 Compatible Way, Raleigh, NC 27603","2026/07/07",695,"3 Beds","Apartment"
"3101 Compatible Way, Raleigh, NC 27603","2026/07/07",685,"4 Beds","Apartment"
"3333 Melrose Club Blvd, Raleigh, NC 27603","2026/07/07",785,"2 Beds","Apartment"
"3333 Melrose Club Blvd, Raleigh, NC 27603","2026/07/07",790,"3 Beds","Apartment"
"3333 Melrose Club Blvd, Raleigh, NC 27603","2026/07/07",599,"4 Beds","Apartment"
"124 Goodwin Farm Rd, Wendell, NC 27591","2026/07/07",2030,"3 Beds","Apartment"
"124 Goodwin Farm Rd, Wendell, NC 27591","2026/07/07",2685,"4 Beds","Apartment"
"124 Goodwin Farm Rd, Wendell, NC 27591","2026/07/07",2815,"5 Beds","Apartment"
"2000 Kiftsgate Ln, Apex, NC 27539","2026/07/07",1520,"1 Bed","Apartment"
"2000 Kiftsgate Ln, Apex, NC 27539","2026/07/07",1710,"2 Beds","Apartment"
"1000 Broadstone Way, Apex, NC 27502","2026/07/07",1310,"1 Bed","Apartment"
"1000 Broadstone Way, Apex, NC 27502","2026/07/07",1494,"2 Beds","Apartment"
"1000 Broadstone Way, Apex, NC 27502","2026/07/07",1778,"3 Beds","Apartment"
"6000 Scarlet Sky Ln, Cary, NC 27518","2026/07/07",1361,"1 Bed","Apartment"
"6000 Scarlet Sky Ln, Cary, NC 27518","2026/07/07",1681,"2 Beds","Apartment"
"6000 Scarlet Sky Ln, Cary, NC 27518","2026/07/07",2329,"3 Beds","Apartment"
"3000 Renaissance Park Pl, Cary, NC 27513","2026/07/07",1498,"1 Bed","Apartment"
"3000 Renaissance Park Pl, Cary, NC 27513","2026/07/07",1833,"2 Beds","Apartment"
"3000 Renaissance Park Pl, Cary, NC 27513","2026/07/07",2167,"3 Beds","Apartment"
NA,NA,NA,NA,NA
"3404 Page Rd, Morrisville, NC 27560","2026/07/07",2449,"2 Beds","Apartment"
"3404 Page Rd, Morrisville, NC 27560","2026/07/07",2594,"3 Beds","Apartment"
"4101 Skye Ln, Cary, NC 27518","2026/07/07",1256,"Studio","Apartment"
"4101 Skye Ln, Cary, NC 27518","2026/07/07",1385,"1 Bed","Apartment"
"4101 Skye Ln, Cary, NC 27518","2026/07/07",1692,"2 Beds","Apartment"
"800 Finsbury St, Durham, NC 27703","2026/07/07",1392,"1 Bed","Apartment"
"800 Finsbury St, Durham, NC 27703","2026/07/07",1657,"2 Beds","Apartment"
"800 Finsbury St, Durham, NC 27703","2026/07/07",1973,"3 Beds","Apartment"
"100 Adelaide Cir, Morrisville, NC 27560","2026/07/07",1133,"1 Bed","Apartment"
"100 Adelaide Cir, Morrisville, NC 27560","2026/07/07",1801,"2 Beds","Apartment"
"1001 Amelia Station Way, Clayton, NC 27520","2026/07/07",1368,"1 Bed","Apartment"
"1001 Amelia Station Way, Clayton, NC 27520","2026/07/07",1568,"2 Beds","Apartment"
"1001 Amelia Station Way, Clayton, NC 27520","2026/07/07",1718,"3 Beds","Apartment"
"2000 Crossroads Manor Ct, Cary, NC 27518","2026/07/07",1305,"1 Bed","Apartment"
"2000 Crossroads Manor Ct, Cary, NC 27518","2026/07/07",1565,"2 Beds","Apartment"
"2000 Crossroads Manor Ct, Cary, NC 27518","2026/07/07",1726,"3 Beds","Apartment"
"3101 Rise Dr, Morrisville, NC 27560","2026/07/07",1410,"1 Bed","Apartment"
"3101 Rise Dr, Morrisville, NC 27560","2026/07/07",1528,"2 Beds","Apartment"
"3101 Rise Dr, Morrisville, NC 27560","2026/07/07",2273,"3 Beds","Apartment"
"2110 Cinema Dr, Fuquay Varina, NC 27526","2026/07/07",1352,"1 Bed","Apartment"
"2110 Cinema Dr, Fuquay Varina, NC 27526","2026/07/07",1525,"2 Beds","Apartment"
"2110 Cinema Dr, Fuquay Varina, NC 27526","2026/07/07",1727,"3 Beds","Apartment"
"2000 Trellis Pointe Dr, Holly Springs, NC 27540","2026/07/07",1249,"1 Bed","Apartment"
"2000 Trellis Pointe Dr, Holly Springs, NC 27540","2026/07/07",1500,"2 Beds","Apartment"
"2000 Trellis Pointe Dr, Holly Springs, NC 27540","2026/07/07",1860,"3 Beds","Apartment"
"3004 Ivey Wood Ln, Durham, NC 27703","2026/07/07",1269,"2 Beds","Apartment"
"3004 Ivey Wood Ln, Durham, NC 27703","2026/07/07",1579,"3 Beds","Apartment"
"5472 S Miami Blvd, Durham, NC 27703","2026/07/07",1403,"1 Bed","Apartment"
"5472 S Miami Blvd, Durham, NC 27703","2026/07/07",1611,"2 Beds","Apartment"
"366-370 W Oak Ave, Wake Forest, NC 27587","2026/07/07",1405,"2 Beds",NA
"2104 Nebula Way, Durham, NC 27703","2026/07/07",2250,"2 Beds",NA
"300 Sudbury Ln, Cary, NC 27513","2026/07/07",1112,"1 Bed","Apartment"
"300 Sudbury Ln, Cary, NC 27513","2026/07/07",1324,"2 Beds","Apartment"
"300 Sudbury Ln, Cary, NC 27513","2026/07/07",1579,"3 Beds","Apartment"
"1248 Donaldson Dr, Cary, NC 27511","2026/07/07",1249,"2 Beds","Apartment"
"1248 Donaldson Dr, Cary, NC 27511","2026/07/07",1499,"3 Beds","Apartment"
"1000 Lassen Dr, Knightdale, NC 27545","2026/07/07",1300,"1 Bed","Apartment"
"1000 Lassen Dr, Knightdale, NC 27545","2026/07/07",1580,"2 Beds","Apartment"
"1000 Lassen Dr, Knightdale, NC 27545","2026/07/07",2330,"3 Beds","Apartment"
"1001 Greystone Common Dr, Knightdale, NC 27545","2026/07/07",1240,"1 Bed","Apartment"
"1001 Greystone Common Dr, Knightdale, NC 27545","2026/07/07",1369,"2 Beds","Apartment"
"1001 Greystone Common Dr, Knightdale, NC 27545","2026/07/07",1710,"3 Beds","Apartment"
"209 Spaniel Dr, Morrisville, NC 27560","2026/07/07",2482,"3 Beds",NA
"5011 S Alston Ave, Durham, NC 27713","2026/07/07",975,"1 Bed","Apartment"
"5011 S Alston Ave, Durham, NC 27713","2026/07/07",1240,"2 Beds","Apartment"
"5011 S Alston Ave, Durham, NC 27713","2026/07/07",1525,"3 Beds","Apartment"
"1760 Pasture Walk Dr, Wake Forest, NC 27587","2026/07/07",1220,"1 Bed","Apartment"
"1760 Pasture Walk Dr, Wake Forest, NC 27587","2026/07/07",1450,"2 Beds","Apartment"
"1760 Pasture Walk Dr, Wake Forest, NC 27587","2026/07/07",1930,"3 Beds","Apartment"
"4407 Hopson Rd, Morrisville, NC 27560","2026/07/07",1355,"1 Bed","Apartment"
"4407 Hopson Rd, Morrisville, NC 27560","2026/07/07",1579,"2 Beds","Apartment"
"4407 Hopson Rd, Morrisville, NC 27560","2026/07/07",1975,"3 Beds","Apartment"
"3000 Bearing Way, Morrisville, NC 27560","2026/07/07",1164,"Studio","Apartment"
"3000 Bearing Way, Morrisville, NC 27560","2026/07/07",1300,"1 Bed","Apartment"
"3000 Bearing Way, Morrisville, NC 27560","2026/07/07",1694,"2 Beds+","Apartment"
"905 Bryan Pl, Garner, NC 27529","2026/07/07",1115,"1 Bed","Apartment"
"905 Bryan Pl, Garner, NC 27529","2026/07/07",1370,"2 Beds","Apartment"
"905 Bryan Pl, Garner, NC 27529","2026/07/07",1645,"3 Beds","Apartment"
"917 7th Ave, Garner, NC 27529","2026/07/07",1099,"1 Bed","Apartment"
"917 7th Ave, Garner, NC 27529","2026/07/07",1049,"2 Beds","Apartment"
"725 Heather Park Dr, Garner, NC 27529","2026/07/07",1185,"1 Bed","Apartment"
"725 Heather Park Dr, Garner, NC 27529","2026/07/07",1525,"3 Beds","Apartment"
"2000 Spring Dr, Garner, NC 27529","2026/07/07",1050,"1 Bed","Apartment"
"2000 Spring Dr, Garner, NC 27529","2026/07/07",1375,"2 Beds","Apartment"
"1146 Kalamata Lane, Durham, NC 27703","2026/07/07",2135,"3 Beds","Apartment"
"1146 Kalamata Lane, Durham, NC 27703","2026/07/07",2500,"4 Beds","Apartment"
"1146 Kalamata Lane, Durham, NC 27703","2026/07/07",2945,"5 Beds","Apartment"
"24 Favre St, Clayton, NC 27527","2026/07/07",1950,"5 Beds",NA
"1524 Woodfield Creek Dr, Wake Forest, NC 27587","2026/07/07",1239,"1 Bed","Apartment"
"1524 Woodfield Creek Dr, Wake Forest, NC 27587","2026/07/07",1557,"2 Beds","Apartment"
"1524 Woodfield Creek Dr, Wake Forest, NC 27587","2026/07/07",1607,"3 Beds","Apartment"
"3001 New Haven Dr, Durham, NC 27703","2026/07/07",1078,"1 Bed","Apartment"
"3001 New Haven Dr, Durham, NC 27703","2026/07/07",1565,"2 Beds","Apartment"
"3001 New Haven Dr, Durham, NC 27703","2026/07/07",1904,"3 Beds","Apartment"
"100 Kempwood Dr, Cary, NC 27513","2026/07/07",1140,"1 Bed","Apartment"
"100 Kempwood Dr, Cary, NC 27513","2026/07/07",1229,"2 Beds","Apartment"
"1000 Village Greenway, Cary, NC 27511","2026/07/07",1075,"1 Bed","Apartment"
"1000 Village Greenway, Cary, NC 27511","2026/07/07",1225,"2 Beds","Apartment"
"1000 Village Greenway, Cary, NC 27511","2026/07/07",1475,"3 Beds","Apartment"
"4916 Old Page Rd, Durham, NC 27703","2026/07/07",966,"1 Bed","Apartment"
"4916 Old Page Rd, Durham, NC 27703","2026/07/07",1251,"2 Beds","Apartment"
"4916 Old Page Rd, Durham, NC 27703","2026/07/07",1618,"3 Beds","Apartment"
"200 Wickerleaf Way, Garner, NC 27529","2026/07/07",1142,"1 Bed","Apartment"
"200 Wickerleaf Way, Garner, NC 27529","2026/07/07",1241,"2 Beds","Apartment"
"200 Wickerleaf Way, Garner, NC 27529","2026/07/07",1357,"3 Beds","Apartment"
"880 Glendale Dr, Cary, NC 27511","2026/07/07",939,"1 Bed","Apartment"
"880 Glendale Dr, Cary, NC 27511","2026/07/07",1219,"2 Beds","Apartment"
"880 Glendale Dr, Cary, NC 27511","2026/07/07",1419,"3 Beds","Apartment"
"3709 Nova Star Ln, Raleigh, NC 27612","2026/07/07",3014,"2 Beds","Apartment"
"3709 Nova Star Ln, Raleigh, NC 27612","2026/07/07",3164,"3 Beds","Apartment"
"3531 Wake Forest Rd, Raleigh, NC 27609","2026/07/07",1084,"Studio","Apartment"
"3531 Wake Forest Rd, Raleigh, NC 27609","2026/07/07",1464,"2 Beds","Apartment"
"1201 Pine Haven Dr, Raleigh, NC 27607","2026/07/07",1421,"1 Bed","Apartment"
"1201 Pine Haven Dr, Raleigh, NC 27607","2026/07/07",1777,"2 Beds","Apartment"
"1201 Pine Haven Dr, Raleigh, NC 27607","2026/07/07",2451,"3 Beds","Apartment"
"3005 Leonard St, Raleigh, NC 27607","2026/07/07",1582,"3 Beds",NA
"1909 Eyrie Ct, Raleigh, NC 27606","2026/07/07",1310,"1 Bed","Apartment"
"1909 Eyrie Ct, Raleigh, NC 27606","2026/07/07",1463,"2 Beds","Apartment"
"1020 Hammell Dr, Raleigh, NC 27603","2026/07/07",1513,"Studio","Apartment"
"1020 Hammell Dr, Raleigh, NC 27603","2026/07/07",1650,"1 Bed","Apartment"
"1020 Hammell Dr, Raleigh, NC 27603","2026/07/07",2475,"2 Beds+","Apartment"
"1110 McKimmon View Ct, Raleigh, NC 27606","2026/07/07",1395,"2 Beds+",NA
"1000 Hammell Dr, Raleigh, NC 27603","2026/07/07",1359,"Studio","Apartment"
"1000 Hammell Dr, Raleigh, NC 27603","2026/07/07",1612,"1 Bed","Apartment"
"1000 Hammell Dr, Raleigh, NC 27603","2026/07/07",2538,"2 Beds+","Apartment"
"102 Logan Ct, Raleigh, NC 27607","2026/07/07",1289,"2 Beds","Apartment"
"102 Logan Ct, Raleigh, NC 27607","2026/07/07",1199,"3 Beds","Apartment"
"102 Logan Ct, Raleigh, NC 27607","2026/07/07",1239,"4 Beds","Apartment"
"519-523 Wade Ave, Raleigh, NC 27605","2026/07/07",1850,"4 Beds",NA
"3116 Hillsborough St, Raleigh, NC 27607","2026/07/07",1295,"1 Bed","Apartment"
"3116 Hillsborough St, Raleigh, NC 27607","2026/07/07",1065,"2 Beds","Apartment"
"3201 Walnut Creek Pky, Raleigh, NC 27606","2026/07/07",1158,"1 Bed","Apartment"
"3201 Walnut Creek Pky, Raleigh, NC 27606","2026/07/07",1277,"2 Beds","Apartment"
"3201 Walnut Creek Pky, Raleigh, NC 27606","2026/07/07",1446,"3 Beds","Apartment"
"700 Ryan Ct, Raleigh, NC 27606","2026/07/07",1149,"2 Beds","Apartment"
"700 Ryan Ct, Raleigh, NC 27606","2026/07/07",1599,"3 Beds","Apartment"
"700 Ryan Ct, Raleigh, NC 27606","2026/07/07",1899,"4 Beds","Apartment"
"3004 Dorner Cir, Raleigh, NC 27606","2026/07/07",1001,"1 Bed","Apartment"
"3004 Dorner Cir, Raleigh, NC 27606","2026/07/07",1291,"2 Beds","Apartment"
"3004 Dorner Cir, Raleigh, NC 27606","2026/07/07",1529,"3 Beds","Apartment"
"650 Lake Front Dr, Raleigh, NC 27613","2026/07/07",956,"1 Bed","Apartment"
"650 Lake Front Dr, Raleigh, NC 27613","2026/07/07",1127,"2 Beds","Apartment"
"2435-2509 Avent Ferry Rd, Raleigh, NC 27606","2026/07/07",1150,"2 Beds",NA
"4730 Archean Way, Raleigh, NC 27616","2026/07/07",925,"1 Bed","Apartment"
"4730 Archean Way, Raleigh, NC 27616","2026/07/07",1025,"2 Beds","Apartment"
"4730 Archean Way, Raleigh, NC 27616","2026/07/07",1225,"3 Beds","Apartment"
"835 Stadium Dr, Wake Forest, NC 27587","2026/07/07",1342,"1 Bed","Apartment"
"835 Stadium Dr, Wake Forest, NC 27587","2026/07/07",1692,"2 Beds","Apartment"
"26 Anvil Peak Dr, Garner, NC 27529","2026/07/07",1400,"1 Bed","Apartment"
"26 Anvil Peak Dr, Garner, NC 27529","2026/07/07",1580,"2 Beds","Apartment"
"26 Anvil Peak Dr, Garner, NC 27529","2026/07/07",2025,"3 Beds","Apartment"
"6000 Elevate Cir, Cary, NC 27513","2026/07/07",1100,"Studio","Apartment"
"6000 Elevate Cir, Cary, NC 27513","2026/07/07",1349,"1 Bed","Apartment"
"6000 Elevate Cir, Cary, NC 27513","2026/07/07",1684,"2 Beds","Apartment"
"101 Ashton Pl, Cary, NC 27511","2026/07/07",1295,"2 Beds",NA
"2600 Harvest Creek Pl, Cary, NC 27518","2026/07/07",1236,"1 Bed","Apartment"
"2600 Harvest Creek Pl, Cary, NC 27518","2026/07/07",1378,"2 Beds","Apartment"
"2600 Harvest Creek Pl, Cary, NC 27518","2026/07/07",1838,"3 Beds","Apartment"
"1000 Henrico Ln, Morrisville, NC 27560","2026/07/07",1101,"1 Bed","Apartment"
"1000 Henrico Ln, Morrisville, NC 27560","2026/07/07",1367,"2 Beds","Apartment"
"1000 Henrico Ln, Morrisville, NC 27560","2026/07/07",1625,"3 Beds","Apartment"
"600 Bilyeu St, Raleigh, NC 27606","2026/07/07",1575,"1 Bed","Apartment"
"600 Bilyeu St, Raleigh, NC 27606","2026/07/07",2560,"2 Beds","Apartment"
"3409 Mill Tree Rd, Raleigh, NC 27612","2026/07/07",1380,"1 Bed","Apartment"
"3409 Mill Tree Rd, Raleigh, NC 27612","2026/07/07",1530,"2 Beds","Apartment"
"2421 Landmark Dr, Raleigh, NC 27607","2026/07/07",1374,"Studio","Apartment"
"2421 Landmark Dr, Raleigh, NC 27607","2026/07/07",1481,"1 Bed","Apartment"
"2421 Landmark Dr, Raleigh, NC 27607","2026/07/07",1811,"2 Beds","Apartment"
"1401 E Millbrook Rd, Raleigh, NC 27609","2026/07/07",1011,"1 Bed","Apartment"
"1401 E Millbrook Rd, Raleigh, NC 27609","2026/07/07",1215,"2 Beds","Apartment"
"317 Lynn Rd, Raleigh, NC 27609","2026/07/07",1217,"1 Bed","Apartment"
"317 Lynn Rd, Raleigh, NC 27609","2026/07/07",1277,"2 Beds","Apartment"
"317 Lynn Rd, Raleigh, NC 27609","2026/07/07",1817,"3 Beds","Apartment"
"3800-3839 Brentwood Rd, Raleigh, NC 27604","2026/07/07",1108,"1 Bed","Apartment"
"3800-3839 Brentwood Rd, Raleigh, NC 27604","2026/07/07",1178,"2 Beds","Apartment"
"4209 Lassiter Mill Rd, Raleigh, NC 27609","2026/07/07",1503,"Studio","Apartment"
"4209 Lassiter Mill Rd, Raleigh, NC 27609","2026/07/07",1911,"1 Bed","Apartment"
"4209 Lassiter Mill Rd, Raleigh, NC 27609","2026/07/07",2723,"2 Beds","Apartment"
"4801 Harbour Towne Dr, Raleigh, NC 27604","2026/07/07",1246,"1 Bed","Apartment"
"4801 Harbour Towne Dr, Raleigh, NC 27604","2026/07/07",1566,"2 Beds","Apartment"
"4801 Harbour Towne Dr, Raleigh, NC 27604","2026/07/07",1929,"3 Beds","Apartment"
"1310 Silver Sage Dr, Raleigh, NC 27606","2026/07/07",1341,"1 Bed","Apartment"
"1310 Silver Sage Dr, Raleigh, NC 27606","2026/07/07",1901,"2 Beds","Apartment"
"1310 Silver Sage Dr, Raleigh, NC 27606","2026/07/07",1866,"3 Beds","Apartment"
"8501 New Brunswick Ln, Raleigh, NC 27615","2026/07/07",1140,"1 Bed","Apartment"
"8501 New Brunswick Ln, Raleigh, NC 27615","2026/07/07",1380,"2 Beds","Apartment"
"8501 New Brunswick Ln, Raleigh, NC 27615","2026/07/07",1530,"3 Beds","Apartment"
"2190 Ocean Reef Pl, Raleigh, NC 27603","2026/07/07",799,"3 Beds","Apartment"
"2190 Ocean Reef Pl, Raleigh, NC 27603","2026/07/07",574,"4 Beds","Apartment"
"9921 Horizon Overlook Dr, Raleigh, NC 27617","2026/07/07",1337,"1 Bed","Apartment"
"9921 Horizon Overlook Dr, Raleigh, NC 27617","2026/07/07",1590,"2 Beds","Apartment"
"5072 New Hope Rd, Raleigh, NC 27604","2026/07/07",1200,"1 Bed","Apartment"
"5072 New Hope Rd, Raleigh, NC 27604","2026/07/07",1380,"2 Beds","Apartment"
"9310 River Haven Pl, Raleigh, NC 27616","2026/07/07",1189,"2 Beds","Apartment"
"9310 River Haven Pl, Raleigh, NC 27616","2026/07/07",1399,"3 Beds","Apartment"
"131 E Davie St, Raleigh, NC 27601","2026/07/07",1549,"Studio","Apartment"
"131 E Davie St, Raleigh, NC 27601","2026/07/07",1432,"1 Bed","Apartment"
"131 E Davie St, Raleigh, NC 27601","2026/07/07",2173,"2 Beds","Apartment"
"7521 Windmill Harbor Way, Raleigh, NC 27617","2026/07/07",1325,"1 Bed","Apartment"
"7521 Windmill Harbor Way, Raleigh, NC 27617","2026/07/07",1420,"2 Beds","Apartment"
"7521 Windmill Harbor Way, Raleigh, NC 27617","2026/07/07",1820,"3 Beds","Apartment"
"4300 Furman Hall, Raleigh, NC 27612","2026/07/07",1275,"1 Bed","Apartment"
"4300 Furman Hall, Raleigh, NC 27612","2026/07/07",1435,"2 Beds","Apartment"
"3930 Dowling Haven Pl, Raleigh, NC 27610","2026/07/07",1390,"2 Beds","Apartment"
"3930 Dowling Haven Pl, Raleigh, NC 27610","2026/07/07",1529,"3 Beds","Apartment"
"5521 Avent Ferry Rd, Raleigh, NC 27606","2026/07/07",799,"3 Beds",NA
"701-705 Buck Jones Rd, Raleigh, NC 27606","2026/07/07",1247,"3 Beds",NA
"700 Highgate Pl, Raleigh, NC 27610","2026/07/07",1097,"1 Bed","Apartment"
"700 Highgate Pl, Raleigh, NC 27610","2026/07/07",1297,"2 Beds","Apartment"
"2920 Boone Trail, Raleigh, NC 27610","2026/07/07",1300,"2 Beds",NA
"2021 Orchard Hollow Ln, Raleigh, NC 27603","2026/07/07",1460,"2 Beds","Apartment"
"2021 Orchard Hollow Ln, Raleigh, NC 27603","2026/07/07",1676,"3 Beds","Apartment"
"2419 Wycliff Rd, Raleigh, NC 27607","2026/07/07",1267,"2 Beds","Apartment"
"2419 Wycliff Rd, Raleigh, NC 27607","2026/07/07",1480,"3 Beds","Apartment"
"6200-6225 N Hills Dr, Raleigh, NC 27609","2026/07/07",950,"1 Bed","Apartment"
"6200-6225 N Hills Dr, Raleigh, NC 27609","2026/07/07",1275,"2 Beds","Apartment"
"1505 Hillsborough St, Raleigh, NC 27605","2026/07/07",1210,"3 Beds","Apartment"
"1505 Hillsborough St, Raleigh, NC 27605","2026/07/07",1055,"4 Beds","Apartment"
"100-D-150 Hunt Club Ln, Raleigh, NC 27606","2026/07/07",1068,"1 Bed","Apartment"
"100-D-150 Hunt Club Ln, Raleigh, NC 27606","2026/07/07",1261,"2 Beds","Apartment"
"500-103-561 Bridle Ridge Ln, Raleigh, NC 27609","2026/07/07",1272,"1 Bed","Apartment"
"500-103-561 Bridle Ridge Ln, Raleigh, NC 27609","2026/07/07",1275,"2 Beds","Apartment"
"3111-101-3111 Longmeadow Ct, Raleigh, NC 27613","2026/07/07",995,"1 Bed","Apartment"
"3111-101-3111 Longmeadow Ct, Raleigh, NC 27613","2026/07/07",1539,"2 Beds","Apartment"
"5900 Timber Creek Ln, Raleigh, NC 27612","2026/07/07",956,"1 Bed","Apartment"
"5900 Timber Creek Ln, Raleigh, NC 27612","2026/07/07",1232,"2 Beds","Apartment"
"1107 Garner Rd, Raleigh, NC 27601","2026/07/07",995,"2 Beds",NA
"2000 Village Bluff Pl, Raleigh, NC 27603","2026/07/07",969,"2 Beds","Apartment"
"2000 Village Bluff Pl, Raleigh, NC 27603","2026/07/07",699,"3 Beds","Apartment"
"2000 Village Bluff Pl, Raleigh, NC 27603","2026/07/07",839,"4 Beds","Apartment"
"4000-4061 Northstone Dr, Raleigh, NC 27604","2026/07/07",1075,"1 Bed","Apartment"
"4000-4061 Northstone Dr, Raleigh, NC 27604","2026/07/07",1365,"2 Beds","Apartment"
"2304 Hillsborough St, Raleigh, NC 27607","2026/07/07",1250,"2 Beds","Apartment"
"2304 Hillsborough St, Raleigh, NC 27607","2026/07/07",1000,"3 Beds","Apartment"
"8230 Stonebrook Ter, Raleigh, NC 27617","2026/07/07",1294,"1 Bed","Apartment"
"8230 Stonebrook Ter, Raleigh, NC 27617","2026/07/07",1449,"2 Beds","Apartment"
"8230 Stonebrook Ter, Raleigh, NC 27617","2026/07/07",1879,"3 Beds","Apartment"
NA,NA,NA,NA,NA
"2811 Hillsborough St, Raleigh, NC 27607","2026/07/07",1300,"1 Bed","Apartment"
"2811 Hillsborough St, Raleigh, NC 27607","2026/07/07",1195,"2 Beds","Apartment"
"2811 Hillsborough St, Raleigh, NC 27607","2026/07/07",979,"3 Beds","Apartment"
"3707 Lexington Dr, Raleigh, NC 27606","2026/07/07",850,"2 Beds","Apartment"
"3707 Lexington Dr, Raleigh, NC 27606","2026/07/07",899,"4 Beds","Apartment"
"3707 Lexington Dr, Raleigh, NC 27606","2026/07/07",799,"5 Beds","Apartment"
"5210 Ballington Cir, Raleigh, NC 27610","2026/07/07",854,"1 Bed","Apartment"
"5210 Ballington Cir, Raleigh, NC 27610","2026/07/07",1014,"2 Beds","Apartment"
"5210 Ballington Cir, Raleigh, NC 27610","2026/07/07",1164,"3 Beds","Apartment"
"3001 Village Market Pl, Morrisville, NC 27560","2026/07/07",1676,"1 Bed","Apartment"
"3001 Village Market Pl, Morrisville, NC 27560","2026/07/07",2251,"2 Beds","Apartment"
"1100 Audubon Parc Dr, Cary, NC 27518","2026/07/07",1512,"1 Bed","Apartment"
"1100 Audubon Parc Dr, Cary, NC 27518","2026/07/07",1712,"2 Beds","Apartment"
"1100 Audubon Parc Dr, Cary, NC 27518","2026/07/07",2037,"3 Beds","Apartment"
"2025 Swift Commons Ln, Cary, NC 27513","2026/07/07",1428,"1 Bed","Apartment"
"2025 Swift Commons Ln, Cary, NC 27513","2026/07/07",1779,"2 Beds","Apartment"
"2025 Swift Commons Ln, Cary, NC 27513","2026/07/07",1953,"3 Beds","Apartment"
"1747 Alexander Springs Ln, Wake Forest, NC 27587","2026/07/07",1291,"1 Bed","Apartment"
"1747 Alexander Springs Ln, Wake Forest, NC 27587","2026/07/07",1490,"2 Beds","Apartment"
"1747 Alexander Springs Ln, Wake Forest, NC 27587","2026/07/07",1564,"3 Beds","Apartment"
"1000 Ballena Cir, Cary, NC 27513","2026/07/07",1313,"1 Bed","Apartment"
"1000 Ballena Cir, Cary, NC 27513","2026/07/07",1616,"2 Beds","Apartment"
"1000 Ballena Cir, Cary, NC 27513","2026/07/07",2165,"3 Beds","Apartment"
"4555 McCrimmon Pky, Morrisville, NC 27560","2026/07/07",1469,"Studio","Apartment"
"4555 McCrimmon Pky, Morrisville, NC 27560","2026/07/07",1379,"1 Bed","Apartment"
"4555 McCrimmon Pky, Morrisville, NC 27560","2026/07/07",1685,"2 Beds+","Apartment"
"1331 Wicklow Ct, Cary, NC 27511","2026/07/07",1240,"1 Bed","Apartment"
"1331 Wicklow Ct, Cary, NC 27511","2026/07/07",1130,"2 Beds","Apartment"
"1331 Wicklow Ct, Cary, NC 27511","2026/07/07",1610,"3 Beds","Apartment"
"100 Northwoods Village Dr, Cary, NC 27513","2026/07/07",1210,"Studio","Apartment"
"100 Northwoods Village Dr, Cary, NC 27513","2026/07/07",1026,"1 Bed","Apartment"
"100 Northwoods Village Dr, Cary, NC 27513","2026/07/07",1185,"2 Beds+","Apartment"
"40 Summer Breeze Blvd, Garner, NC 27529","2026/07/07",1344,"1 Bed","Apartment"
"40 Summer Breeze Blvd, Garner, NC 27529","2026/07/07",1545,"2 Beds","Apartment"
"40 Summer Breeze Blvd, Garner, NC 27529","2026/07/07",1703,"3 Beds","Apartment"
"332 Bethlehem Rd, Knightdale, NC 27545","2026/07/07",1295,"3 Beds",NA
NA,NA,NA,NA,NA
"1018 Wait Ave, Wake Forest, NC 27587","2026/07/07",1278,"2 Beds","Apartment"
"1018 Wait Ave, Wake Forest, NC 27587","2026/07/07",1287,"3 Beds","Apartment"
"1010 Legacy Village Dr, Cary, NC 27518","2026/07/07",1366,"1 Bed","Apartment"
"1010 Legacy Village Dr, Cary, NC 27518","2026/07/07",1478,"2 Beds","Apartment"
"1010 Legacy Village Dr, Cary, NC 27518","2026/07/07",1980,"3 Beds","Apartment"
"300 Hickory Trace Ln, Garner, NC 27529","2026/07/07",1235,"1 Bed","Apartment"
"300 Hickory Trace Ln, Garner, NC 27529","2026/07/07",1540,"2 Beds","Apartment"
"47 Stallings Mill Loop, Clayton, NC 27520","2026/07/07",1321,"1 Bed","Apartment"
"47 Stallings Mill Loop, Clayton, NC 27520","2026/07/07",1527,"2 Beds","Apartment"
"47 Stallings Mill Loop, Clayton, NC 27520","2026/07/07",1827,"3 Beds","Apartment"
"1300 Sterling Green Dr, Morrisville, NC 27560","2026/07/07",1419,"1 Bed","Apartment"
"1300 Sterling Green Dr, Morrisville, NC 27560","2026/07/07",1554,"2 Beds","Apartment"
"1300 Sterling Green Dr, Morrisville, NC 27560","2026/07/07",1754,"3 Beds","Apartment"
"1100 Cannonball Run, Knightdale, NC 27545","2026/07/07",1482,"1 Bed","Apartment"
"1100 Cannonball Run, Knightdale, NC 27545","2026/07/07",1730,"2 Beds","Apartment"
"5817 Arringdon Park Dr, Morrisville, NC 27560","2026/07/07",2499,"3 Beds","Apartment"
"5817 Arringdon Park Dr, Morrisville, NC 27560","2026/07/07",2675,"4 Beds","Apartment"
"303 Linwood St, Apex, NC 27502","2026/07/07",1195,"4 Beds",NA
"3016 Bristol Creek Dr, Morrisville, NC 27560","2026/07/07",1354,"1 Bed","Apartment"
"3016 Bristol Creek Dr, Morrisville, NC 27560","2026/07/07",1754,"2 Beds","Apartment"
"3016 Bristol Creek Dr, Morrisville, NC 27560","2026/07/07",2329,"3 Beds","Apartment"
"1700 Connery Ct, Garner, NC 27529","2026/07/07",1389,"1 Bed","Apartment"
"1700 Connery Ct, Garner, NC 27529","2026/07/07",1700,"2 Beds","Apartment"
"1700 Connery Ct, Garner, NC 27529","2026/07/07",2035,"3 Beds","Apartment"
"610 Sugar Pine Way, Wake Forest, NC 27587","2026/07/07",1460,"1 Bed","Apartment"
"610 Sugar Pine Way, Wake Forest, NC 27587","2026/07/07",1680,"2 Beds","Apartment"
"610 Sugar Pine Way, Wake Forest, NC 27587","2026/07/07",2015,"3 Beds","Apartment"
"107 Luxury Ln, Knightdale, NC 27545","2026/07/07",1279,"2 Beds","Apartment"
"107 Luxury Ln, Knightdale, NC 27545","2026/07/07",1500,"3 Beds","Apartment"
"903 Kensington Dr, Cary, NC 27511","2026/07/07",1150,"1 Bed","Apartment"
"903 Kensington Dr, Cary, NC 27511","2026/07/07",1300,"2 Beds","Apartment"
"903 Kensington Dr, Cary, NC 27511","2026/07/07",1475,"3 Beds","Apartment"
"200 Foxridge Cres, Durham, NC 27703","2026/07/07",1200,"2 Beds","Apartment"
"200 Foxridge Cres, Durham, NC 27703","2026/07/07",1572,"3 Beds","Apartment"
"918 Malabys Church Dr, Knightdale, NC 27545","2026/07/07",1660,"2 Beds","Apartment"
"918 Malabys Church Dr, Knightdale, NC 27545","2026/07/07",1902,"3 Beds","Apartment"
"916 Sugar Gap Rd, Wake Forest, NC 27587","2026/07/07",1139,"1 Bed","Apartment"
"916 Sugar Gap Rd, Wake Forest, NC 27587","2026/07/07",1464,"2 Beds","Apartment"
"916 Sugar Gap Rd, Wake Forest, NC 27587","2026/07/07",1649,"3 Beds","Apartment"
"905 7th Ave, Garner, NC 27529","2026/07/07",1050,"1 Bed","Apartment"
"905 7th Ave, Garner, NC 27529","2026/07/07",1147,"2 Beds","Apartment"
"5710 Arringdon Park Dr, Morrisville, NC 27560","2026/07/07",1138,"1 Bed","Apartment"
"5710 Arringdon Park Dr, Morrisville, NC 27560","2026/07/07",1383,"2 Beds","Apartment"
"5710 Arringdon Park Dr, Morrisville, NC 27560","2026/07/07",1968,"3 Beds","Apartment"
"400 Grand Rock Way, Rolesville, NC 27571","2026/07/07",875,"3 Beds","Townhome"
"77 Ballancer Way, Clayton, NC 27527","2026/07/07",1535,"3 Beds","Townhome"
"1701 Kayla Ct, Raleigh, NC 27606","2026/07/07",2600,"4 Beds, 2.5 Baths, 2,500 sq ft","Townhome"
"3905 Milltown Ridge Run, Raleigh, NC 27612","2026/07/07",2700,"3 Beds, 3.5 Baths, 2,100 sq ft","Townhome"
"1006 Carlton Ave, Raleigh, NC 27606","2026/07/07",700,"3 Beds, 3.5 Baths, 2,100 sq ft","Townhome"
"6862 Tarik Ln, Raleigh, NC 27610","2026/07/07",600,"3 Beds, 3.5 Baths, 2,100 sq ft","Townhome"
"119 Sweet Lilac Wy, Raleigh, NC 27610","2026/07/07",890,"3 Beds, 3.5 Baths, 2,100 sq ft","Townhome"
"921 Wake Towne Dr, Raleigh, NC 27609","2026/07/07",1949,"3 Beds, 3.5 Baths, 2,100 sq ft","Townhome"
"911 Wake Towne Dr, Raleigh, NC 27609","2026/07/07",2279,"3 Beds, 3.5 Baths, 2,100 sq ft","Townhome"
"304 Whitehall Ct, Clayton, NC 27520","2026/07/07",1600,"3 Beds, 2.5 Baths, 1,357 sq ft","Townhome"
"5112 Limewood St, Knightdale, NC 27545","2026/07/07",1749,"3 Beds, 2.5 Baths, 1,357 sq ft","Townhome"
"522 Billingshurst Wy, Knightdale, NC 27545","2026/07/07",849,"3 Beds, 2.5 Baths, 1,357 sq ft","Townhome"
"330 Old Grove Ln, Apex, NC 27502","2026/07/07",845,"3 Beds, 2.5 Baths, 1,357 sq ft","Townhome"
"4610 S Miami Blvd, Durham, NC 27703","2026/07/07",1979,"3 Beds, 2.5 Baths, 1,357 sq ft","Townhome"
"2700 Slater Rd, Morrisville, NC 27560","2026/07/07",1619,"3 Beds, 2.5 Baths, 1,357 sq ft","Townhome"
"3100 Regency Pkwy, Cary, NC 27518","2026/07/07",1739,"3 Beds, 2.5 Baths, 1,357 sq ft","Townhome"
"4919 S Miami Blvd, Durham, NC 27703","2026/07/07",2009,"3 Beds, 2.5 Baths, 1,357 sq ft","Townhome"
"149 Depot Ridge Rd, Garner, NC 27529","2026/07/07",1940,"3 Beds, 2.5 Baths, 1,357 sq ft","Townhome"
"634 Conover Rd, Durham, NC 27703","2026/07/07",2285,"3 Beds, 2.5 Baths, 1,357 sq ft","Townhome"
"444 Haywood Glen Dr, Knightdale, NC 27545","2026/07/07",2210,"3 Beds, 2.5 Baths, 1,357 sq ft","Townhome"
"13100 Margie Ln, Raleigh, NC 27603","2026/07/07",1715,"Unit 2-308 at The SoHo Luxury Apartments","Townhome"
NA,NA,NA,NA,NA
NA,NA,NA,NA,NA
"2411 Aurora Cv Ct, Raleigh, NC 27610","2026/07/07",1040,"1 Bed","Apartment"
"2411 Aurora Cv Ct, Raleigh, NC 27610","2026/07/07",1235,"2 Beds","Apartment"
"2411 Aurora Cv Ct, Raleigh, NC 27610","2026/07/07",1414,"3 Beds","Apartment"
"3926 Marcom St, Raleigh, NC 27606","2026/07/07",993,"1 Bed","Apartment"
"3926 Marcom St, Raleigh, NC 27606","2026/07/07",1077,"2 Beds","Apartment"
"2717 Capital Blvd, Raleigh, NC 27604","2026/07/07",1029,"Studio","Apartment"
"2717 Capital Blvd, Raleigh, NC 27604","2026/07/07",1115,"1 Bed","Apartment"
NA,NA,NA,NA,NA
"2321 Stoney Spring Dr, Raleigh, NC 27610","2026/07/07",664,"1 Bed","Apartment"
"2321 Stoney Spring Dr, Raleigh, NC 27610","2026/07/07",797,"2 Beds","Apartment"
"1313 Hardimont Rd, Raleigh, NC 27609","2026/07/07",1159,"1 Bed","Apartment"
"1313 Hardimont Rd, Raleigh, NC 27609","2026/07/07",1534,"2 Beds","Apartment"
"1622 Proctor Rd, Raleigh, NC 27610","2026/07/07",1255,"2 Beds","Apartment"
"1622 Proctor Rd, Raleigh, NC 27610","2026/07/07",1505,"3 Beds","Apartment"
"3800 Colby Dr, Raleigh, NC 27609","2026/07/07",1101,"1 Bed","Apartment"
"3800 Colby Dr, Raleigh, NC 27609","2026/07/07",1356,"2 Beds","Apartment"
"2608 Millborough Ct, Raleigh, NC 27604","2026/07/07",1256,"MILLBROOK POINTE","House"
"5811 Loch Raven Pointe Loop, Raleigh, NC 27604","2026/07/07",1303,"1 Bed","Apartment"
"5811 Loch Raven Pointe Loop, Raleigh, NC 27604","2026/07/07",1674,"2 Beds","Apartment"
"1906 Clark Ave, Raleigh, NC 27605","2026/07/07",1499,"Studio","Apartment"
"1906 Clark Ave, Raleigh, NC 27605","2026/07/07",1779,"1 Bed","Apartment"
"1906 Clark Ave, Raleigh, NC 27605","2026/07/07",2449,"2 Beds","Apartment"
NA,NA,NA,NA,NA
"11201 Tidewater Ln, Raleigh, NC 27614","2026/07/07",2050,"Unit 112 at Wakefield Station","House"
"1001 Beach Pointe Ave, Raleigh, NC 27604","2026/07/07",1280,"1 Bed","Apartment"
"1001 Beach Pointe Ave, Raleigh, NC 27604","2026/07/07",1335,"2 Beds","Apartment"
"1001 Beach Pointe Ave, Raleigh, NC 27604","2026/07/07",1681,"3 Beds","Apartment"
"2729-A Conifer Dr, Raleigh, NC 27606","2026/07/07",1095,"1 Bed","Apartment"
"2729-A Conifer Dr, Raleigh, NC 27606","2026/07/07",1175,"2 Beds","Apartment"
"4200 Trinity Rd, Raleigh, NC 27607","2026/07/07",1930,"1 Bed","Apartment"
"4200 Trinity Rd, Raleigh, NC 27607","2026/07/07",1270,"3 Beds","Apartment"
"4200 Trinity Rd, Raleigh, NC 27607","2026/07/07",749,"4 Beds","Apartment"
"3911 Water Oak Dr, Raleigh, NC 27616","2026/07/07",996,"1 Bed","Apartment"
"3911 Water Oak Dr, Raleigh, NC 27616","2026/07/07",1099,"2 Beds","Apartment"
"2717 Western Blvd, Raleigh, NC 27606","2026/07/07",1275,"2 Beds","Apartment"
"2717 Western Blvd, Raleigh, NC 27606","2026/07/07",859,"4 Beds","Apartment"
"2505 Red Lodge Pl, Raleigh, NC 27603","2026/07/07",899,"University Village at 2505","House"
"9930-9941 Brier Oak Pl, Raleigh, NC 27617","2026/07/07",1276,"1 Bed","Apartment"
"9930-9941 Brier Oak Pl, Raleigh, NC 27617","2026/07/07",1475,"2 Beds","Apartment"
"9930-9941 Brier Oak Pl, Raleigh, NC 27617","2026/07/07",1500,"3 Beds","Apartment"
"1701 Gorman St, Raleigh, NC 27606","2026/07/07",625,"Student Housing - Gorman Parkwood","House"
"6800-6841 Madison Ridge Way, Raleigh, NC 27613","2026/07/07",915,"1 Bed","Apartment"
"6800-6841 Madison Ridge Way, Raleigh, NC 27613","2026/07/07",985,"2 Beds","Apartment"
"6800-6841 Madison Ridge Way, Raleigh, NC 27613","2026/07/07",1225,"3 Beds","Apartment"
"211 Ashe Ave, Raleigh, NC 27605","2026/07/07",950,"Pullen Station Lofts","House"
"15101 Royal Creek Dr, Raleigh, NC 27603","2026/07/07",1392,"Unit 10000-10217 at Abberly Royal Creek Apartment Homes","House"
"11700 Arnold Palmer Dr, Raleigh, NC 27617","2026/07/07",1170,"1 Bed","Apartment"
"11700 Arnold Palmer Dr, Raleigh, NC 27617","2026/07/07",1350,"2 Beds","Apartment"
"100 Walnut Forest Ln, Morrisville, NC 27560","2026/07/07",1164,"1 Bed","Apartment"
"100 Walnut Forest Ln, Morrisville, NC 27560","2026/07/07",1381,"2 Beds","Apartment"
"100 Walnut Forest Ln, Morrisville, NC 27560","2026/07/07",1934,"3 Beds","Apartment"
"1001 Carrington Park Cir, Morrisville, NC 27560","2026/07/07",1409,"1 Bed","Apartment"
"1001 Carrington Park Cir, Morrisville, NC 27560","2026/07/07",1521,"2 Beds","Apartment"
"1001 Carrington Park Cir, Morrisville, NC 27560","2026/07/07",2025,"3 Beds","Apartment"
"255 E Chatham St, Cary, NC 27511","2026/07/07",1795,"Studio","Apartment"
"255 E Chatham St, Cary, NC 27511","2026/07/07",1995,"1 Bed","Apartment"
"255 E Chatham St, Cary, NC 27511","2026/07/07",3110,"2 Beds+","Apartment"
"1000 Heathmoor Ln, Cary, NC 27513","2026/07/07",1261,"1 Bed","Apartment"
"1000 Heathmoor Ln, Cary, NC 27513","2026/07/07",1437,"2 Beds","Apartment"
"1000 Heathmoor Ln, Cary, NC 27513","2026/07/07",1925,"3 Beds","Apartment"
"1528 E Williams St, Apex, NC 27539","2026/07/07",1834,"Unit 1102 at Madison Apex","House"
"1509 Creech Road, Garner, NC 27529","2026/07/07",1178,"1 Bed","Apartment"
"1509 Creech Road, Garner, NC 27529","2026/07/07",1385,"2 Beds","Apartment"
"1509 Creech Road, Garner, NC 27529","2026/07/07",1636,"3 Beds","Apartment"
NA,NA,NA,NA,NA
NA,NA,NA,NA,NA
NA,NA,NA,NA,NA
NA,NA,NA,NA,NA
NA,NA,NA,NA,NA
NA,NA,NA,NA,NA
NA,NA,NA,NA,NA
NA,NA,NA,NA,NA
NA,NA,NA,NA,NA
"5620 Bolitar Dr, Raleigh, NC 27610","2026/07/07",2138,"2 Beds, 2 Baths, 1,058 sq ft","House"
NA,NA,NA,NA,NA
NA,NA,NA,NA,NA
NA,NA,NA,NA,NA
NA,NA,NA,NA,NA
NA,NA,NA,NA,NA
"1300 Cathedral Rock Ct, Raleigh, NC 27610","2026/07/07",2043,"2 Beds, 2 Baths, 1,276 sq ft","House"
NA,NA,NA,NA,NA
NA,NA,NA,NA,NA
"616 N Boylan Ave Unit 520, Raleigh, NC 27603","2026/07/07",1975,"1 Bed, 2 Baths, 995 sq ft","House"
NA,NA,NA,NA,NA
NA,NA,NA,NA,NA
"1130 Renewal Pl Unit 100, Raleigh, NC 27603","2026/07/07",1695,"3 Beds, 3 Baths, 1,742 sq ft","House"
"901 Marilyn Dr Unit B, Raleigh, NC 27607","2026/07/07",1050,"1 Bed, 1 Bath","House"
"1456 Barton Pl Dr, Raleigh, NC 27608","2026/07/07",1975,"2 Beds, 3 Baths, 1,024 sq ft","House"
"1456 Barton Pl Dr, Raleigh, NC 27608","2026/07/07",5000,"29 Enterprise St Unit 309, Raleigh, NC 27607","House"
"1456 Barton Pl Dr, Raleigh, NC 27608","2026/07/07",1850,"1801 Quail Ridge Rd, Raleigh, NC 27609","House"
"860 Darby St, Raleigh, NC 27610","2026/07/07",1650,"3 Beds, 2 Baths, 1,045 sq ft","House"
"2905 Faversham Pl, Raleigh, NC 27604","2026/07/07",1200,"2 Beds, 2 Baths, 920 sq ft","House"
"1611 Poole Rd, Raleigh, NC 27610","2026/07/07",1895,"3 Beds, 3 Baths, 1,271 sq ft","House"
"6004 Kohler Ln, Raleigh, NC 27616","2026/07/07",2000,"3 Beds, 3 Baths, 1,824 sq ft","House"
"4554 N New Hope Rd, Raleigh, NC 27604","2026/07/07",1095,"2 Beds, 1 Bath, 728 sq ft","House"
"925 Hearthridge Ct, Raleigh, NC 27609","2026/07/07",1195,"2 Beds, 2 Baths, 1,080 sq ft","House"
"6140 Loch Laural Ln, Raleigh, NC 27613","2026/07/07",1475,"2 Beds, 2 Baths, 1,156 sq ft","House"
"3002 Spline Cir, Raleigh, NC 27610","2026/07/07",2200,"3 Beds, 3 Baths, 1,504 sq ft","House"
"400 W North St, Raleigh, NC 27603","2026/07/07",2500,"2 Beds, 2 Baths","House"
"5513 Kaplan Dr, Raleigh, NC 27606","2026/07/07",1800,"2 Beds, 2 Baths, 1,095 sq ft","House"
"2500 Ann Carol Ct, Raleigh, NC 27603","2026/07/07",2500,"4 Beds, 3 Baths, 2,400 sq ft","House"
"6800 Milligan Way, Raleigh, NC 27613","2026/07/07",2300,"3 Beds, 4 Baths, 1,507 sq ft","House"
"3511 Ivy Commons Dr, Raleigh, NC 27606","2026/07/07",1095,"1 Bed, 1 Bath, 540 sq ft","House"
"192 Garden Vine Trl, Raleigh, NC 27610","2026/07/07",1995,"3 Beds, 3 Baths, 1,804 sq ft","House"
"3011 Barrymore St, Raleigh, NC 27603","2026/07/07",665,"1 Bed","House"
"7308 Renyard Ct, Raleigh, NC 27616","2026/07/07",570,"1 Bed","House"
"323 Switch St, Raleigh, NC 27606","2026/07/07",615,"1 Bed","House"
"216 Woods Ream Dr, Raleigh, NC 27615","2026/07/07",745,"1 Bed","House"
"3320 Slippery Elm Dr, Raleigh, NC 27610","2026/07/07",802,"1 Bed","House"
"2923 Okelly St, Raleigh, NC 27607","2026/07/07",725,"1 Bed","House"
NA,NA,NA,NA,NA
"6500 Pathfinder Way, Raleigh, NC 27616","2026/07/07",900,"1 Bed","House"
"129 Pineland Cir, Raleigh, NC 27606","2026/07/07",725,"1 Bed","House"
"2933 Trassacks Dr, Raleigh, NC 27610","2026/07/07",1930,"3 Beds","House"
"6827 Glacis Ct, Raleigh, NC 27610","2026/07/07",650,"1 Bed","House"
"1513 Tawny View Ln, Raleigh, NC 27603","2026/07/07",600,"1 Bed","House"
"1513 Tawny View Ln, Raleigh, NC 27603","2026/07/07",1434,"1 Bed, 1 Bath, 767 sq ft","House"
"1609 Maybrook Dr, Raleigh, NC 27610","2026/07/07",1945,"3 Beds","House"
"2309 Pastille Ln, Raleigh, NC 27612","2026/07/07",2999,"4 Beds","House"
"737 Southgate Dr, Raleigh, NC 27610","2026/07/07",1795,"3 Beds","House"
"3400 Futura Ln, Raleigh, NC 27610","2026/07/07",2089,"3 Beds","House"
"5124 Lundy Dr, Raleigh, NC 27606","2026/07/07",1955,"3 Beds","House"
"1027 Gregg St, Raleigh, NC 27601","2026/07/07",930,"1 Bed","House"
"5355 Big Bass Dr, Raleigh, NC 27610","2026/07/07",790,"1 Bed","House"
"5355 Big Bass Dr, Raleigh, NC 27610","2026/07/07",1060,"1 Bed, 1 Bath, 550 sq ft","House"
"1536 Justice Union Ct, Raleigh, NC 27604","2026/07/07",625,"1 Bed","House"
"8233 Wynewood Ct, Raleigh, NC 27616","2026/07/07",1775,"3 Beds","House"
"105 Tall Rock Ct, Raleigh, NC 27610","2026/07/07",965,"1 Bed","House"
"1445 Lombar St, Raleigh, NC 27610","2026/07/07",2175,"4 Beds","House"
"1108 S Person St, Raleigh, NC 27601","2026/07/07",795,"1 Bed","House"
"5368 Thunderidge Drive, Raleigh, NC 27610","2026/07/07",2265,"4 Beds","House"
"4607 Ravi Rd, Raleigh, NC 27604","2026/07/07",1795,"3 Beds","House"
"5708 Brandycrest Dr, Raleigh, NC 27610","2026/07/07",1865,"3 Beds","House"
"828 Penncross Dr, Raleigh, NC 27610","2026/07/07",1935,"3 Beds","House"
"2001 Deep Forest Trail, Raleigh, NC 27603","2026/07/07",1915,"3 Beds","House"
"5985 Dixon Dr, Raleigh, NC 27609","2026/07/07",1186,"1 Bed","House"
"4008 Laurel Glen Dr, Raleigh, NC 27610","2026/07/07",1729,"3 Beds","House"
"3328 Neptune Dr, Raleigh, NC 27604","2026/07/07",1929,"3 Beds","House"
"928 Shannondale Dr, Raleigh, NC 27603","2026/07/07",1995,"3 Beds","House"
"1506 E Lenoir St, Raleigh, NC 27610","2026/07/07",2245,"3 Beds","House"
"1506 E Lenoir St, Raleigh, NC 27610","2026/07/07",1560,"2 Beds, 2 Baths, 954 sq ft","House"
"1527 Tom Gipson Dr, Raleigh, NC 27610","2026/07/07",1700,"3 Beds","House"
"3927 Massey Wood Trail, Raleigh, NC 27616","2026/07/07",2800,"5 Beds","House"
"7937 Milltrace Run, Raleigh, NC 27615","2026/07/07",2620,"3 Beds","House"
"4809 Landover Pine Pl, Raleigh, NC 27616","2026/07/07",1775,"3 Beds","House"
"5828 Weddington Rd, Raleigh, NC 27610","2026/07/07",1935,"3 Beds","House"
"5828 Weddington Rd, Raleigh, NC 27610","2026/07/07",599,"3 Beds, 3 Baths, 1,225 sq ft","House"
"1100 Silver Farm Rd, Raleigh, NC 27603","2026/07/07",2349,"3 Beds","House"
"3224 Cotton Grove Run, Raleigh, NC 27610","2026/07/07",1799,"3 Beds","House"
"4812 Silverdene St, Raleigh, NC 27616","2026/07/07",1999,"3 Beds","House"
"1829 Elkpark Dr, Raleigh, NC 27610","2026/07/07",2099,"3 Beds","House"
"7537 Thebes Dr, Raleigh, NC 27616","2026/07/07",1970,"3 Beds","House"
"7537 Thebes Dr, Raleigh, NC 27616","2026/07/07",1264,"1 Bed, 1 Bath, 671 sq ft","House"
"6867 Horseback Lane, Raleigh, NC 27610","2026/07/07",2339,"4 Beds","House"
"8205 Wynewood Ct, Raleigh, NC 27616","2026/07/07",1945,"3 Beds","House"
"3243 Warm Springs Ln, Raleigh, NC 27610","2026/07/07",650,"1 Bed","House"
"3525 Sugarplum Rd, Raleigh, NC 27616","2026/07/07",675,"1 Bed","House"
"2824 Henslowe Dr, Raleigh, NC 27603","2026/07/07",650,"1 Bed","House"
"218 Heck St, Raleigh, NC 27601","2026/07/07",945,"1 Bed","House"
"8611 Brushfoot Way, Raleigh, NC 27616","2026/07/07",895,"1 Bed","House"
"3605 Morman Springs Ln, Raleigh, NC 27610","2026/07/07",2300,"4 Beds","House"
"4745 Queen Pierrette St, Raleigh, NC 27610","2026/07/07",2060,"4 Beds","House"
"3600 Sunbright Ln, Raleigh, NC 27610","2026/07/07",2185,"3 Beds","House"
"5904 Roteny Court, Raleigh, NC 27610","2026/07/07",2450,"4 Beds","House"
"5904 Roteny Court, Raleigh, NC 27610","2026/07/07",1374,"1 Bed, 1 Bath, 651 sq ft","House"
"7435 Birchshire Dr, Raleigh, NC 27616","2026/07/07",2640,"5 Beds","House"
"5845 Arbaugh Ct, Raleigh, NC 27610","2026/07/07",2700,"3 Beds","House"
"3505 Iron Sight Ct, Raleigh, NC 27616","2026/07/07",1725,"3 Beds","House"
"2608 Dality Dr, Raleigh, NC 27604","2026/07/07",2215,"3 Beds","House"
"3952 Tyler Bluff Ln, Raleigh, NC 27616","2026/07/07",1915,"3 Beds","House"
"3936 Cane Garden Dr, Raleigh, NC 27610","2026/07/07",2435,"4 Beds","House"
"3601 Bretton Mill Dr, Raleigh, NC 27616","2026/07/07",1875,"3 Beds","House"
"1109 Ujamaa Dr, Raleigh, NC 27610","2026/07/07",1805,"3 Beds","House"
"4308 Birmingham Way, Raleigh, NC 27604","2026/07/07",2170,"3 Beds","House"
"4432 Emmit Dr, Raleigh, NC 27604","2026/07/07",2265,"3 Beds","House"
"7137 Spanglers Spring Way, Raleigh, NC 27610","2026/07/07",1875,"3 Beds","House"
"5517 Centipede Trail, Raleigh, NC 27610","2026/07/07",2325,"4 Beds","House"
"5644 Tealbrook Dr, Raleigh, NC 27610","2026/07/07",1895,"3 Beds","House"
"1549 Pebble Ridge Dr, Raleigh, NC 27610","2026/07/07",2265,"3 Beds","House"
"2327 Spruce Shadows Ln, Raleigh, NC 27614","2026/07/07",2790,"3 Beds","House"
"4301 Mantua Way, Raleigh, NC 27604","2026/07/07",2250,"4 Beds","House"
"4904 Tommans Trail, Raleigh, NC 27616","2026/07/07",2065,"3 Beds","House"
"2143 Castle Pines Dr, Raleigh, NC 27604","2026/07/07",1910,"3 Beds","House"
"311 Gilman Ln, Raleigh, NC 27610","2026/07/07",1795,"3 Beds","House"
"2613 Quarry Ridge Ln, Raleigh, NC 27610","2026/07/07",1965,"3 Beds","House"
NA,NA,NA,NA,NA
"6122 Ricker Rd, Raleigh, NC 27610","2026/07/07",2380,"3 Beds","House"
"8845 Wildwood Links, Raleigh, NC 27613","2026/07/07",5500,"4 Beds","House"
"2801 Henslowe Dr, Raleigh, NC 27603","2026/07/07",2400,"4 Beds","House"
"1600 Winway Dr, Raleigh, NC 27610","2026/07/07",2090,"3 Beds","House"
"1540 Dunn Rd, Raleigh, NC 27614","2026/07/07",1851,"2 Beds","House"
NA,NA,NA,NA,NA
"3304 Ferdilah Ln, Raleigh, NC 27610","2026/07/07",1849,"3 Beds","House"
"3504 Berdan Ct, Raleigh, NC 27616","2026/07/07",1810,"3 Beds","House"
"149 Summer Violet Ln, Raleigh, NC 27610","2026/07/07",895,"1 Bed","House"
"409 Crosspine Dr, Raleigh, NC 27603","2026/07/07",1830,"3 Beds","House"
"613 Jordan Ridge Ln, Raleigh, NC 27603","2026/07/07",2095,"3 Beds","House"
NA,NA,NA,NA,NA
"7408 Old Fox Trail, Raleigh, NC 27613","2026/07/07",2595,"4 Beds","House"
"3630 Brideveil Ct, Raleigh, NC 27610","2026/07/07",2649,"4 Beds","House"
"3600 Saguaro Ct, Raleigh, NC 27616","2026/07/07",2390,"4 Beds","House"
"1140 Carlton Ave, Raleigh, NC 27606","2026/07/07",725,"1 Bed","House"
"12404 Village Pines Ln, Raleigh, NC 27614","2026/07/07",2850,"4 Beds","House"
"5007 Lundy Dr, Raleigh, NC 27606","2026/07/07",1225,"2 Beds","House"
"4205 Massey Preserve Trail, Raleigh, NC 27616","2026/07/07",2345,"4 Beds","House"
"8329 Neuse Lawn Rd, Raleigh, NC 27616","2026/07/07",2349,"4 Beds","House"
"229 Socket St, Raleigh, NC 27606","2026/07/07",1895,"3 Beds","House"
NA,NA,NA,NA,NA
"1105 Kavkaz St, Raleigh, NC 27610","2026/07/07",1910,"3 Beds","House"
"1105 Kavkaz St, Raleigh, NC 27610","2026/07/07",1328,"1 Bed, 1 Bath, 792 sq ft","House"
"1351 Crab Orchard Dr, Raleigh, NC 27606","2026/07/07",695,"4 Beds","House"
"2005 Shaw Ct, Raleigh, NC 27606","2026/07/07",1295,"2 Beds","House"
"1220 Twin Branches Way, Raleigh, NC 27606","2026/07/07",2850,"3 Beds","House"
"3005 Tuckland Dr, Raleigh, NC 27610","2026/07/07",1849,"4 Beds","House"
"5521 Seaspray Ln, Raleigh, NC 27610","2026/07/07",2015,"3 Beds","House"
"3205 Emerald Ridge Ct, Raleigh, NC 27616","2026/07/07",2295,"4 Beds","House"
"1512 Orchard Farm Ln, Raleigh, NC 27610","2026/07/07",1400,"3 Beds","House"
"505 Westbrook Dr, Raleigh, NC 27615","2026/07/07",6300,"3 Beds","House"
"524 Branch St, Raleigh, NC 27601","2026/07/07",1700,"3 Beds","House"
"7010 Sandy Forks Rd, Raleigh, NC 27615","2026/07/07",1500,"2 Beds","House"
"7010 Sandy Forks Rd, Raleigh, NC 27615","2026/07/07",1825,"2 Beds, 2 Baths, 1,050 sq ft","House"
"1241 University Ct, Raleigh, NC 27606","2026/07/07",1200,"1 Bed","House"
"3000 Centennial Woods Dr, Raleigh, NC 27603","2026/07/07",595,"4 Beds","House"
"1500 Graduate Ln, Raleigh, NC 27606","2026/07/07",650,"4 Beds","House"
"217 Pecan Rd, Raleigh, NC 27603","2026/07/07",1295,"2 Beds","House"
"1430 Collegeview Ave, Raleigh, NC 27606","2026/07/07",645,"4 Beds","House"
"1430 Collegeview Ave, Raleigh, NC 27606","2026/07/07",1828,"3 Beds, 2 Baths, 1,486 sq ft","House"
"3783 Burtons Barn St, Raleigh, NC 27610","2026/07/07",2220,"3 Beds","House"
"3604 Rivermist Dr, Raleigh, NC 27610","2026/07/07",1985,"3 Beds","House"
"4952 Silverdene St, Raleigh, NC 27616","2026/07/07",1805,"3 Beds","House"
"4217 Mangrove Dr, Raleigh, NC 27616","2026/07/07",1999,"3 Beds","House"
"5521 Scenic Brook Ln, Raleigh, NC 27616","2026/07/07",1920,"3 Beds","House"
"5521 Scenic Brook Ln, Raleigh, NC 27616","2026/07/07",1845,"3 Beds, 2 Baths, 1,318 sq ft","House"
"4521 Aviemore Crescent, Raleigh, NC 27604","2026/07/07",1975,"3 Beds","House"
"2545 Spring Oaks Way, Raleigh, NC 27614","2026/07/07",1985,"3 Beds","House"
"3512 Ivy Commons Dr, Raleigh, NC 27606","2026/07/07",650,"1 Bed","House"
"2628 Quarry Springs Rd, Raleigh, NC 27610","2026/07/07",1865,"3 Beds","House"
"1916 Ranch Mill Cir, Raleigh, NC 27610","2026/07/07",1705,"3 Beds","House"
"1916 Ranch Mill Cir, Raleigh, NC 27610","2026/07/07",1467,"1 Bed, 1 Bath, 738 sq ft","House"
"4317 Presley Ct, Raleigh, NC 27604","2026/07/07",1235,"2 Beds","House"
"1929 Red Quartz Dr, Raleigh, NC 27610","2026/07/07",2180,"4 Beds","House"
"4428 Easthampton Dr, Raleigh, NC 27604","2026/07/07",2190,"4 Beds","House"
"3821 Tyler Bluff Ln, Raleigh, NC 27616","2026/07/07",2150,"3 Beds","House"
"644 Coleman St, Raleigh, NC 27610","2026/07/07",2090,"3 Beds","House"
"644 Coleman St, Raleigh, NC 27610","2026/07/07",1375,"1 Bed, 1 Bath, 841 sq ft","House"
NA,NA,NA,NA,NA
"3818 Chehaw Dr, Raleigh, NC 27610","2026/07/07",2015,"4 Beds","House"
"414 Winfred Dr, Raleigh, NC 27603","2026/07/07",2430,"3 Beds","House"
"1109 Wake Forest Rd, Raleigh, NC 27604","2026/07/07",2550,"3 Beds","House"
"8713 Neuse Town Dr, Raleigh, NC 27616","2026/07/07",1995,"3 Beds","House"
"5401 Cahaba Way, Raleigh, NC 27616","2026/07/07",2490,"4 Beds","House"
"8401 Metronome Ln, Raleigh, NC 27613","2026/07/07",1100,"1 Bed","House"
"920 Hardimont Rd, Raleigh, NC 27609","2026/07/07",1500,"1 Bed","House"
"2704 Kempsford Pl, Raleigh, NC 27604","2026/07/07",1970,"3 Beds","House"
"824 Historian St, Raleigh, NC 27603","2026/07/07",2600,"4 Beds","House"
"3490 Landshire View Lane, Raleigh, NC 27616","2026/07/07",2295,"4 Beds","House"
NA,NA,NA,NA,NA
"1100 Chatham Ln, Raleigh, NC 27610","2026/07/07",2245,"3 Beds","House"
"4652 Grinding Stone Dr, Raleigh, NC 27604","2026/07/07",600,"3 Beds","House"
"2605 Farlow Gap Ln, Raleigh, NC 27603","2026/07/07",920,"1 Bed","House"
"4321 Sunscape Ln, Raleigh, NC 27613","2026/07/07",2100,"3 Beds","House"
"4321 Sunscape Ln, Raleigh, NC 27613","2026/07/07",1735,"1 Bed, 1 Bath, 757 sq ft","House"
"4321 Sunscape Ln, Raleigh, NC 27613","2026/07/07",1299,"1 Bed, 1 Bath, 689 sq ft","House"
"4321 Sunscape Ln, Raleigh, NC 27613","2026/07/07",1840,"3 Beds, 2 Baths, 1,442 sq ft","House"
"4321 Sunscape Ln, Raleigh, NC 27613","2026/07/07",1999,"1 Bed, 1 Bath, 805 sq ft","House"
NA,NA,NA,NA,NA
