"Address","Date","Rent","Aprt_Type","Building_Type"
"17700 E 56th Ave, Denver, CO 80249","2026/06/02",1527,"1 Bed","Apartment"
"17700 E 56th Ave, Denver, CO 80249","2026/06/02",1959,"2 Beds","Apartment"
"17700 E 56th Ave, Denver, CO 80249","2026/06/02",2791,"3 Beds","Apartment"
"8155 E Fairmount Dr, Denver, CO 80230","2026/06/02",1585,"1 Bed","Apartment"
"8155 E Fairmount Dr, Denver, CO 80230","2026/06/02",1915,"2 Beds","Apartment"
"8155 E Fairmount Dr, Denver, CO 80230","2026/06/02",2565,"3 Beds","Apartment"
"5031 S Ulster St, Denver, CO 80237","2026/06/02",1425,"Studio","Apartment"
"5031 S Ulster St, Denver, CO 80237","2026/06/02",1625,"1 Bed","Apartment"
"5031 S Ulster St, Denver, CO 80237","2026/06/02",2225,"2 Beds","Apartment"
"82 N Uinta Way, Denver, CO 80230","2026/06/02",1519,"Studio","Apartment"
"82 N Uinta Way, Denver, CO 80230","2026/06/02",1819,"1 Bed","Apartment"
"82 N Uinta Way, Denver, CO 80230","2026/06/02",2019,"2 Beds+","Apartment"
"755 S Dexter St, Denver, CO 80246","2026/06/02",1741,"1 Bed","Apartment"
"755 S Dexter St, Denver, CO 80246","2026/06/02",2016,"2 Beds","Apartment"
"225 S Harrison St, Denver, CO 80209","2026/06/02",1709,"1 Bed","Apartment"
"225 S Harrison St, Denver, CO 80209","2026/06/02",2509,"2 Beds","Apartment"
"225 S Harrison St, Denver, CO 80209","2026/06/02",3408,"3 Beds","Apartment"
"3645 S Dallas St, Aurora, CO 80014","2026/06/02",1417,"1 Bed","Apartment"
"3645 S Dallas St, Aurora, CO 80014","2026/06/02",1902,"2 Beds","Apartment"
"3645 S Dallas St, Aurora, CO 80014","2026/06/02",3082,"3 Beds","Apartment"
"8012 W Long Dr, Littleton, CO 80123","2026/06/02",1697,"Studio","Apartment"
"8012 W Long Dr, Littleton, CO 80123","2026/06/02",1997,"1 Bed","Apartment"
"8012 W Long Dr, Littleton, CO 80123","2026/06/02",2597,"2 Beds+","Apartment"
"21775 E 65th Ave, Aurora, CO 80019","2026/06/02",1518,"Studio","Apartment"
"21775 E 65th Ave, Aurora, CO 80019","2026/06/02",1545,"1 Bed","Apartment"
"21775 E 65th Ave, Aurora, CO 80019","2026/06/02",2180,"2 Beds+","Apartment"
"10025 W Dartmouth Ave, Lakewood, CO 80227","2026/06/02",1508,"1 Bed","Apartment"
"10025 W Dartmouth Ave, Lakewood, CO 80227","2026/06/02",2028,"2 Beds","Apartment"
"4201 S Navajo St, Englewood, CO 80110","2026/06/02",1415,"Studio","Apartment"
"4201 S Navajo St, Englewood, CO 80110","2026/06/02",1587,"1 Bed","Apartment"
"4201 S Navajo St, Englewood, CO 80110","2026/06/02",2205,"2 Beds","Apartment"
"1805 S Bannock St, Denver, CO 80223","2026/06/02",1698,"1 Bed","Apartment"
"1805 S Bannock St, Denver, CO 80223","2026/06/02",2134,"2 Beds","Apartment"
"2180 S Colorado Blvd, Denver, CO 80222","2026/06/02",1422,"Studio","Apartment"
"2180 S Colorado Blvd, Denver, CO 80222","2026/06/02",1750,"1 Bed","Apartment"
"2180 S Colorado Blvd, Denver, CO 80222","2026/06/02",2241,"2 Beds","Apartment"
"1590 Grove St, Denver, CO 80204","2026/06/02",1333,"Studio","Apartment"
"1590 Grove St, Denver, CO 80204","2026/06/02",1655,"1 Bed","Apartment"
"1590 Grove St, Denver, CO 80204","2026/06/02",2140,"2 Beds","Apartment"
"1350 40th St, Denver, CO 80205","2026/06/02",1784,"Studio","Apartment"
"1350 40th St, Denver, CO 80205","2026/06/02",1939,"1 Bed","Apartment"
"1350 40th St, Denver, CO 80205","2026/06/02",2374,"2 Beds","Apartment"
"4150 Jason St, Denver, CO 80211","2026/06/02",1205,"Studio","Apartment"
"4150 Jason St, Denver, CO 80211","2026/06/02",1450,"1 Bed","Apartment"
"4150 Jason St, Denver, CO 80211","2026/06/02",1700,"2 Beds+","Apartment"
"4692 N Beeler Ct, Denver, CO 80238","2026/06/02",1571,"1 Bed","Apartment"
"4692 N Beeler Ct, Denver, CO 80238","2026/06/02",2196,"2 Beds","Apartment"
"4692 N Beeler Ct, Denver, CO 80238","2026/06/02",3308,"3 Beds","Apartment"
"4552 S Ulster St, Denver, CO 80237","2026/06/02",1742,"1 Bed","Apartment"
"4552 S Ulster St, Denver, CO 80237","2026/06/02",2427,"2 Beds","Apartment"
"4552 S Ulster St, Denver, CO 80237","2026/06/02",3688,"3 Beds","Apartment"
"2501 W 26th Ave, Denver, CO 80211","2026/06/02",1486,"Studio","Apartment"
"2501 W 26th Ave, Denver, CO 80211","2026/06/02",1591,"1 Bed","Apartment"
"2501 W 26th Ave, Denver, CO 80211","2026/06/02",1906,"2 Beds","Apartment"
"1740 36th St, Denver, CO 80216","2026/06/02",1635,"Studio","Apartment"
"1740 36th St, Denver, CO 80216","2026/06/02",1686,"1 Bed","Apartment"
"1740 36th St, Denver, CO 80216","2026/06/02",3076,"2 Beds","Apartment"
"3000 W Bates Ave, Denver, CO 80236","2026/06/02",1336,"Studio","Apartment"
"3000 W Bates Ave, Denver, CO 80236","2026/06/02",1618,"1 Bed","Apartment"
"3000 W Bates Ave, Denver, CO 80236","2026/06/02",2043,"2 Beds+","Apartment"
"4607 Xenia St, Denver, CO 80238","2026/06/02",1454,"1 Bed","Apartment"
"4607 Xenia St, Denver, CO 80238","2026/06/02",2171,"2 Beds","Apartment"
"18457 E 51st Ave, Denver, CO 80249","2026/06/02",1560,"1 Bed","Apartment"
"18457 E 51st Ave, Denver, CO 80249","2026/06/02",2125,"2 Beds","Apartment"
"18457 E 51st Ave, Denver, CO 80249","2026/06/02",2680,"3 Beds","Apartment"
"1451 24th St, Denver, CO 80205","2026/06/02",1355,"Studio","Apartment"
"1451 24th St, Denver, CO 80205","2026/06/02",1493,"1 Bed","Apartment"
"1451 24th St, Denver, CO 80205","2026/06/02",1945,"2 Beds+","Apartment"
"3498 E Ellsworth Ave, Denver, CO 80209","2026/06/02",1356,"Studio","Apartment"
"3498 E Ellsworth Ave, Denver, CO 80209","2026/06/02",1615,"1 Bed","Apartment"
"3498 E Ellsworth Ave, Denver, CO 80209","2026/06/02",2027,"2 Beds+","Apartment"
"901 Colorado Blvd, Denver, CO 80206","2026/06/02",1711,"Studio","Apartment"
"901 Colorado Blvd, Denver, CO 80206","2026/06/02",1732,"1 Bed","Apartment"
"901 Colorado Blvd, Denver, CO 80206","2026/06/02",2246,"2 Beds+","Apartment"
"10700 E Dartmouth Ave, Denver, CO 80014","2026/06/02",902,"Studio","Apartment"
"10700 E Dartmouth Ave, Denver, CO 80014","2026/06/02",1069,"1 Bed","Apartment"
"10700 E Dartmouth Ave, Denver, CO 80014","2026/06/02",1332,"2 Beds","Apartment"
"7100 E Mississippi Ave, Denver, CO 80224","2026/06/02",1034,"1 Bed","Apartment"
"7100 E Mississippi Ave, Denver, CO 80224","2026/06/02",1135,"2 Beds","Apartment"
"415 S Cherokee St, Denver, CO 80223","2026/06/02",1289,"Studio","Apartment"
"415 S Cherokee St, Denver, CO 80223","2026/06/02",1662,"1 Bed","Apartment"
"415 S Cherokee St, Denver, CO 80223","2026/06/02",1985,"2 Beds","Apartment"
"1251 S Bellaire St, Denver, CO 80246","2026/06/02",1008,"Studio","Apartment"
"1251 S Bellaire St, Denver, CO 80246","2026/06/02",983,"1 Bed","Apartment"
"1251 S Bellaire St, Denver, CO 80246","2026/06/02",1405,"2 Beds","Apartment"
"1101 E Bayaud Ave, Denver, CO 80209","2026/06/02",1936,"Studio","Apartment"
"1101 E Bayaud Ave, Denver, CO 80209","2026/06/02",2463,"1 Bed","Apartment"
"1101 E Bayaud Ave, Denver, CO 80209","2026/06/02",3569,"2 Beds","Apartment"
"1051 14th St, Denver, CO 80202","2026/06/02",2120,"1 Bed","Apartment"
"1051 14th St, Denver, CO 80202","2026/06/02",1095,"2 Beds","Apartment"
"1051 14th St, Denver, CO 80202","2026/06/02",910,"4 Beds","Apartment"
"9099 E Mississippi Ave, Denver, CO 80247","2026/06/02",1365,"Studio","Apartment"
"9099 E Mississippi Ave, Denver, CO 80247","2026/06/02",1314,"1 Bed","Apartment"
"9099 E Mississippi Ave, Denver, CO 80247","2026/06/02",1423,"2 Beds","Apartment"
"2525 Eliot St, Denver, CO 80211","2026/06/02",1595,"1 Bed","Apartment"
"2525 Eliot St, Denver, CO 80211","2026/06/02",2595,"2 Beds","Apartment"
"10225 E Girard Ave, Denver, CO 80231","2026/06/02",992,"1 Bed","Apartment"
"10225 E Girard Ave, Denver, CO 80231","2026/06/02",1444,"2 Beds","Apartment"
"2400 E Asbury Ave, Denver, CO 80210","2026/06/02",1515,"Studio","Apartment"
"2400 E Asbury Ave, Denver, CO 80210","2026/06/02",1899,"1 Bed","Apartment"
"2400 E Asbury Ave, Denver, CO 80210","2026/06/02",929,"2 Beds+","Apartment"
"16505 Green Valley Ranch Blvd, Denver, CO 80239","2026/06/02",1549,"1 Bed","Apartment"
"16505 Green Valley Ranch Blvd, Denver, CO 80239","2026/06/02",2029,"2 Beds","Apartment"
"16505 Green Valley Ranch Blvd, Denver, CO 80239","2026/06/02",2399,"3 Beds","Apartment"
"6223 N Panasonic Way, Denver, CO 80249","2026/06/02",1358,"1 Bed","Apartment"
"6223 N Panasonic Way, Denver, CO 80249","2026/06/02",1873,"2 Beds","Apartment"
"8680 E Alameda Ave, Denver, CO 80247","2026/06/02",974,"Studio","Apartment"
"8680 E Alameda Ave, Denver, CO 80247","2026/06/02",1066,"1 Bed","Apartment"
"8680 E Alameda Ave, Denver, CO 80247","2026/06/02",1218,"2 Beds+","Apartment"
"2100 N Ursula St, Aurora, CO 80045","2026/06/02",1368,"Studio","Apartment"
"2100 N Ursula St, Aurora, CO 80045","2026/06/02",1572,"1 Bed","Apartment"
"2100 N Ursula St, Aurora, CO 80045","2026/06/02",1958,"2 Beds+","Apartment"
"445 S Saulsbury St, Lakewood, CO 80226","2026/06/02",1589,"1 Bed","Apartment"
"445 S Saulsbury St, Lakewood, CO 80226","2026/06/02",1934,"2 Beds","Apartment"
"445 S Saulsbury St, Lakewood, CO 80226","2026/06/02",2551,"3 Beds","Apartment"
"2271 N Clinton St, Aurora, CO 80010","2026/06/02",1266,"Studio","Apartment"
"2271 N Clinton St, Aurora, CO 80010","2026/06/02",1562,"1 Bed","Apartment"
"2271 N Clinton St, Aurora, CO 80010","2026/06/02",2075,"2 Beds","Apartment"
"6650 N Lisbon St, Aurora, CO 80019","2026/06/02",2166,"1 Bed","Apartment"
"6650 N Lisbon St, Aurora, CO 80019","2026/06/02",2576,"2 Beds","Apartment"
"6650 N Lisbon St, Aurora, CO 80019","2026/06/02",3066,"3 Beds","Apartment"
"2060 N Chester St, Aurora, CO 80010","2026/06/02",1392,"Studio","Apartment"
"2060 N Chester St, Aurora, CO 80010","2026/06/02",1612,"1 Bed","Apartment"
"2060 N Chester St, Aurora, CO 80010","2026/06/02",2092,"2 Beds+","Apartment"
"7800 E Peakview Ave, Centennial, CO 80111","2026/06/02",1430,"Studio","Apartment"
"7800 E Peakview Ave, Centennial, CO 80111","2026/06/02",1918,"1 Bed","Apartment"
"7800 E Peakview Ave, Centennial, CO 80111","2026/06/02",2459,"2 Beds+","Apartment"
"3601 S Dallas St, Aurora, CO 80014","2026/06/02",1080,"1 Bed","Apartment"
"3601 S Dallas St, Aurora, CO 80014","2026/06/02",1296,"2 Beds","Apartment"
"11453 W Burgundy Ave, Littleton, CO 80127","2026/06/02",1625,"1 Bed","Apartment"
"11453 W Burgundy Ave, Littleton, CO 80127","2026/06/02",1925,"2 Beds","Apartment"
"11453 W Burgundy Ave, Littleton, CO 80127","2026/06/02",2150,"3 Beds","Apartment"
"3505 S Nelson Cir, Lakewood, CO 80235","2026/06/02",1456,"1 Bed","Apartment"
"3505 S Nelson Cir, Lakewood, CO 80235","2026/06/02",1833,"2 Beds","Apartment"
"3505 S Nelson Cir, Lakewood, CO 80235","2026/06/02",2480,"3 Beds","Apartment"
"2205 S Racine Way, Aurora, CO 80014","2026/06/02",1231,"1 Bed","Apartment"
"2205 S Racine Way, Aurora, CO 80014","2026/06/02",1345,"2 Beds","Apartment"
"3791 W 68th Ave, Westminster, CO 80030","2026/06/02",986,"1 Bed","Apartment"
"3791 W 68th Ave, Westminster, CO 80030","2026/06/02",1308,"2 Beds","Apartment"
"6300 W 13th Ave, Lakewood, CO 80214","2026/06/02",1349,"Studio","Apartment"
"6300 W 13th Ave, Lakewood, CO 80214","2026/06/02",1603,"1 Bed","Apartment"
"6300 W 13th Ave, Lakewood, CO 80214","2026/06/02",2154,"2 Beds","Apartment"
"2200 Market St, Denver, CO 80205","2026/06/02",1288,"Studio","Apartment"
"2200 Market St, Denver, CO 80205","2026/06/02",1603,"1 Bed","Apartment"
"2200 Market St, Denver, CO 80205","2026/06/02",2052,"2 Beds","Apartment"
"3444 S Emerson St, Englewood, CO 80113","2026/06/02",1673,"Studio","Apartment"
"3444 S Emerson St, Englewood, CO 80113","2026/06/02",2097,"1 Bed","Apartment"
"3444 S Emerson St, Englewood, CO 80113","2026/06/02",2591,"2 Beds+","Apartment"
"1661 Market St, Denver, CO 80202","2026/06/02",1492,"Studio","Apartment"
"1661 Market St, Denver, CO 80202","2026/06/02",1792,"1 Bed","Apartment"
"1661 Market St, Denver, CO 80202","2026/06/02",2204,"2 Beds","Apartment"
"2080 California St, Denver, CO 80205","2026/06/02",1284,"Studio","Apartment"
"2080 California St, Denver, CO 80205","2026/06/02",1639,"1 Bed","Apartment"
"2080 California St, Denver, CO 80205","2026/06/02",2384,"2 Beds","Apartment"
"550 Park Ave W, Denver, CO 80205","2026/06/02",1288,"Studio","Apartment"
"550 Park Ave W, Denver, CO 80205","2026/06/02",1521,"1 Bed","Apartment"
"550 Park Ave W, Denver, CO 80205","2026/06/02",1974,"2 Beds","Apartment"
"1350 Speer Blvd, Denver, CO 80204","2026/06/02",1599,"1 Bed","Apartment"
"1350 Speer Blvd, Denver, CO 80204","2026/06/02",2283,"2 Beds","Apartment"
"1200 Grant St, Denver, CO 80203","2026/06/02",1599,"Studio","Apartment"
"1200 Grant St, Denver, CO 80203","2026/06/02",1599,"1 Bed","Apartment"
"1200 Grant St, Denver, CO 80203","2026/06/02",2325,"2 Beds","Apartment"
"3355 Denargo St, Denver, CO 80216","2026/06/02",1727,"Studio","Apartment"
"3355 Denargo St, Denver, CO 80216","2026/06/02",1808,"1 Bed","Apartment"
"3355 Denargo St, Denver, CO 80216","2026/06/02",2521,"2 Beds+","Apartment"
"600 Park Ave W, Denver, CO 80205","2026/06/02",1544,"Studio","Apartment"
"600 Park Ave W, Denver, CO 80205","2026/06/02",1830,"1 Bed","Apartment"
"600 Park Ave W, Denver, CO 80205","2026/06/02",3036,"2 Beds","Apartment"
"7108 E Lowry Blvd, Denver, CO 80230","2026/06/02",1646,"Studio","Apartment"
"7108 E Lowry Blvd, Denver, CO 80230","2026/06/02",1586,"1 Bed","Apartment"
"7108 E Lowry Blvd, Denver, CO 80230","2026/06/02",2356,"2 Beds+","Apartment"
"375 S Jackson St, Denver, CO 80209","2026/06/02",1701,"Studio","Apartment"
"375 S Jackson St, Denver, CO 80209","2026/06/02",2298,"1 Bed","Apartment"
"375 S Jackson St, Denver, CO 80209","2026/06/02",3733,"2 Beds","Apartment"
"1225 Santa Fe Dr, Denver, CO 80204","2026/06/02",1340,"Studio","Apartment"
"1225 Santa Fe Dr, Denver, CO 80204","2026/06/02",1370,"1 Bed","Apartment"
"17607 E 61st Ave, Denver, CO 80249","2026/06/02",1564,"1 Bed","Apartment"
"17607 E 61st Ave, Denver, CO 80249","2026/06/02",2104,"2 Beds","Apartment"
"4109 E 10th Ave, Denver, CO 80206","2026/06/02",1244,"Studio","Apartment"
"4109 E 10th Ave, Denver, CO 80206","2026/06/02",1909,"1 Bed","Apartment"
"4109 E 10th Ave, Denver, CO 80206","2026/06/02",2584,"2 Beds","Apartment"
"18400 E Elmendorf Dr, Denver, CO 80249","2026/06/02",1503,"1 Bed","Apartment"
"18400 E Elmendorf Dr, Denver, CO 80249","2026/06/02",1951,"2 Beds","Apartment"
"18400 E Elmendorf Dr, Denver, CO 80249","2026/06/02",2623,"3 Beds","Apartment"
"1840 Market St, Denver, CO 80202","2026/06/02",1854,"Studio","Apartment"
"1840 Market St, Denver, CO 80202","2026/06/02",2194,"1 Bed","Apartment"
"1840 Market St, Denver, CO 80202","2026/06/02",2971,"2 Beds","Apartment"
"5650 N Argonne St, Denver, CO 80249","2026/06/02",1535,"1 Bed","Apartment"
"5650 N Argonne St, Denver, CO 80249","2026/06/02",1927,"2 Beds","Apartment"
"2065 S Cherokee St, Denver, CO 80223","2026/06/02",1201,"Studio","Apartment"
"2065 S Cherokee St, Denver, CO 80223","2026/06/02",1553,"1 Bed","Apartment"
"2065 S Cherokee St, Denver, CO 80223","2026/06/02",2121,"2 Beds","Apartment"
"3463 Walnut St, Denver, CO 80205","2026/06/02",1502,"Studio","Apartment"
"3463 Walnut St, Denver, CO 80205","2026/06/02",1758,"1 Bed","Apartment"
"2520 Wewatta Way, Denver, CO 80216","2026/06/02",1840,"1 Bed","Apartment"
"2520 Wewatta Way, Denver, CO 80216","2026/06/02",2473,"2 Beds","Apartment"
"2600 Lawrence St, Denver, CO 80205","2026/06/02",1415,"Studio","Apartment"
"2600 Lawrence St, Denver, CO 80205","2026/06/02",1790,"1 Bed","Apartment"
"2600 Lawrence St, Denver, CO 80205","2026/06/02",2205,"2 Beds","Apartment"
"360 Acoma St, Denver, CO 80223","2026/06/02",1439,"1 Bed","Apartment"
"360 Acoma St, Denver, CO 80223","2026/06/02",2711,"2 Beds","Apartment"
"2130 Arapahoe St, Denver, CO 80205","2026/06/02",1283,"Studio","Apartment"
"2130 Arapahoe St, Denver, CO 80205","2026/06/02",1849,"1 Bed","Apartment"
"2130 Arapahoe St, Denver, CO 80205","2026/06/02",2537,"2 Beds+","Apartment"
"1919 Mile High Stadium Cir, Denver, CO 80204","2026/06/02",1343,"Studio","Apartment"
"1919 Mile High Stadium Cir, Denver, CO 80204","2026/06/02",1893,"1 Bed","Apartment"
"1919 Mile High Stadium Cir, Denver, CO 80204","2026/06/02",2298,"2 Beds+","Apartment"
"8625 E Iliff Ave, Denver, CO 80231","2026/06/02",2537,"2 Beds","Apartment"
"8625 E Iliff Ave, Denver, CO 80231","2026/06/02",2967,"3 Beds","Apartment"
"800 S Valentia St, Denver, CO 80247","2026/06/02",1546,"Studio","Apartment"
"800 S Valentia St, Denver, CO 80247","2026/06/02",1661,"1 Bed","Apartment"
"800 S Valentia St, Denver, CO 80247","2026/06/02",2228,"2 Beds+","Apartment"
"1850 S Quebec Way, Denver, CO 80231","2026/06/02",2476,"2 Beds","Apartment"
"1850 S Quebec Way, Denver, CO 80231","2026/06/02",3634,"3 Beds","Apartment"
"1850 S Quebec Way, Denver, CO 80231","2026/06/02",3548,"4 Beds","Apartment"
"6025 N Ceylon St, Denver, CO 80249","2026/06/02",1475,"1 Bed","Apartment"
"6025 N Ceylon St, Denver, CO 80249","2026/06/02",1999,"2 Beds","Apartment"
"6025 N Ceylon St, Denver, CO 80249","2026/06/02",2477,"3 Beds","Apartment"
"4545 E Warren Ave, Denver, CO 80222","2026/06/02",1392,"Studio","Apartment"
"4545 E Warren Ave, Denver, CO 80222","2026/06/02",1616,"1 Bed","Apartment"
"4545 E Warren Ave, Denver, CO 80222","2026/06/02",1904,"2 Beds","Apartment"
"18590 E 61st Ave, Denver, CO 80249","2026/06/02",1442,"1 Bed","Apartment"
"18590 E 61st Ave, Denver, CO 80249","2026/06/02",1952,"2 Beds","Apartment"
"18590 E 61st Ave, Denver, CO 80249","2026/06/02",2632,"3 Beds","Apartment"
"200 E 7th Ave, Denver, CO 80203","2026/06/02",1508,"Studio","Apartment"
"200 E 7th Ave, Denver, CO 80203","2026/06/02",1798,"1 Bed","Apartment"
"200 E 7th Ave, Denver, CO 80203","2026/06/02",2278,"2 Beds","Apartment"
"2121 S Broadway, Denver, CO 80210","2026/06/02",1640,"Studio","Apartment"
"2121 S Broadway, Denver, CO 80210","2026/06/02",1985,"1 Bed","Apartment"
"2121 S Broadway, Denver, CO 80210","2026/06/02",2995,"2 Beds","Apartment"
"8355 E 32nd Ave, Denver, CO 80238","2026/06/02",1534,"Studio","Apartment"
"8355 E 32nd Ave, Denver, CO 80238","2026/06/02",1870,"1 Bed","Apartment"
"8355 E 32nd Ave, Denver, CO 80238","2026/06/02",2445,"2 Beds","Apartment"
"1933 S Acoma St, Denver, CO 80223","2026/06/02",1701,"Studio","Apartment"
"1933 S Acoma St, Denver, CO 80223","2026/06/02",1738,"1 Bed","Apartment"
"1933 S Acoma St, Denver, CO 80223","2026/06/02",2253,"2 Beds+","Apartment"
"9345 E 56th Ave, Denver, CO 80239","2026/06/02",1592,"1 Bed","Apartment"
"9345 E 56th Ave, Denver, CO 80239","2026/06/02",2317,"2 Beds","Apartment"
"370 W 12th Ave, Denver, CO 80204","2026/06/02",1611,"Studio","Apartment"
"370 W 12th Ave, Denver, CO 80204","2026/06/02",1695,"1 Bed","Apartment"
"370 W 12th Ave, Denver, CO 80204","2026/06/02",3275,"2 Beds","Apartment"
"17505 E 45th Ave, Denver, CO 80248","2026/06/02",1642,"1 Bed","Apartment"
"17505 E 45th Ave, Denver, CO 80248","2026/06/02",2194,"2 Beds","Apartment"
"4909 N Telluride St, Denver, CO 80249","2026/06/02",1555,"1 Bed","Apartment"
"4909 N Telluride St, Denver, CO 80249","2026/06/02",2240,"2 Beds","Apartment"
"2059 19th St, Denver, CO 80202","2026/06/02",1158,"",NA
"1450 Morrison Rd, Denver, CO 80204","2026/06/02",1613,"1 Bed","Apartment"
"1450 Morrison Rd, Denver, CO 80204","2026/06/02",2482,"2 Beds","Apartment"
"1450 Morrison Rd, Denver, CO 80204","2026/06/02",2923,"3 Beds","Apartment"
"1900 S Acoma St, Denver, CO 80223","2026/06/02",1300,"Studio","Apartment"
"1900 S Acoma St, Denver, CO 80223","2026/06/02",1425,"1 Bed","Apartment"
"1900 S Acoma St, Denver, CO 80223","2026/06/02",2555,"2 Beds+","Apartment"
"1557 N Logan St, Denver, CO 80203","2026/06/02",1890,"Studio","Apartment"
"1557 N Logan St, Denver, CO 80203","2026/06/02",1655,"1 Bed","Apartment"
"1557 N Logan St, Denver, CO 80203","2026/06/02",3065,"2 Beds","Apartment"
"500 W 41st Ave, Denver, CO 80216","2026/06/02",1388,"Studio","Apartment"
"500 W 41st Ave, Denver, CO 80216","2026/06/02",1408,"1 Bed","Apartment"
"2354 S High St, Denver, CO 80210","2026/06/02",1773,"1 Bed","Apartment"
"2354 S High St, Denver, CO 80210","2026/06/02",2423,"2 Beds","Apartment"
"2950 Brighton Blvd, Denver, CO 80216","2026/06/02",1706,"Studio","Apartment"
"2950 Brighton Blvd, Denver, CO 80216","2026/06/02",1838,"1 Bed","Apartment"
"2950 Brighton Blvd, Denver, CO 80216","2026/06/02",2825,"2 Beds","Apartment"
"7831 E Union Ave, Denver, CO 80237","2026/06/02",1632,"Studio","Apartment"
"7831 E Union Ave, Denver, CO 80237","2026/06/02",1837,"1 Bed","Apartment"
"7831 E Union Ave, Denver, CO 80237","2026/06/02",2527,"2 Beds+","Apartment"
"955 Bannock St, Denver, CO 80204","2026/06/02",1770,"1 Bed","Apartment"
"955 Bannock St, Denver, CO 80204","2026/06/02",2400,"2 Beds","Apartment"
"2506 W Colfax Ave, Denver, CO 80204","2026/06/02",1402,"Studio","Apartment"
"2506 W Colfax Ave, Denver, CO 80204","2026/06/02",1726,"1 Bed","Apartment"
"2506 W Colfax Ave, Denver, CO 80204","2026/06/02",2538,"2 Beds","Apartment"
"4560 Tennyson St, Denver, CO 80212","2026/06/02",1950,"Studio","Apartment"
"4560 Tennyson St, Denver, CO 80212","2026/06/02",2560,"1 Bed","Apartment"
"4560 Tennyson St, Denver, CO 80212","2026/06/02",2940,"2 Beds","Apartment"
"18905 E 60th Ave, Denver, CO 80249","2026/06/02",1978,"1 Bed","Apartment"
"18905 E 60th Ave, Denver, CO 80249","2026/06/02",1851,"2 Beds","Apartment"
"18905 E 60th Ave, Denver, CO 80249","2026/06/02",2477,"3 Beds","Apartment"
"4855 S Quebec St, Denver, CO 80237","2026/06/02",3036,"1 Bed","Apartment"
"4855 S Quebec St, Denver, CO 80237","2026/06/02",4856,"2 Beds","Apartment"
"4855 S Quebec St, Denver, CO 80237","2026/06/02",7551,"3 Beds","Apartment"
"990 N Cherokee St, Denver, CO 80204","2026/06/02",2094,"Studio","Apartment"
"990 N Cherokee St, Denver, CO 80204","2026/06/02",2459,"1 Bed","Apartment"
"990 N Cherokee St, Denver, CO 80204","2026/06/02",4174,"2 Beds+","Apartment"
"4101 E Louisiana Ave, Denver, CO 80246","2026/06/02",1260,"",NA
"4905 E Colfax Ave, Denver, CO 80220","2026/06/02",1400,"Studio","Apartment"
"4905 E Colfax Ave, Denver, CO 80220","2026/06/02",2005,"1 Bed","Apartment"
"4905 E Colfax Ave, Denver, CO 80220","2026/06/02",2985,"2 Beds","Apartment"
"855 N Broadway, Denver, CO 80203","2026/06/02",1704,"Studio","Apartment"
"855 N Broadway, Denver, CO 80203","2026/06/02",2275,"1 Bed","Apartment"
"855 N Broadway, Denver, CO 80203","2026/06/02",3196,"2 Beds","Apartment"
"9105 E Florida Ave, Denver, CO 80247","2026/06/02",1445,"1 Bed","Apartment"
"9105 E Florida Ave, Denver, CO 80247","2026/06/02",2125,"2 Beds","Apartment"
"9105 E Florida Ave, Denver, CO 80247","2026/06/02",2680,"3 Beds","Apartment"
"10025 E Girard Ave, Denver, CO 80231","2026/06/02",1228,"1 Bed","Apartment"
"10025 E Girard Ave, Denver, CO 80231","2026/06/02",1289,"2 Beds","Apartment"
"10025 E Girard Ave, Denver, CO 80231","2026/06/02",2040,"3 Beds","Apartment"
"5095 E Donald Ave, Denver, CO 80222","2026/06/02",1083,"Studio","Apartment"
"5095 E Donald Ave, Denver, CO 80222","2026/06/02",1234,"1 Bed","Apartment"
"5095 E Donald Ave, Denver, CO 80222","2026/06/02",1625,"2 Beds+","Apartment"
"6165 E Iliff Ave, Denver, CO 80222","2026/06/02",1006,"1 Bed","Apartment"
"6165 E Iliff Ave, Denver, CO 80222","2026/06/02",1306,"2 Beds","Apartment"
"7500 E Quincy Ave, Denver, CO 80237","2026/06/02",1418,"1 Bed","Apartment"
"7500 E Quincy Ave, Denver, CO 80237","2026/06/02",1661,"2 Beds","Apartment"
"1515 Julian St, Denver, CO 80204","2026/06/02",1916,"1 Bed","Apartment"
"1515 Julian St, Denver, CO 80204","2026/06/02",3826,"2 Beds","Apartment"
"1776 Curtis St, Denver, CO 80202","2026/06/02",1608,"Studio","Apartment"
"1776 Curtis St, Denver, CO 80202","2026/06/02",1809,"1 Bed","Apartment"
"1776 Curtis St, Denver, CO 80202","2026/06/02",2511,"2 Beds","Apartment"
"4185 E Florida Ave, Denver, CO 80222","2026/06/02",1100,"Studio","Apartment"
"4185 E Florida Ave, Denver, CO 80222","2026/06/02",999,"1 Bed","Apartment"
"4185 E Florida Ave, Denver, CO 80222","2026/06/02",1565,"2 Beds","Apartment"
"3234 N Navajo St, Denver, CO 80211","2026/06/02",1521,"Studio","Apartment"
"3234 N Navajo St, Denver, CO 80211","2026/06/02",1910,"1 Bed","Apartment"
"3234 N Navajo St, Denver, CO 80211","2026/06/02",2471,"2 Beds","Apartment"
"1880 Arapahoe St, Denver, CO 80202","2026/06/02",1538,"1 Bed","Apartment"
"1880 Arapahoe St, Denver, CO 80202","2026/06/02",2229,"2 Beds","Apartment"
"3200 Brighton Blvd, Denver, CO 80216","2026/06/02",1545,"1 Bed","Apartment"
"3200 Brighton Blvd, Denver, CO 80216","2026/06/02",2047,"2 Beds","Apartment"
"2131 Lawrence St, Denver, CO 80205","2026/06/02",1535,"1 Bed","Apartment"
"2131 Lawrence St, Denver, CO 80205","2026/06/02",2031,"2 Beds","Apartment"
"1039 S Parker Rd, Denver, CO 80231","2026/06/02",995,"Studio","Apartment"
"1039 S Parker Rd, Denver, CO 80231","2026/06/02",1025,"1 Bed","Apartment"
"1039 S Parker Rd, Denver, CO 80231","2026/06/02",1350,"2 Beds","Apartment"
"828 N Broadway, Denver, CO 80203","2026/06/02",1469,"Studio","Apartment"
"828 N Broadway, Denver, CO 80203","2026/06/02",1664,"1 Bed","Apartment"
"828 N Broadway, Denver, CO 80203","2026/06/02",2364,"2 Beds","Apartment"
"7301-7575 EAST 29TH AVENUE, Denver, CO 80238","2026/06/02",1423,"Studio","Apartment"
"7301-7575 EAST 29TH AVENUE, Denver, CO 80238","2026/06/02",1449,"1 Bed","Apartment"
"7301-7575 EAST 29TH AVENUE, Denver, CO 80238","2026/06/02",2025,"2 Beds+","Apartment"
"1600 Glenarm Pl, Denver, CO 80202","2026/06/02",1414,"Studio","Apartment"
"1600 Glenarm Pl, Denver, CO 80202","2026/06/02",1700,"1 Bed","Apartment"
"1600 Glenarm Pl, Denver, CO 80202","2026/06/02",2130,"2 Beds","Apartment"
"1771 S Quebec Way, Denver, CO 80231","2026/06/02",1421,"1 Bed","Apartment"
"1771 S Quebec Way, Denver, CO 80231","2026/06/02",1546,"2 Beds","Apartment"
"9095 E 47th Ave, Denver, CO 80238","2026/06/02",1335,"Studio","Apartment"
"9095 E 47th Ave, Denver, CO 80238","2026/06/02",1493,"1 Bed","Apartment"
"9095 E 47th Ave, Denver, CO 80238","2026/06/02",1797,"2 Beds+","Apartment"
"5250 E Cherry Creek South Dr, Denver, CO 80246","2026/06/02",1167,"Studio","Apartment"
"5250 E Cherry Creek South Dr, Denver, CO 80246","2026/06/02",1301,"1 Bed","Apartment"
"5250 E Cherry Creek South Dr, Denver, CO 80246","2026/06/02",1704,"2 Beds","Apartment"
"1600 Fillmore St, Denver, CO 80206","2026/06/02",1835,"1 Bed","Apartment"
"1600 Fillmore St, Denver, CO 80206","2026/06/02",2155,"2 Beds","Apartment"
"3725 E Buchtel Blvd, Denver, CO 80210","2026/06/02",1198,"1 Bed","Apartment"
"3725 E Buchtel Blvd, Denver, CO 80210","2026/06/02",1245,"2 Beds","Apartment"
"1950 N Pennsylvania St, Denver, CO 80203","2026/06/02",1064,"Studio","Apartment"
"1950 N Pennsylvania St, Denver, CO 80203","2026/06/02",2885,"3 Beds","Apartment"
"16199 E Green Valley Ranch Blvd, Denver, CO 80239","2026/06/02",1567,"1 Bed","Apartment"
"16199 E Green Valley Ranch Blvd, Denver, CO 80239","2026/06/02",1706,"2 Beds","Apartment"
NA,NA,NA,NA,NA
"9999 E Yale Ave, Denver, CO 80231","2026/06/02",1200,"Studio","Apartment"
"9999 E Yale Ave, Denver, CO 80231","2026/06/02",1148,"1 Bed","Apartment"
"9999 E Yale Ave, Denver, CO 80231","2026/06/02",1448,"2 Beds","Apartment"
"2300 Walnut St, Denver, CO 80205","2026/06/02",1464,"Studio","Apartment"
"2300 Walnut St, Denver, CO 80205","2026/06/02",1550,"1 Bed","Apartment"
"2300 Walnut St, Denver, CO 80205","2026/06/02",2186,"2 Beds","Apartment"
"1920 17th St, Denver, CO 80202","2026/06/02",1647,"Studio","Apartment"
"1920 17th St, Denver, CO 80202","2026/06/02",2050,"1 Bed","Apartment"
"1920 17th St, Denver, CO 80202","2026/06/02",2876,"2 Beds","Apartment"
"817 17th St, Denver, CO 80202","2026/06/02",1331,"1 Bed","Apartment"
"817 17th St, Denver, CO 80202","2026/06/02",1781,"2 Beds","Apartment"
"800 Pennsylvania St, Denver, CO 80203","2026/06/02",1416,"Studio","Apartment"
"800 Pennsylvania St, Denver, CO 80203","2026/06/02",1558,"1 Bed","Apartment"
"800 Pennsylvania St, Denver, CO 80203","2026/06/02",2528,"2 Beds+","Apartment"
"1939 S Quebec Way, Denver, CO 80231","2026/06/02",1278,"1 Bed","Apartment"
"1939 S Quebec Way, Denver, CO 80231","2026/06/02",1579,"2 Beds","Apartment"
"2121 Delgany St, Denver, CO 80202","2026/06/02",1633,"Studio","Apartment"
"2121 Delgany St, Denver, CO 80202","2026/06/02",1708,"1 Bed","Apartment"
"2121 Delgany St, Denver, CO 80202","2026/06/02",2288,"2 Beds+","Apartment"
"1801-1835 Arapahoe St, Denver, CO 80202","2026/06/02",1329,"1 Bed","Apartment"
"1801-1835 Arapahoe St, Denver, CO 80202","2026/06/02",1649,"2 Beds","Apartment"
"8405 E Hampden Ave, Denver, CO 80231","2026/06/02",944,"Studio","Apartment"
"8405 E Hampden Ave, Denver, CO 80231","2026/06/02",1204,"1 Bed","Apartment"
"8405 E Hampden Ave, Denver, CO 80231","2026/06/02",1364,"2 Beds","Apartment"
"645 Wolff St, Denver, CO 80204","2026/06/02",983,"Studio","Apartment"
"645 Wolff St, Denver, CO 80204","2026/06/02",1035,"1 Bed","Apartment"
"645 Wolff St, Denver, CO 80204","2026/06/02",1353,"2 Beds","Apartment"
"3222 E 1st Ave, Denver, CO 80206","2026/06/02",2211,"Studio","Apartment"
"3222 E 1st Ave, Denver, CO 80206","2026/06/02",2671,"1 Bed","Apartment"
"3222 E 1st Ave, Denver, CO 80206","2026/06/02",3536,"2 Beds","Apartment"
"255-295 E Speer Blvd, Denver, CO 80203","2026/06/02",1364,"Studio","Apartment"
"255-295 E Speer Blvd, Denver, CO 80203","2026/06/02",1696,"1 Bed","Apartment"
"255-295 E Speer Blvd, Denver, CO 80203","2026/06/02",2317,"2 Beds","Apartment"
"4725 W Quincy Ave, Denver, CO 80236","2026/06/02",1934,"1 Bed","Apartment"
"4725 W Quincy Ave, Denver, CO 80236","2026/06/02",2185,"2 Beds","Apartment"
"801 S Cherry St, Denver, CO 80246","2026/06/02",1813,"1 Bed","Apartment"
"801 S Cherry St, Denver, CO 80246","2026/06/02",2638,"2 Beds","Apartment"
"11100 E Dartmouth Ave, Denver, CO 80014","2026/06/02",1024,"1 Bed","Apartment"
"11100 E Dartmouth Ave, Denver, CO 80014","2026/06/02",1524,"2 Beds","Apartment"
"2797 Wewatta Way, Denver, CO 80216","2026/06/02",1384,"Studio","Apartment"
"2797 Wewatta Way, Denver, CO 80216","2026/06/02",1707,"1 Bed","Apartment"
"2797 Wewatta Way, Denver, CO 80216","2026/06/02",2071,"2 Beds","Apartment"
"240 S Monaco Pky, Denver, CO 80224","2026/06/02",1388,"1 Bed","Apartment"
"240 S Monaco Pky, Denver, CO 80224","2026/06/02",1649,"2 Beds","Apartment"
"240 S Monaco Pky, Denver, CO 80224","2026/06/02",2285,"3 Beds","Apartment"
"100 Steele St, Denver, CO 80206","2026/06/02",1775,"Studio","Apartment"
"100 Steele St, Denver, CO 80206","2026/06/02",2212,"1 Bed","Apartment"
"100 Steele St, Denver, CO 80206","2026/06/02",3140,"2 Beds","Apartment"
"2700 Decatur St, Denver, CO 80211","2026/06/02",1685,"Studio","Apartment"
"2700 Decatur St, Denver, CO 80211","2026/06/02",1679,"1 Bed","Apartment"
"2700 Decatur St, Denver, CO 80211","2026/06/02",2517,"2 Beds","Apartment"
"1776 Broadway St, Denver, CO 80202","2026/06/02",1473,"Studio","Apartment"
"1776 Broadway St, Denver, CO 80202","2026/06/02",1653,"1 Bed","Apartment"
"1776 Broadway St, Denver, CO 80202","2026/06/02",2363,"2 Beds","Apartment"
"7571 E Technology Way, Denver, CO 80237","2026/06/02",1576,"1 Bed","Apartment"
"7571 E Technology Way, Denver, CO 80237","2026/06/02",2378,"2 Beds","Apartment"
"4703 W 52nd Ave, Denver, CO 80212","2026/06/02",1639,"2 Beds","Apartment"
"4703 W 52nd Ave, Denver, CO 80212","2026/06/02",1931,"3 Beds","Apartment"
"4703 W 52nd Ave, Denver, CO 80212","2026/06/02",2946,"4 Beds","Apartment"
"1859 28th St, Denver, CO 80216","2026/06/02",1335,"Studio","Apartment"
"1859 28th St, Denver, CO 80216","2026/06/02",1710,"1 Bed","Apartment"
"1859 28th St, Denver, CO 80216","2026/06/02",2250,"2 Beds","Apartment"
"1777 Wewatta St, Denver, CO 80202","2026/06/02",1478,"Studio","Apartment"
"1777 Wewatta St, Denver, CO 80202","2026/06/02",1934,"1 Bed","Apartment"
"1777 Wewatta St, Denver, CO 80202","2026/06/02",3013,"2 Beds","Apartment"
"2450 S University Blvd, Denver, CO 80210","2026/06/02",1399,"Studio","Apartment"
"2450 S University Blvd, Denver, CO 80210","2026/06/02",1602,"1 Bed","Apartment"
"2450 S University Blvd, Denver, CO 80210","2026/06/02",2399,"2 Beds","Apartment"
"1781 York St, Denver, CO 80206","2026/06/02",1403,"Studio","Apartment"
"1781 York St, Denver, CO 80206","2026/06/02",2099,"1 Bed","Apartment"
"1781 York St, Denver, CO 80206","2026/06/02",2944,"2 Beds","Apartment"
"4695 E Mississippi Ave, Denver, CO 80246","2026/06/02",925,"1 Bed","Apartment"
"4695 E Mississippi Ave, Denver, CO 80246","2026/06/02",1449,"2 Beds","Apartment"
"9600 E Girard Ave, Denver, CO 80231","2026/06/02",1200,"Studio","Apartment"
"9600 E Girard Ave, Denver, CO 80231","2026/06/02",1395,"1 Bed","Apartment"
"9600 E Girard Ave, Denver, CO 80231","2026/06/02",1995,"2 Beds","Apartment"
"5100 Leetsdale Dr, Denver, CO 80246","2026/06/02",1250,"1 Bed","Apartment"
"5100 Leetsdale Dr, Denver, CO 80246","2026/06/02",1500,"2 Beds","Apartment"
"4000 N Albion St, Denver, CO 80216","2026/06/02",1675,"1 Bed","Apartment"
"4000 N Albion St, Denver, CO 80216","2026/06/02",2130,"2 Beds","Apartment"
"7520 W Amherst Ave, Denver, CO 80227","2026/06/02",1225,"1 Bed","Apartment"
"7520 W Amherst Ave, Denver, CO 80227","2026/06/02",1550,"2 Beds","Apartment"
"1250 S Clermont St, Denver, CO 80246","2026/06/02",799,"Studio","Apartment"
"1250 S Clermont St, Denver, CO 80246","2026/06/02",820,"1 Bed","Apartment"
"1250 S Clermont St, Denver, CO 80246","2026/06/02",1040,"2 Beds","Apartment"
"1910 S Josephine St, Denver, CO 80210","2026/06/02",1400,"Studio","Apartment"
"1910 S Josephine St, Denver, CO 80210","2026/06/02",1495,"1 Bed","Apartment"
"1910 S Josephine St, Denver, CO 80210","2026/06/02",2750,"2 Beds","Apartment"
"1291 S Ulster St, Denver, CO 80231","2026/06/02",1899,"1 Bed","Apartment"
"1291 S Ulster St, Denver, CO 80231","2026/06/02",2370,"2 Beds","Apartment"
"3100 Inca St, Denver, CO 80202","2026/06/02",1150,"Studio","Apartment"
"3100 Inca St, Denver, CO 80202","2026/06/02",1604,"1 Bed","Apartment"
"3100 Inca St, Denver, CO 80202","2026/06/02",1050,"2 Beds+","Apartment"
"1140 Bannock St, Denver, CO 80204","2026/06/02",1585,"Studio","Apartment"
"1140 Bannock St, Denver, CO 80204","2026/06/02",1855,"1 Bed","Apartment"
"1140 Bannock St, Denver, CO 80204","2026/06/02",3234,"2 Beds","Apartment"
NA,NA,NA,NA,NA
"1010 W Colfax Ave, Denver, CO 80204","2026/06/02",1359,"Studio","Apartment"
"1010 W Colfax Ave, Denver, CO 80204","2026/06/02",1627,"1 Bed","Apartment"
"1010 W Colfax Ave, Denver, CO 80204","2026/06/02",1761,"2 Beds+","Apartment"
"3500 Chestnut Pl, Denver, CO 80216","2026/06/02",1875,"Studio","Apartment"
"3500 Chestnut Pl, Denver, CO 80216","2026/06/02",1700,"1 Bed","Apartment"
"3500 Chestnut Pl, Denver, CO 80216","2026/06/02",3750,"2 Beds+","Apartment"
"1275 N Santa Fe Dr, Denver, CO 80204","2026/06/02",1300,"Studio","Apartment"
"1275 N Santa Fe Dr, Denver, CO 80204","2026/06/02",1578,"1 Bed","Apartment"
"1275 N Santa Fe Dr, Denver, CO 80204","2026/06/02",1799,"2 Beds","Apartment"
"650 W Colfax Ave, Denver, CO 80204","2026/06/02",1793,"Studio","Apartment"
"650 W Colfax Ave, Denver, CO 80204","2026/06/02",1978,"1 Bed","Apartment"
"650 W Colfax Ave, Denver, CO 80204","2026/06/02",2613,"2 Beds","Apartment"
"6355 N Ceylon St, Denver, CO 80249","2026/06/02",1525,"1 Bed","Apartment"
"6355 N Ceylon St, Denver, CO 80249","2026/06/02",1891,"2 Beds","Apartment"
"6355 N Ceylon St, Denver, CO 80249","2026/06/02",2186,"3 Beds","Apartment"
"1050-1080 Sherman St, Denver, CO 80203","2026/06/02",1099,"Studio","Apartment"
"1050-1080 Sherman St, Denver, CO 80203","2026/06/02",1895,"1 Bed","Apartment"
"1050-1080 Sherman St, Denver, CO 80203","2026/06/02",2180,"2 Beds+","Apartment"
"4175 E Mexico Ave, Denver, CO 80222","2026/06/02",1075,"Studio","Apartment"
"4175 E Mexico Ave, Denver, CO 80222","2026/06/02",1175,"1 Bed","Apartment"
"4175 E Mexico Ave, Denver, CO 80222","2026/06/02",1449,"2 Beds","Apartment"
"4699 Kittredge St, Denver, CO 80239","2026/06/02",1550,"1 Bed","Apartment"
"4699 Kittredge St, Denver, CO 80239","2026/06/02",1875,"2 Beds","Apartment"
"4699 Kittredge St, Denver, CO 80239","2026/06/02",2525,"3 Beds","Apartment"
"2234 S Trenton Way, Denver, CO 80231","2026/06/02",1599,"1 Bed","Apartment"
"2234 S Trenton Way, Denver, CO 80231","2026/06/02",1881,"2 Beds","Apartment"
"2234 S Trenton Way, Denver, CO 80231","2026/06/02",2525,"3 Beds","Apartment"
"888-888 S Oneida St, Denver, CO 80224","2026/06/02",899,"1 Bed","Apartment"
"888-888 S Oneida St, Denver, CO 80224","2026/06/02",1250,"2 Beds","Apartment"
"3101 Arapahoe St, Denver, CO 80205","2026/06/02",1500,"1 Bed","Apartment"
"3101 Arapahoe St, Denver, CO 80205","2026/06/02",1795,"2 Beds","Apartment"
"3310 S Kenton St, Denver, CO 80014","2026/06/02",1355,"1 Bed","Apartment"
"3310 S Kenton St, Denver, CO 80014","2026/06/02",1755,"2 Beds","Apartment"
"3310 S Kenton St, Denver, CO 80014","2026/06/02",2345,"3 Beds","Apartment"
"444 E 19th Ave, Denver, CO 80203","2026/06/02",1401,"Studio","Apartment"
"444 E 19th Ave, Denver, CO 80203","2026/06/02",1419,"1 Bed","Apartment"
"444 E 19th Ave, Denver, CO 80203","2026/06/02",2732,"2 Beds","Apartment"
"8000 E Girard Ave, Denver, CO 80231","2026/06/02",1149,"Studio","Apartment"
"8000 E Girard Ave, Denver, CO 80231","2026/06/02",1249,"1 Bed","Apartment"
"8000 E Girard Ave, Denver, CO 80231","2026/06/02",1549,"2 Beds","Apartment"
"7777 E Yale Ave, Denver, CO 80231","2026/06/02",1295,"1 Bed","Apartment"
"7777 E Yale Ave, Denver, CO 80231","2026/06/02",1445,"2 Beds","Apartment"
"7777 E Yale Ave, Denver, CO 80231","2026/06/02",2045,"3 Beds","Apartment"
"770 Grant St, Denver, CO 80203","2026/06/02",1265,"1 Bed","Apartment"
"770 Grant St, Denver, CO 80203","2026/06/02",1825,"2 Beds","Apartment"
NA,NA,NA,NA,NA
"4560 S Balsam Way, Denver, CO 80123","2026/06/02",1499,"1 Bed","Apartment"
"4560 S Balsam Way, Denver, CO 80123","2026/06/02",1999,"2 Beds","Apartment"
"4560 S Balsam Way, Denver, CO 80123","2026/06/02",2899,"3 Beds","Apartment"
"1493 Osage St, Denver, CO 80204","2026/06/02",1995,"Studio","Apartment"
"1493 Osage St, Denver, CO 80204","2026/06/02",2195,"1 Bed","Apartment"
"1493 Osage St, Denver, CO 80204","2026/06/02",1275,"2 Beds+","Apartment"
"3227 S Parker Rd, Denver, CO 80014","2026/06/02",1149,"1 Bed","Apartment"
"3227 S Parker Rd, Denver, CO 80014","2026/06/02",1549,"2 Beds","Apartment"
NA,NA,NA,NA,NA
"2337 S Blackhawk St, Aurora, CO 80014","2026/06/02",1195,"Studio","Apartment"
"2337 S Blackhawk St, Aurora, CO 80014","2026/06/02",1509,"1 Bed","Apartment"
"2337 S Blackhawk St, Aurora, CO 80014","2026/06/02",1679,"2 Beds+","Apartment"
"6440 S Syracuse Way, Centennial, CO 80111","2026/06/02",1810,"1 Bed","Apartment"
"6440 S Syracuse Way, Centennial, CO 80111","2026/06/02",2377,"2 Beds","Apartment"
"13021 E 21st Ave, Aurora, CO 80045","2026/06/02",1467,"Studio","Apartment"
"13021 E 21st Ave, Aurora, CO 80045","2026/06/02",1672,"1 Bed","Apartment"
"13021 E 21st Ave, Aurora, CO 80045","2026/06/02",2764,"2 Beds","Apartment"
"3899 S Dallas St, Aurora, CO 80014","2026/06/02",3053,"3 Beds","Apartment"
"3899 S Dallas St, Aurora, CO 80014","2026/06/02",3446,"4 Beds","Apartment"
"12150 E Dartmouth Ave, Aurora, CO 80014","2026/06/02",1380,"Studio","Apartment"
"12150 E Dartmouth Ave, Aurora, CO 80014","2026/06/02",1511,"1 Bed","Apartment"
"12150 E Dartmouth Ave, Aurora, CO 80014","2026/06/02",1808,"2 Beds+","Apartment"
"1288 Wadsworth Blvd, Lakewood, CO 80214","2026/06/02",1503,"Studio","Apartment"
"1288 Wadsworth Blvd, Lakewood, CO 80214","2026/06/02",1464,"1 Bed","Apartment"
"1288 Wadsworth Blvd, Lakewood, CO 80214","2026/06/02",2215,"2 Beds","Apartment"
"3595 S Jason St, Englewood, CO 80110","2026/06/02",1512,"Studio","Apartment"
"3595 S Jason St, Englewood, CO 80110","2026/06/02",2051,"1 Bed","Apartment"
"3595 S Jason St, Englewood, CO 80110","2026/06/02",2740,"2 Beds","Apartment"
"1380 Uvalda St, Aurora, CO 80011","2026/06/02",1637,"Studio","Apartment"
"1380 Uvalda St, Aurora, CO 80011","2026/06/02",1727,"1 Bed","Apartment"
"1380 Uvalda St, Aurora, CO 80011","2026/06/02",2571,"2 Beds+","Apartment"
"3155 S Vaughn Way, Aurora, CO 80014","2026/06/02",1114,"Studio","Apartment"
"3155 S Vaughn Way, Aurora, CO 80014","2026/06/02",1446,"1 Bed","Apartment"
"3155 S Vaughn Way, Aurora, CO 80014","2026/06/02",2034,"2 Beds","Apartment"
"21650 E 56th Ave, Aurora, CO 80019","2026/06/02",1572,"1 Bed","Apartment"
"21650 E 56th Ave, Aurora, CO 80019","2026/06/02",2037,"2 Beds","Apartment"
"12600 E Colfax Ave, Aurora, CO 80011","2026/06/02",1682,"1 Bed","Apartment"
"12600 E Colfax Ave, Aurora, CO 80011","2026/06/02",2312,"2 Beds","Apartment"
"3640 W 65th Ave, Arvada, CO 80003","2026/06/02",2999,"3 Beds","Apartment"
"3640 W 65th Ave, Arvada, CO 80003","2026/06/02",3225,"4 Beds","Apartment"
"5701 W Colfax Ave, Lakewood, CO 80214","2026/06/02",1449,"Studio","Apartment"
"5701 W Colfax Ave, Lakewood, CO 80214","2026/06/02",1739,"1 Bed","Apartment"
"5701 W Colfax Ave, Lakewood, CO 80214","2026/06/02",2053,"2 Beds","Apartment"
"8000 W Crestline Ave, Littleton, CO 80123","2026/06/02",1951,"1 Bed","Apartment"
"8000 W Crestline Ave, Littleton, CO 80123","2026/06/02",2203,"2 Beds","Apartment"
"8000 W Crestline Ave, Littleton, CO 80123","2026/06/02",2914,"3 Beds","Apartment"
"5839 Pierce St, Arvada, CO 80003","2026/06/02",1419,"1 Bed","Apartment"
"5839 Pierce St, Arvada, CO 80003","2026/06/02",1544,"2 Beds","Apartment"
"5839 Pierce St, Arvada, CO 80003","2026/06/02",1904,"3 Beds","Apartment"
"6805 W Bowles Ave, Littleton, CO 80123","2026/06/02",1776,"1 Bed","Apartment"
"6805 W Bowles Ave, Littleton, CO 80123","2026/06/02",2145,"2 Beds","Apartment"
"4550 Cherry Creek Dr S, Glendale, CO 80246","2026/06/02",1993,"1 Bed","Apartment"
"4550 Cherry Creek Dr S, Glendale, CO 80246","2026/06/02",2424,"2 Beds","Apartment"
"4550 Cherry Creek Dr S, Glendale, CO 80246","2026/06/02",3711,"3 Beds","Apartment"
"13100 E Kansas Dr, Aurora, CO 80012","2026/06/02",1216,"1 Bed","Apartment"
"13100 E Kansas Dr, Aurora, CO 80012","2026/06/02",1391,"2 Beds","Apartment"
"2961 W Centennial Dr, Littleton, CO 80123","2026/06/02",1608,"1 Bed","Apartment"
"2961 W Centennial Dr, Littleton, CO 80123","2026/06/02",1808,"2 Beds","Apartment"
"5151 S Rio Grande St, Littleton, CO 80120","2026/06/02",1597,"1 Bed","Apartment"
"5151 S Rio Grande St, Littleton, CO 80120","2026/06/02",2155,"2 Beds","Apartment"
"5151 S Rio Grande St, Littleton, CO 80120","2026/06/02",2591,"3 Beds","Apartment"
"5109 S Delaware St, Englewood, CO 80110","2026/06/02",1330,"1 Bed","Apartment"
"5109 S Delaware St, Englewood, CO 80110","2026/06/02",1880,"2 Beds","Apartment"
"10756 E Virginia Ave, Aurora, CO 80012","2026/06/02",965,"1 Bed","Apartment"
"10756 E Virginia Ave, Aurora, CO 80012","2026/06/02",1206,"2 Beds","Apartment"
"7301 W Ohio Ave, Lakewood, CO 80226","2026/06/02",1532,"1 Bed","Apartment"
"7301 W Ohio Ave, Lakewood, CO 80226","2026/06/02",1802,"2 Beds","Apartment"
"7301 W Ohio Ave, Lakewood, CO 80226","2026/06/02",2390,"3 Beds","Apartment"
"3650 S Broadway, Englewood, CO 80113","2026/06/02",1416,"Studio","Apartment"
"3650 S Broadway, Englewood, CO 80113","2026/06/02",1606,"1 Bed","Apartment"
"3650 S Broadway, Englewood, CO 80113","2026/06/02",2181,"2 Beds+","Apartment"
"6201 W 26th Ave, Wheat Ridge, CO 80214","2026/06/02",1270,"1 Bed","Apartment"
"6201 W 26th Ave, Wheat Ridge, CO 80214","2026/06/02",1502,"2 Beds","Apartment"
"6201 W 26th Ave, Wheat Ridge, CO 80214","2026/06/02",2000,"3 Beds","Apartment"
"5001 E Mississippi Ave, Glendale, CO 80246","2026/06/02",1052,"1 Bed","Apartment"
"5001 E Mississippi Ave, Glendale, CO 80246","2026/06/02",1242,"2 Beds","Apartment"
"4701 E Mississippi Ave, Glendale, CO 80246","2026/06/02",925,"1 Bed","Apartment"
"4701 E Mississippi Ave, Glendale, CO 80246","2026/06/02",1099,"2 Beds","Apartment"
"10117 W Dartmouth Pl, Lakewood, CO 80227","2026/06/02",1659,"1 Bed","Apartment"
"10117 W Dartmouth Pl, Lakewood, CO 80227","2026/06/02",2059,"2 Beds","Apartment"
"10117 W Dartmouth Pl, Lakewood, CO 80227","2026/06/02",2729,"3 Beds","Apartment"
"601 S Forest St, Glendale, CO 80246","2026/06/02",750,"Studio","Apartment"
"601 S Forest St, Glendale, CO 80246","2026/06/02",899,"1 Bed","Apartment"
"601 S Forest St, Glendale, CO 80246","2026/06/02",1298,"2 Beds","Apartment"
NA,NA,NA,NA,NA
NA,NA,NA,NA,NA
NA,NA,NA,NA,NA
"7929 W Mansfield Pky, Lakewood, CO 80235","2026/06/02",1470,"1 Bed","Apartment"
"7929 W Mansfield Pky, Lakewood, CO 80235","2026/06/02",1650,"2 Beds","Apartment"
"7929 W Mansfield Pky, Lakewood, CO 80235","2026/06/02",2350,"3 Beds","Apartment"
"7901 E Belleview Ave, Englewood, CO 80111","2026/06/02",1715,"1 Bed","Apartment"
"7901 E Belleview Ave, Englewood, CO 80111","2026/06/02",2400,"2 Beds","Apartment"
"5820 S Windermere St, Littleton, CO 80120","2026/06/02",1145,"Studio","Apartment"
"5820 S Windermere St, Littleton, CO 80120","2026/06/02",1340,"1 Bed","Apartment"
"5820 S Windermere St, Littleton, CO 80120","2026/06/02",1665,"2 Beds","Apartment"
"2605 S Miller Dr, Lakewood, CO 80227","2026/06/02",1600,"1 Bed","Apartment"
"2605 S Miller Dr, Lakewood, CO 80227","2026/06/02",1760,"2 Beds","Apartment"
"1055 Logan St, Denver, CO 80203","2026/06/02",1525,"1 Bed","Apartment"
"1055 Logan St, Denver, CO 80203","2026/06/02",2195,"2 Beds","Apartment"
"757 Grant St, Denver, CO 80203","2026/06/02",1220,"",NA
"1355 S Galena St, Denver, CO 80247","2026/06/02",1123,"1 Bed","Apartment"
"1355 S Galena St, Denver, CO 80247","2026/06/02",1313,"2 Beds","Apartment"
"5100-5170 E Asbury Ave, Denver, CO 80222","2026/06/02",942,"1 Bed","Apartment"
"5100-5170 E Asbury Ave, Denver, CO 80222","2026/06/02",1243,"2 Beds","Apartment"
"8850 E Mississippi Ave, Denver, CO 80247","2026/06/02",2637,"2 Beds","Apartment"
"8850 E Mississippi Ave, Denver, CO 80247","2026/06/02",2937,"3 Beds","Apartment"
"5701 E 8th Ave, Denver, CO 80220","2026/06/02",1443,"1 Bed","Apartment"
"5701 E 8th Ave, Denver, CO 80220","2026/06/02",1928,"2 Beds","Apartment"
"7030-7070 Pecos St, Denver, CO 80221","2026/06/02",1032,"1 Bed","Apartment"
"7030-7070 Pecos St, Denver, CO 80221","2026/06/02",1434,"2 Beds","Apartment"
NA,NA,NA,NA,NA
"98 S Emerson St, Denver, CO 80209","2026/06/02",1150,"",NA
"827 Park Ave, Denver, CO 80205","2026/06/02",1374,"1 Bed","Apartment"
"827 Park Ave, Denver, CO 80205","2026/06/02",1665,"2 Beds","Apartment"
"2559 31st St, Denver, CO 80216","2026/06/02",2887,"2 Beds","Apartment"
"2559 31st St, Denver, CO 80216","2026/06/02",967,"3 Beds","Apartment"
"2360 E Evans Ave, Denver, CO 80210","2026/06/02",1820,"Studio","Apartment"
"2360 E Evans Ave, Denver, CO 80210","2026/06/02",1660,"1 Bed","Apartment"
"2360 E Evans Ave, Denver, CO 80210","2026/06/02",2560,"2 Beds","Apartment"
"4225 E Hale Pky, Denver, CO 80220","2026/06/02",1819,"1 Bed","Apartment"
"4225 E Hale Pky, Denver, CO 80220","2026/06/02",2884,"2 Beds","Apartment"
"6026 N Ceylon St, Denver, CO 80249","2026/06/02",1566,"1 Bed","Apartment"
"6026 N Ceylon St, Denver, CO 80249","2026/06/02",2004,"2 Beds","Apartment"
"6026 N Ceylon St, Denver, CO 80249","2026/06/02",2623,"3 Beds","Apartment"
"1801 Chestnut Pl, Denver, CO 80202","2026/06/02",1626,"Studio","Apartment"
"1801 Chestnut Pl, Denver, CO 80202","2026/06/02",1841,"1 Bed","Apartment"
"1801 Chestnut Pl, Denver, CO 80202","2026/06/02",1542,"2 Beds","Apartment"
"1516-1552 Xavier St, Denver, CO 80204","2026/06/02",1170,"Studio","Apartment"
"1516-1552 Xavier St, Denver, CO 80204","2026/06/02",1299,"1 Bed","Apartment"
"1516-1552 Xavier St, Denver, CO 80204","2026/06/02",1910,"2 Beds","Apartment"
"2280 S Monaco Pky, Denver, CO 80222","2026/06/02",906,"1 Bed","Apartment"
"2280 S Monaco Pky, Denver, CO 80222","2026/06/02",1340,"2 Beds","Apartment"
"1290 Washington St, Denver, CO 80203","2026/06/02",929,"Studio","Apartment"
"1290 Washington St, Denver, CO 80203","2026/06/02",959,"1 Bed","Apartment"
"1090 S Parker Rd, Denver, CO 80231","2026/06/02",839,"Studio","Apartment"
"1090 S Parker Rd, Denver, CO 80231","2026/06/02",939,"1 Bed","Apartment"
"1090 S Parker Rd, Denver, CO 80231","2026/06/02",1039,"2 Beds","Apartment"
"2091 S Gilpin St, Denver, CO 80210","2026/06/02",1700,"Studio","Apartment"
"2091 S Gilpin St, Denver, CO 80210","2026/06/02",1970,"1 Bed","Apartment"
"2091 S Gilpin St, Denver, CO 80210","2026/06/02",2720,"2 Beds","Apartment"
"180 W 10th Ave, Denver, CO 80204","2026/06/02",1410,"Studio","Apartment"
"180 W 10th Ave, Denver, CO 80204","2026/06/02",1670,"1 Bed","Apartment"
"180 W 10th Ave, Denver, CO 80204","2026/06/02",2585,"2 Beds","Apartment"
"5256 N Federal Blvd, Denver, CO 80221","2026/06/02",1450,"1 Bed","Apartment"
"5256 N Federal Blvd, Denver, CO 80221","2026/06/02",2450,"2 Beds","Apartment"
"5360-5380 Zuni St, Denver, CO 80221","2026/06/02",1199,"2 Beds",NA
"12175 Albrook Dr, Denver, CO 80239","2026/06/02",990,"1 Bed","Apartment"
"12175 Albrook Dr, Denver, CO 80239","2026/06/02",1100,"2 Beds","Apartment"
"8400 E Yale Ave, Denver, CO 80231","2026/06/02",1395,"2 Beds",NA
"10251 Zuni St, Denver, CO 80260","2026/06/02",1325,"1 Bed","Apartment"
"10251 Zuni St, Denver, CO 80260","2026/06/02",1595,"2 Beds","Apartment"
"5959 N Dunkirk St, Denver, CO 80249","2026/06/02",1675,"2 Beds","Apartment"
"5959 N Dunkirk St, Denver, CO 80249","2026/06/02",1949,"3 Beds","Apartment"
"3550 S Kendall St, Denver, CO 80235","2026/06/02",1199,"1 Bed","Apartment"
"3550 S Kendall St, Denver, CO 80235","2026/06/02",1499,"2 Beds","Apartment"
"1375 E Hampden Ave, Englewood, CO 80113","2026/06/02",1428,"Studio","Apartment"
"1375 E Hampden Ave, Englewood, CO 80113","2026/06/02",1715,"1 Bed","Apartment"
"1375 E Hampden Ave, Englewood, CO 80113","2026/06/02",2375,"2 Beds","Apartment"
"5335 S Valentia Way, Greenwood Village, CO 80111","2026/06/02",1352,"1 Bed","Apartment"
"5335 S Valentia Way, Greenwood Village, CO 80111","2026/06/02",1815,"2 Beds","Apartment"
"5335 S Valentia Way, Greenwood Village, CO 80111","2026/06/02",2551,"3 Beds","Apartment"
"4957 S Prince Ct, Littleton, CO 80123","2026/06/02",1525,"Studio","Apartment"
"4957 S Prince Ct, Littleton, CO 80123","2026/06/02",1495,"1 Bed","Apartment"
"4957 S Prince Ct, Littleton, CO 80123","2026/06/02",1780,"2 Beds","Apartment"
"4585 Yukon Ct, Wheat Ridge, CO 80033","2026/06/02",1495,"2 Beds","Apartment"
"4585 Yukon Ct, Wheat Ridge, CO 80033","2026/06/02",1895,"3 Beds","Apartment"
"357 S Bannock St, Denver, CO 80223","2026/06/02",1630,"Studio","Apartment"
"357 S Bannock St, Denver, CO 80223","2026/06/02",1894,"1 Bed","Apartment"
"357 S Bannock St, Denver, CO 80223","2026/06/02",2441,"2 Beds+","Apartment"
"500 W Cedar Ave, Denver, CO 80223","2026/06/02",1776,"1 Bed","Apartment"
"500 W Cedar Ave, Denver, CO 80223","2026/06/02",2850,"2 Beds","Apartment"
"10400 E 29th Dr, Denver, CO 80238","2026/06/02",1704,"1 Bed","Apartment"
"10400 E 29th Dr, Denver, CO 80238","2026/06/02",1925,"2 Beds","Apartment"
"55 N Cook St, Denver, CO 80206","2026/06/02",1888,"Studio","Apartment"
"55 N Cook St, Denver, CO 80206","2026/06/02",2310,"1 Bed","Apartment"
"55 N Cook St, Denver, CO 80206","2026/06/02",3480,"2 Beds","Apartment"
"1975 19th St, Denver, CO 80202","2026/06/02",1779,"Studio","Apartment"
"1975 19th St, Denver, CO 80202","2026/06/02",2070,"1 Bed","Apartment"
"1975 19th St, Denver, CO 80202","2026/06/02",3035,"2 Beds+","Apartment"
"1650 N Raleigh St, Denver, CO 80204","2026/06/02",2078,"Studio","Apartment"
"1650 N Raleigh St, Denver, CO 80204","2026/06/02",2277,"1 Bed","Apartment"
"1650 N Raleigh St, Denver, CO 80204","2026/06/02",3439,"2 Beds","Apartment"
"651 W 42nd Ave, Denver, CO 80216","2026/06/02",1646,"Studio","Apartment"
"651 W 42nd Ave, Denver, CO 80216","2026/06/02",1687,"1 Bed","Apartment"
"651 W 42nd Ave, Denver, CO 80216","2026/06/02",3027,"2 Beds","Apartment"
"8001 E 11th Ave, Denver, CO 80220","2026/06/02",1502,"1 Bed","Apartment"
"8001 E 11th Ave, Denver, CO 80220","2026/06/02",2089,"2 Beds","Apartment"
NA,NA,NA,NA,NA
"9649 E 5th Ave, Denver, CO 80230","2026/06/02",1893,"1 Bed","Apartment"
"9649 E 5th Ave, Denver, CO 80230","2026/06/02",2257,"2 Beds","Apartment"
"9649 E 5th Ave, Denver, CO 80230","2026/06/02",2963,"3 Beds","Apartment"
"909 Bannock St, Denver, CO 80204","2026/06/02",1721,"Studio","Apartment"
"909 Bannock St, Denver, CO 80204","2026/06/02",2038,"1 Bed","Apartment"
"909 Bannock St, Denver, CO 80204","2026/06/02",3672,"2 Beds","Apartment"
"2190 E 11th Ave, Denver, CO 80206","2026/06/02",2090,"Studio","Apartment"
"2190 E 11th Ave, Denver, CO 80206","2026/06/02",2425,"1 Bed","Apartment"
"2190 E 11th Ave, Denver, CO 80206","2026/06/02",3113,"2 Beds","Apartment"
"1756 N Clarkson St, Denver, CO 80218","2026/06/02",1424,"1 Bed","Apartment"
"1756 N Clarkson St, Denver, CO 80218","2026/06/02",2275,"2 Beds","Apartment"
"4665 S Monaco St, Denver, CO 80237","2026/06/02",1571,"1 Bed","Apartment"
"4665 S Monaco St, Denver, CO 80237","2026/06/02",2133,"2 Beds","Apartment"
"3390 W Alameda Ave, Denver, CO 80219","2026/06/02",1199,"1 Bed","Apartment"
"3390 W Alameda Ave, Denver, CO 80219","2026/06/02",1399,"2 Beds","Apartment"
"3390 W Alameda Ave, Denver, CO 80219","2026/06/02",1936,"3 Beds","Apartment"
"1590 Yates St, Denver, CO 80204","2026/06/02",1235,"Studio","Apartment"
"1590 Yates St, Denver, CO 80204","2026/06/02",1240,"1 Bed","Apartment"
"1590 Yates St, Denver, CO 80204","2026/06/02",1902,"2 Beds","Apartment"
"1650 Wewatta St, Denver, CO 80202","2026/06/02",1399,"Studio","Apartment"
"1650 Wewatta St, Denver, CO 80202","2026/06/02",1649,"1 Bed","Apartment"
"1650 Wewatta St, Denver, CO 80202","2026/06/02",3047,"2 Beds","Apartment"
"3550 W 38th Ave, Denver, CO 80211","2026/06/02",1433,"Studio","Apartment"
"3550 W 38th Ave, Denver, CO 80211","2026/06/02",1980,"1 Bed","Apartment"
"18799 E 65th Ave, Denver, CO 80249","2026/06/02",1632,"1 Bed","Apartment"
"18799 E 65th Ave, Denver, CO 80249","2026/06/02",2155,"2 Beds","Apartment"
"18799 E 65th Ave, Denver, CO 80249","2026/06/02",2592,"3 Beds","Apartment"
"6900-7100 E Evans Ave, Denver, CO 80224","2026/06/02",901,"1 Bed","Apartment"
"6900-7100 E Evans Ave, Denver, CO 80224","2026/06/02",1206,"2 Beds","Apartment"
"4400 S Monaco St, Denver, CO 80237","2026/06/02",1636,"1 Bed","Apartment"
"4400 S Monaco St, Denver, CO 80237","2026/06/02",2184,"2 Beds","Apartment"
"1550 Raleigh St, Denver, CO 80204","2026/06/02",1384,"Studio","Apartment"
"1550 Raleigh St, Denver, CO 80204","2026/06/02",1552,"1 Bed","Apartment"
"9990 E Harvard Ave, Denver, CO 80231","2026/06/02",1242,"Studio","Apartment"
"9990 E Harvard Ave, Denver, CO 80231","2026/06/02",1351,"1 Bed","Apartment"
"9990 E Harvard Ave, Denver, CO 80231","2026/06/02",1758,"2 Beds","Apartment"
"6750 E Chenango Ave, Denver, CO 80237","2026/06/02",1427,"Studio","Apartment"
"6750 E Chenango Ave, Denver, CO 80237","2026/06/02",1678,"1 Bed","Apartment"
"6750 E Chenango Ave, Denver, CO 80237","2026/06/02",2555,"2 Beds","Apartment"
"17770 E 64th Ave, Denver, CO 80249","2026/06/02",1544,"Studio","Apartment"
"17770 E 64th Ave, Denver, CO 80249","2026/06/02",1740,"1 Bed","Apartment"
"17770 E 64th Ave, Denver, CO 80249","2026/06/02",2102,"2 Beds+","Apartment"
"1010 S Oneida St, Denver, CO 80224","2026/06/02",1599,"1 Bed","Apartment"
"1010 S Oneida St, Denver, CO 80224","2026/06/02",1788,"2 Beds","Apartment"
"4380 S Monaco St, Denver, CO 80237","2026/06/02",1354,"Studio","Apartment"
"4380 S Monaco St, Denver, CO 80237","2026/06/02",1560,"1 Bed","Apartment"
"4380 S Monaco St, Denver, CO 80237","2026/06/02",2114,"2 Beds","Apartment"
"2950 Arkins Ct, Denver, CO 80216","2026/06/02",1378,"Studio","Apartment"
"2950 Arkins Ct, Denver, CO 80216","2026/06/02",1625,"1 Bed","Apartment"
"2950 Arkins Ct, Denver, CO 80216","2026/06/02",2579,"2 Beds","Apartment"
"1490 Delgany St, Denver, CO 80202","2026/06/02",1530,"Studio","Apartment"
"1490 Delgany St, Denver, CO 80202","2026/06/02",1605,"1 Bed","Apartment"
"1490 Delgany St, Denver, CO 80202","2026/06/02",2782,"2 Beds","Apartment"
"6950 E Chenango Ave, Denver, CO 80237","2026/06/02",1320,"Studio","Apartment"
"6950 E Chenango Ave, Denver, CO 80237","2026/06/02",1475,"1 Bed","Apartment"
"6950 E Chenango Ave, Denver, CO 80237","2026/06/02",2436,"2 Beds+","Apartment"
"90 S Logan St, Denver, CO 80209","2026/06/02",1821,"1 Bed","Apartment"
"90 S Logan St, Denver, CO 80209","2026/06/02",2421,"2 Beds","Apartment"
"90 S Logan St, Denver, CO 80209","2026/06/02",3321,"3 Beds","Apartment"
"350 S Jackson St, Denver, CO 80209","2026/06/02",1423,"Studio","Apartment"
"350 S Jackson St, Denver, CO 80209","2026/06/02",1920,"1 Bed","Apartment"
"350 S Jackson St, Denver, CO 80209","2026/06/02",2554,"2 Beds","Apartment"
"360 S Monroe St, Denver, CO 80209","2026/06/02",1733,"Studio","Apartment"
"360 S Monroe St, Denver, CO 80209","2026/06/02",1733,"1 Bed","Apartment"
"360 S Monroe St, Denver, CO 80209","2026/06/02",2731,"2 Beds","Apartment"
"2101 Market St, Denver, CO 80205","2026/06/02",1411,"Studio","Apartment"
"2101 Market St, Denver, CO 80205","2026/06/02",1750,"1 Bed","Apartment"
"2101 Market St, Denver, CO 80205","2026/06/02",2125,"2 Beds","Apartment"
"3400 S Lowell Blvd, Denver, CO 80236","2026/06/02",1494,"1 Bed","Apartment"
"3400 S Lowell Blvd, Denver, CO 80236","2026/06/02",1763,"2 Beds","Apartment"
"1515 Vrain St, Denver, CO 80204","2026/06/02",1194,"",NA
"1550 Platte St, Denver, CO 80202","2026/06/02",1822,"Studio","Apartment"
"1550 Platte St, Denver, CO 80202","2026/06/02",2002,"1 Bed","Apartment"
"1550 Platte St, Denver, CO 80202","2026/06/02",2651,"2 Beds","Apartment"
"2975 Huron St, Denver, CO 80202","2026/06/02",1412,"Studio","Apartment"
"2975 Huron St, Denver, CO 80202","2026/06/02",1584,"1 Bed","Apartment"
"2975 Huron St, Denver, CO 80202","2026/06/02",2604,"2 Beds+","Apartment"
"4343 E Arkansas Ave, Denver, CO 80222","2026/06/02",1100,"Studio","Apartment"
"4343 E Arkansas Ave, Denver, CO 80222","2026/06/02",1253,"1 Bed","Apartment"
"4343 E Arkansas Ave, Denver, CO 80222","2026/06/02",1517,"2 Beds","Apartment"
"18490 E 51st Ave, Denver, CO 80249","2026/06/02",1552,"1 Bed","Apartment"
"18490 E 51st Ave, Denver, CO 80249","2026/06/02",1980,"2 Beds","Apartment"
"18490 E 51st Ave, Denver, CO 80249","2026/06/02",2594,"3 Beds","Apartment"
"777 E 17th Ave, Denver, CO 80203","2026/06/02",1693,"Studio","Apartment"
"777 E 17th Ave, Denver, CO 80203","2026/06/02",1942,"1 Bed","Apartment"
"777 E 17th Ave, Denver, CO 80203","2026/06/02",2643,"2 Beds","Apartment"
"8008 Montview Blvd, Denver, CO 80220","2026/06/02",1019,"1 Bed","Apartment"
"8008 Montview Blvd, Denver, CO 80220","2026/06/02",1410,"2 Beds","Apartment"
"2905 Inca St, Denver, CO 80202","2026/06/02",1403,"1 Bed","Apartment"
"2905 Inca St, Denver, CO 80202","2026/06/02",2272,"2 Beds","Apartment"
"1501 S Acoma St, Denver, CO 80223","2026/06/02",1576,"1 Bed","Apartment"
"1501 S Acoma St, Denver, CO 80223","2026/06/02",1802,"2 Beds","Apartment"
"1250 Cherokee St, Denver, CO 80204","2026/06/02",1460,"Studio","Apartment"
"1250 Cherokee St, Denver, CO 80204","2026/06/02",1560,"1 Bed","Apartment"
"1250 Cherokee St, Denver, CO 80204","2026/06/02",2585,"2 Beds","Apartment"
"2570 S Dayton Way, Denver, CO 80231","2026/06/02",971,"Studio","Apartment"
"2570 S Dayton Way, Denver, CO 80231","2026/06/02",1152,"1 Bed","Apartment"
"2570 S Dayton Way, Denver, CO 80231","2026/06/02",1609,"2 Beds","Apartment"
"1620 Grant St, Denver, CO 80203","2026/06/02",830,"Studio","Apartment"
"1620 Grant St, Denver, CO 80203","2026/06/02",1090,"1 Bed","Apartment"
"2900 E 16th Ave, Denver, CO 80206","2026/06/02",1573,"Studio","Apartment"
"2900 E 16th Ave, Denver, CO 80206","2026/06/02",1713,"1 Bed","Apartment"
"2900 E 16th Ave, Denver, CO 80206","2026/06/02",2308,"2 Beds+","Apartment"
"6609 E Warren Ave, Denver, CO 80224","2026/06/02",1427,"Studio","Apartment"
"6609 E Warren Ave, Denver, CO 80224","2026/06/02",1602,"1 Bed","Apartment"
"6609 E Warren Ave, Denver, CO 80224","2026/06/02",2097,"2 Beds+","Apartment"
"1001 E Bayaud Ave, Denver, CO 80209","2026/06/02",1360,"Studio","Apartment"
"1001 E Bayaud Ave, Denver, CO 80209","2026/06/02",1649,"1 Bed","Apartment"
"1001 E Bayaud Ave, Denver, CO 80209","2026/06/02",2084,"2 Beds","Apartment"
"828 17th St, Denver, CO 80202","2026/06/02",1320,"1 Bed","Apartment"
"828 17th St, Denver, CO 80202","2026/06/02",2045,"2 Beds","Apartment"
"2300 Welton St, Denver, CO 80205","2026/06/02",1075,"Studio","Apartment"
"2300 Welton St, Denver, CO 80205","2026/06/02",1100,"1 Bed","Apartment"
"2300 Welton St, Denver, CO 80205","2026/06/02",1350,"2 Beds+","Apartment"
"2699 W 10th Ave, Denver, CO 80204","2026/06/02",1539,"1 Bed","Apartment"
"2699 W 10th Ave, Denver, CO 80204","2026/06/02",1646,"2 Beds","Apartment"
"2470 S Quebec St, Denver, CO 80231","2026/06/02",939,"Studio","Apartment"
"2470 S Quebec St, Denver, CO 80231","2026/06/02",979,"1 Bed","Apartment"
"2470 S Quebec St, Denver, CO 80231","2026/06/02",1217,"2 Beds","Apartment"
"7300-7500 E Harvard Ave, Denver, CO 80231","2026/06/02",922,"Studio","Apartment"
"7300-7500 E Harvard Ave, Denver, CO 80231","2026/06/02",989,"1 Bed","Apartment"
"7300-7500 E Harvard Ave, Denver, CO 80231","2026/06/02",1091,"2 Beds","Apartment"
"243 W 80th Ave, Denver, CO 80221","2026/06/02",1350,"Studio","Apartment"
"243 W 80th Ave, Denver, CO 80221","2026/06/02",1445,"1 Bed","Apartment"
"243 W 80th Ave, Denver, CO 80221","2026/06/02",850,"2 Beds","Apartment"
"8330 E Quincy Ave, Denver, CO 80237","2026/06/02",1414,"1 Bed","Apartment"
"8330 E Quincy Ave, Denver, CO 80237","2026/06/02",1615,"2 Beds","Apartment"
"2330 Broadway, Denver, CO 80205","2026/06/02",1150,"Studio","Apartment"
"2330 Broadway, Denver, CO 80205","2026/06/02",1150,"1 Bed","Apartment"
"2330 Broadway, Denver, CO 80205","2026/06/02",1600,"2 Beds","Apartment"
NA,NA,NA,NA,NA
"1300 S Willow St, Denver, CO 80247","2026/06/02",1425,"1 Bed","Apartment"
"1300 S Willow St, Denver, CO 80247","2026/06/02",1915,"2 Beds","Apartment"
NA,NA,NA,NA,NA
"2800 S Syracuse Way, Denver, CO 80231","2026/06/02",1439,"1 Bed","Apartment"
"2800 S Syracuse Way, Denver, CO 80231","2026/06/02",1899,"2 Beds","Apartment"
"1211 S Quebec Way, Denver, CO 80231","2026/06/02",1199,"1 Bed","Apartment"
"1211 S Quebec Way, Denver, CO 80231","2026/06/02",1429,"2 Beds","Apartment"
"8965 E Florida Ave, Denver, CO 80247","2026/06/02",1309,"1 Bed","Apartment"
"8965 E Florida Ave, Denver, CO 80247","2026/06/02",1569,"2 Beds","Apartment"
NA,NA,NA,NA,NA
"4982 S Ulster St, Denver, CO 80237","2026/06/02",1195,"Studio","Apartment"
"4982 S Ulster St, Denver, CO 80237","2026/06/02",1535,"1 Bed","Apartment"
"4982 S Ulster St, Denver, CO 80237","2026/06/02",1735,"2 Beds","Apartment"
"4255 Kittredge St, Denver, CO 80239","2026/06/02",1509,"1 Bed","Apartment"
"4255 Kittredge St, Denver, CO 80239","2026/06/02",1809,"2 Beds","Apartment"
"4255 Kittredge St, Denver, CO 80239","2026/06/02",2399,"3 Beds","Apartment"
"1000 S Broadway St, Denver, CO 80209","2026/06/02",1599,"1 Bed","Apartment"
"1000 S Broadway St, Denver, CO 80209","2026/06/02",2309,"2 Beds","Apartment"
"2049 S Columbine St, Denver, CO 80210","2026/06/02",1530,"2 Beds",NA
"9998 W Jewell Ave, Denver, CO 80232","2026/06/02",1313,"2 Beds",NA
"1531 Stout St, Denver, CO 80202","2026/06/02",1539,"1 Bed","Apartment"
"1531 Stout St, Denver, CO 80202","2026/06/02",1429,"2 Beds","Apartment"
"8500 E Mississippi Ave, Denver, CO 80247","2026/06/02",2685,"2 Beds","Apartment"
"8500 E Mississippi Ave, Denver, CO 80247","2026/06/02",2490,"3 Beds","Apartment"
"1250 S Dayton Ct, Denver, CO 80247","2026/06/02",1399,"1 Bed","Apartment"
"1250 S Dayton Ct, Denver, CO 80247","2026/06/02",1699,"2 Beds","Apartment"
"1250 S Dayton Ct, Denver, CO 80247","2026/06/02",2499,"3 Beds","Apartment"
"17626 E 43rd Ave, Denver, CO 80249","2026/06/02",2312,"1 Bed","Apartment"
"17626 E 43rd Ave, Denver, CO 80249","2026/06/02",2770,"2 Beds","Apartment"
"17626 E 43rd Ave, Denver, CO 80249","2026/06/02",3030,"3 Beds","Apartment"
"77 S Adams St, Denver, CO 80209","2026/06/02",2145,"3 Beds",NA
"1800 W 85th Ave, Denver, CO 80260","2026/06/02",1150,"1 Bed","Apartment"
"1800 W 85th Ave, Denver, CO 80260","2026/06/02",1427,"2 Beds","Apartment"
"4015 W 16th Ave, Denver, CO 80204","2026/06/02",1310,"Studio","Apartment"
"4015 W 16th Ave, Denver, CO 80204","2026/06/02",1250,"1 Bed","Apartment"
"4015 W 16th Ave, Denver, CO 80204","2026/06/02",1550,"2 Beds","Apartment"
"988 Bryant St, Denver, CO 80204","2026/06/02",1975,"2 Beds",NA
NA,NA,NA,NA,NA
"12444 Albrook Dr, Denver, CO 80239","2026/06/02",788,"2 Beds",NA
"9896 E Louisiana Dr, Aurora, CO 80247","2026/06/02",1250,"1 Bed","Apartment"
"9896 E Louisiana Dr, Aurora, CO 80247","2026/06/02",1600,"2 Beds","Apartment"
"1801 E Girard Pl, Englewood, CO 80113","2026/06/02",1847,"2 Beds","Apartment"
"1801 E Girard Pl, Englewood, CO 80113","2026/06/02",2604,"3 Beds","Apartment"
"4801 S Wadsworth Blvd, Littleton, CO 80123","2026/06/02",1539,"1 Bed","Apartment"
"4801 S Wadsworth Blvd, Littleton, CO 80123","2026/06/02",2015,"2 Beds","Apartment"
"9097 W Cross Dr, Littleton, CO 80123","2026/06/02",1695,"1 Bed","Apartment"
"9097 W Cross Dr, Littleton, CO 80123","2026/06/02",1824,"2 Beds","Apartment"
"4700 E Kentucky Ave, Glendale, CO 80246","2026/06/02",1588,"1 Bed","Apartment"
"4700 E Kentucky Ave, Glendale, CO 80246","2026/06/02",2355,"2 Beds","Apartment"
"801-901 Englewood Pky, Englewood, CO 80110","2026/06/02",1487,"Studio","Apartment"
"801-901 Englewood Pky, Englewood, CO 80110","2026/06/02",1486,"1 Bed","Apartment"
"801-901 Englewood Pky, Englewood, CO 80110","2026/06/02",1724,"2 Beds+","Apartment"
"5400 S Park Terrace Ave, Greenwood Village, CO 80111","2026/06/02",2463,"1 Bed","Apartment"
"5400 S Park Terrace Ave, Greenwood Village, CO 80111","2026/06/02",3045,"2 Beds","Apartment"
NA,NA,NA,NA,NA
"7555 E Peakview Ave, Englewood, CO 80111","2026/06/02",1548,"1 Bed","Apartment"
"7555 E Peakview Ave, Englewood, CO 80111","2026/06/02",2161,"2 Beds","Apartment"
NA,NA,NA,NA,NA
"5200 S Ulster St, Greenwood Village, CO 80111","2026/06/02",1527,"1 Bed","Apartment"
"5200 S Ulster St, Greenwood Village, CO 80111","2026/06/02",2124,"2 Beds","Apartment"
"5200 S Ulster St, Greenwood Village, CO 80111","2026/06/02",3799,"3 Beds","Apartment"
"3021 S Galapago St, Englewood, CO 80110","2026/06/02",1552,"Studio","Apartment"
"3021 S Galapago St, Englewood, CO 80110","2026/06/02",1619,"1 Bed","Apartment"
"3021 S Galapago St, Englewood, CO 80110","2026/06/02",2216,"2 Beds","Apartment"
"7410 W Warren Cir, Lakewood, CO 80227","2026/06/02",1627,"1 Bed","Apartment"
"7410 W Warren Cir, Lakewood, CO 80227","2026/06/02",2254,"2 Beds","Apartment"
"7410 W Warren Cir, Lakewood, CO 80227","2026/06/02",3067,"3 Beds","Apartment"
"10901 E Garden Dr, Aurora, CO 80012","2026/06/02",1528,"1 Bed","Apartment"
"10901 E Garden Dr, Aurora, CO 80012","2026/06/02",2052,"2 Beds","Apartment"
"10901 E Garden Dr, Aurora, CO 80012","2026/06/02",2475,"3 Beds","Apartment"
"5500 DTC Pky, Greenwood Village, CO 80111","2026/06/02",2004,"1 Bed","Apartment"
"5500 DTC Pky, Greenwood Village, CO 80111","2026/06/02",2129,"2 Beds","Apartment"
"10785 E Exposition Ave, Aurora, CO 80012","2026/06/02",945,"Studio","Apartment"
"10785 E Exposition Ave, Aurora, CO 80012","2026/06/02",943,"1 Bed","Apartment"
"10785 E Exposition Ave, Aurora, CO 80012","2026/06/02",1247,"2 Beds","Apartment"
"9757 E Colorado Ave, Aurora, CO 80247","2026/06/02",1096,"1 Bed","Apartment"
"9757 E Colorado Ave, Aurora, CO 80247","2026/06/02",1634,"2 Beds","Apartment"
"7700 E Peakview Ave, Centennial, CO 80111","2026/06/02",1519,"Studio","Apartment"
"7700 E Peakview Ave, Centennial, CO 80111","2026/06/02",1864,"1 Bed","Apartment"
"7700 E Peakview Ave, Centennial, CO 80111","2026/06/02",2195,"2 Beds","Apartment"
"3465 S Gaylord Ct, Englewood, CO 80113","2026/06/02",1855,"1 Bed","Apartment"
"3465 S Gaylord Ct, Englewood, CO 80113","2026/06/02",2631,"2 Beds","Apartment"
"3465 S Gaylord Ct, Englewood, CO 80113","2026/06/02",4133,"3 Beds","Apartment"
"291 W Belleview Ave, Englewood, CO 80110","2026/06/02",1041,"1 Bed","Apartment"
"291 W Belleview Ave, Englewood, CO 80110","2026/06/02",1687,"2 Beds","Apartment"
"640-740 E Jefferson Ave, Englewood, CO 80113","2026/06/02",985,"Studio","Apartment"
"640-740 E Jefferson Ave, Englewood, CO 80113","2026/06/02",1069,"1 Bed","Apartment"
"700 S Reed Ct, Lakewood, CO 80226","2026/06/02",1147,"1 Bed","Apartment"
"700 S Reed Ct, Lakewood, CO 80226","2026/06/02",1483,"2 Beds","Apartment"
"700 S Reed Ct, Lakewood, CO 80226","2026/06/02",1773,"3 Beds","Apartment"
"6748 S Webster St, Littleton, CO 80128","2026/06/02",1399,"1 Bed","Apartment"
"6748 S Webster St, Littleton, CO 80128","2026/06/02",1699,"2 Beds","Apartment"
"6748 S Webster St, Littleton, CO 80128","2026/06/02",1999,"3 Beds","Apartment"
"10550 E Iowa Ave, Aurora, CO 80012","2026/06/02",1399,"1 Bed","Apartment"
"10550 E Iowa Ave, Aurora, CO 80012","2026/06/02",1979,"2 Beds","Apartment"
"3500 S Sherman St, Englewood, CO 80113","2026/06/02",1236,"Studio","Apartment"
"3500 S Sherman St, Englewood, CO 80113","2026/06/02",1322,"1 Bed","Apartment"
"3500 S Sherman St, Englewood, CO 80113","2026/06/02",1346,"2 Beds","Apartment"
"6155 S Ammons Way, Littleton, CO 80123","2026/06/02",1900,"1 Bed","Apartment"
"6155 S Ammons Way, Littleton, CO 80123","2026/06/02",2500,"2 Beds","Apartment"
"7846 W Mansfield Pky, Lakewood, CO 80235","2026/06/02",1469,"1 Bed","Apartment"
"7846 W Mansfield Pky, Lakewood, CO 80235","2026/06/02",1799,"2 Beds","Apartment"
"7846 W Mansfield Pky, Lakewood, CO 80235","2026/06/02",2469,"3 Beds","Apartment"
"7875 W Mansfield Pky, Lakewood, CO 80235","2026/06/02",1459,"1 Bed","Apartment"
"7875 W Mansfield Pky, Lakewood, CO 80235","2026/06/02",1448,"2 Beds","Apartment"
"259 S Teller St, Lakewood, CO 80226","2026/06/02",1223,"1 Bed","Apartment"
"259 S Teller St, Lakewood, CO 80226","2026/06/02",1771,"2 Beds","Apartment"
"1401 E Girard Pl, Englewood, CO 80113","2026/06/02",1299,"1 Bed","Apartment"
"1401 E Girard Pl, Englewood, CO 80113","2026/06/02",1599,"2 Beds","Apartment"
"1401 E Girard Pl, Englewood, CO 80113","2026/06/02",1999,"3 Beds","Apartment"
"6230 Glencoe St, Commerce City, CO 80022","2026/06/02",3026,"3 Beds","Apartment"
"6230 Glencoe St, Commerce City, CO 80022","2026/06/02",3026,"4 Beds","Apartment"
NA,NA,NA,NA,NA
"1324 Xanadu St, Aurora, CO 80011","2026/06/02",1505,"1 Bed","Apartment"
"1324 Xanadu St, Aurora, CO 80011","2026/06/02",1481,"2 Beds","Apartment"
"8201-8203 W 9th Ave, Lakewood, CO 80214","2026/06/02",1445,"2 Beds","Apartment"
"8201-8203 W 9th Ave, Lakewood, CO 80214","2026/06/02",1740,"3 Beds","Apartment"
NA,NA,NA,NA,NA
"7791-7797 W 52nd Ave, Arvada, CO 80002","2026/06/02",1325,"1 Bed","Apartment"
"7791-7797 W 52nd Ave, Arvada, CO 80002","2026/06/02",1650,"2 Beds","Apartment"
"1700 Pierce St, Lakewood, CO 80214","2026/06/02",1051,"1 Bed","Apartment"
"1700 Pierce St, Lakewood, CO 80214","2026/06/02",1576,"2 Beds","Apartment"
"1450 Lamar St, Lakewood, CO 80214","2026/06/02",975,"Studio","Apartment"
"1450 Lamar St, Lakewood, CO 80214","2026/06/02",950,"1 Bed","Apartment"
"5800 W Alameda Ave, Lakewood, CO 80226","2026/06/02",1471,"Studio","Apartment"
"5800 W Alameda Ave, Lakewood, CO 80226","2026/06/02",788,"1 Bed","Apartment"
"5800 W Alameda Ave, Lakewood, CO 80226","2026/06/02",1261,"2 Beds+","Apartment"
"6150 W 13th Ave, Lakewood, CO 80214","2026/06/02",788,"1 Bed","Apartment"
"6150 W 13th Ave, Lakewood, CO 80214","2026/06/02",945,"2 Beds","Apartment"
"6150 W 13th Ave, Lakewood, CO 80214","2026/06/02",1093,"3 Beds","Apartment"
"12100 E Colfax Ave, Aurora, CO 80011","2026/06/02",788,"1 Bed","Apartment"
"12100 E Colfax Ave, Aurora, CO 80011","2026/06/02",945,"2 Beds","Apartment"
"4290 Knox Ct, Denver, CO 80211","2026/06/02",845,"2 Beds","Room"
"3800 Adams St, Denver, CO 80205","2026/06/02",665,"2 Beds","Room"
"942 Lipan St, Denver, CO 80204","2026/06/02",3660,"2 Beds","Room"
"1659 N Quebec St, Denver, CO 80220","2026/06/02",2650,"2 Beds","Room"
"4382 Chase St, Denver, CO 80212","2026/06/02",4200,"2 Beds","Room"
"480 S Vine St, Denver, CO 80209","2026/06/02",1585,"1 Bed","Apartment"
"480 S Vine St, Denver, CO 80209","2026/06/02",2030,"2 Beds","Apartment"
"2375 E Evans Ave, Denver, CO 80210","2026/06/02",772,"Studio","Apartment"
"2375 E Evans Ave, Denver, CO 80210","2026/06/02",1307,"1 Bed","Apartment"
"49 S Pearl St, Denver, CO 80209","2026/06/02",1060,"Studio","Apartment"
"49 S Pearl St, Denver, CO 80209","2026/06/02",1160,"1 Bed","Apartment"
"101 Grant St, Denver, CO 80203","2026/06/02",1045,"Studio","Apartment"
"101 Grant St, Denver, CO 80203","2026/06/02",1275,"1 Bed","Apartment"
"101 Grant St, Denver, CO 80203","2026/06/02",1740,"2 Beds","Apartment"
NA,NA,NA,NA,NA
"86 Grant St, Denver, CO 80203","2026/06/02",1160,"1 Bed","Apartment"
"86 Grant St, Denver, CO 80203","2026/06/02",1545,"2 Beds","Apartment"
NA,NA,NA,NA,NA
"15 Logan St, Denver, CO 80203","2026/06/02",1059,"1 Bed","Apartment"
"15 Logan St, Denver, CO 80203","2026/06/02",1320,"2 Beds","Apartment"
"66 S Clarkson St, Denver, CO 80209","2026/06/02",1080,"Studio","Apartment"
"66 S Clarkson St, Denver, CO 80209","2026/06/02",1475,"1 Bed","Apartment"
"2749 Walnut St, Denver, CO 80205","2026/06/02",1722,"1 Bed","Apartment"
"2749 Walnut St, Denver, CO 80205","2026/06/02",2472,"2 Beds","Apartment"
"1001 N Sherman St, Denver, CO 80203","2026/06/02",935,"Studio","Apartment"
"1001 N Sherman St, Denver, CO 80203","2026/06/02",1100,"1 Bed","Apartment"
"1001 N Sherman St, Denver, CO 80203","2026/06/02",1610,"2 Beds","Apartment"
"150 W 9th Ave, Denver, CO 80204","2026/06/02",1666,"Studio","Apartment"
"150 W 9th Ave, Denver, CO 80204","2026/06/02",1731,"1 Bed","Apartment"
"150 W 9th Ave, Denver, CO 80204","2026/06/02",2656,"2 Beds","Apartment"
"3418 Larimer St, Denver, CO 80205","2026/06/02",1180,"Studio","Apartment"
"3418 Larimer St, Denver, CO 80205","2026/06/02",1735,"1 Bed","Apartment"
"3418 Larimer St, Denver, CO 80205","2026/06/02",2310,"2 Beds","Apartment"
"1295 Race St, Denver, CO 80206","2026/06/02",1333,"Studio","Apartment"
"1295 Race St, Denver, CO 80206","2026/06/02",1939,"2 Beds","Apartment"
NA,NA,NA,NA,NA
"160 S Emerson St, Denver, CO 80209","2026/06/02",890,"Studio","Apartment"
"160 S Emerson St, Denver, CO 80209","2026/06/02",1260,"1 Bed","Apartment"
NA,NA,NA,NA,NA
NA,NA,NA,NA,NA
NA,NA,NA,NA,NA
"2120 Blake St, Denver, CO 80205","2026/06/02",1485,"Studio","Apartment"
"2120 Blake St, Denver, CO 80205","2026/06/02",1685,"1 Bed","Apartment"
"2120 Blake St, Denver, CO 80205","2026/06/02",3500,"2 Beds","Apartment"
"530 25th St, Denver, CO 80205","2026/06/02",1130,"Studio","Apartment"
"530 25th St, Denver, CO 80205","2026/06/02",1375,"1 Bed","Apartment"
"530 25th St, Denver, CO 80205","2026/06/02",1970,"2 Beds","Apartment"
"400 N Grant St, Denver, CO 80203","2026/06/02",1884,"Studio","Apartment"
"400 N Grant St, Denver, CO 80203","2026/06/02",2147,"1 Bed","Apartment"
"400 N Grant St, Denver, CO 80203","2026/06/02",3701,"2 Beds","Apartment"
"1235 Grant St, Denver, CO 80203","2026/06/02",1190,"Studio","Apartment"
"1235 Grant St, Denver, CO 80203","2026/06/02",1390,"1 Bed","Apartment"
"1235 Grant St, Denver, CO 80203","2026/06/02",1690,"2 Beds","Apartment"
"4470 E Jewell Ave, Denver, CO 80222","2026/06/02",999,"1 Bed","Apartment"
"4470 E Jewell Ave, Denver, CO 80222","2026/06/02",1449,"2 Beds","Apartment"
"7150 Montview Blvd, Denver, CO 80220","2026/06/02",1288,"1 Bed","Apartment"
"7150 Montview Blvd, Denver, CO 80220","2026/06/02",1500,"2 Beds","Apartment"
"7150 Montview Blvd, Denver, CO 80220","2026/06/02",1753,"3 Beds","Apartment"
"2680 Roslyn St, Denver, CO 80238","2026/06/02",1559,"1 Bed","Apartment"
"2680 Roslyn St, Denver, CO 80238","2026/06/02",1970,"2 Beds","Apartment"
"1000 Lincoln St, Denver, CO 80203","2026/06/02",940,"2 Beds",NA
"407-422 29th Ave, Denver, CO 80205","2026/06/02",1015,"1 Bed","Apartment"
"407-422 29th Ave, Denver, CO 80205","2026/06/02",1820,"3 Beds","Apartment"
"5155 E Yale Ave, Denver, CO 80222","2026/06/02",1273,"1 Bed","Apartment"
"5155 E Yale Ave, Denver, CO 80222","2026/06/02",1517,"2 Beds","Apartment"
"2680 18th St, Denver, CO 80211","2026/06/02",1667,"Studio","Apartment"
"2680 18th St, Denver, CO 80211","2026/06/02",2066,"1 Bed","Apartment"
"2680 18th St, Denver, CO 80211","2026/06/02",3066,"2 Beds","Apartment"
NA,NA,NA,NA,NA
NA,NA,NA,NA,NA
"1915 Sherman St, Denver, CO 80203","2026/06/02",805,"2 Beds",NA
"7500 Dakin St, Denver, CO 80221","2026/06/02",1120,"1 Bed","Apartment"
"7500 Dakin St, Denver, CO 80221","2026/06/02",1220,"2 Beds","Apartment"
"3125-3129 W Arkansas Ave, Denver, CO 80219","2026/06/02",879,"Studio","Apartment"
"3125-3129 W Arkansas Ave, Denver, CO 80219","2026/06/02",1031,"1 Bed","Apartment"
"3125-3129 W Arkansas Ave, Denver, CO 80219","2026/06/02",1394,"2 Beds+","Apartment"
"1255 19th St, Denver, CO 80202","2026/06/02",885,"Studio","Apartment"
"1255 19th St, Denver, CO 80202","2026/06/02",1050,"1 Bed","Apartment"
"1255 19th St, Denver, CO 80202","2026/06/02",1490,"2 Beds","Apartment"
"820 N Sherman St, Denver, CO 80203","2026/06/02",1255,"Studio","Apartment"
"820 N Sherman St, Denver, CO 80203","2026/06/02",2300,"2 Beds","Apartment"
"3446 S Akron St, Denver, CO 80231","2026/06/02",1241,"1 Bed","Apartment"
"3446 S Akron St, Denver, CO 80231","2026/06/02",1478,"2 Beds","Apartment"
"3446 S Akron St, Denver, CO 80231","2026/06/02",2295,"3 Beds","Apartment"
"1778 Gilpin St, Denver, CO 80218","2026/06/02",815,"Studio","Apartment"
"1778 Gilpin St, Denver, CO 80218","2026/06/02",1145,"1 Bed","Apartment"
"1777 Williams St, Denver, CO 80218","2026/06/02",840,"Studio","Apartment"
"1777 Williams St, Denver, CO 80218","2026/06/02",1045,"1 Bed","Apartment"
"6343 E Girard Pl, Denver, CO 80222","2026/06/02",1199,"1 Bed","Apartment"
"6343 E Girard Pl, Denver, CO 80222","2026/06/02",1767,"2 Beds","Apartment"
"6343 E Girard Pl, Denver, CO 80222","2026/06/02",2460,"3 Beds","Apartment"
"333 E 16th Ave, Denver, CO 80203","2026/06/02",895,"Studio","Apartment"
"333 E 16th Ave, Denver, CO 80203","2026/06/02",1095,"1 Bed","Apartment"
"4055 N Albion, Denver, CO 80216","2026/06/02",810,"1 Bed","Apartment"
"4055 N Albion, Denver, CO 80216","2026/06/02",972,"2 Beds","Apartment"
"4055 N Albion, Denver, CO 80216","2026/06/02",1872,"3 Beds","Apartment"
"1436 S Irving St, Denver, CO 80219","2026/06/02",941,"1 Bed","Apartment"
"1436 S Irving St, Denver, CO 80219","2026/06/02",1173,"2 Beds","Apartment"
"5120 N Broadway, Denver, CO 80216","2026/06/02",1299,"1 Bed","Apartment"
"5120 N Broadway, Denver, CO 80216","2026/06/02",1499,"2 Beds","Apartment"
"5120 N Broadway, Denver, CO 80216","2026/06/02",2371,"3 Beds","Apartment"
"120 E Grace Pl, Denver, CO 80221","2026/06/02",1299,"1 Bed","Apartment"
"120 E Grace Pl, Denver, CO 80221","2026/06/02",1599,"2 Beds","Apartment"
"120 E Grace Pl, Denver, CO 80221","2026/06/02",1999,"3 Beds","Apartment"
"2660 S Delaware St, Denver, CO 80223","2026/06/02",2600,"3 Beds",NA
"1161 W 69th Ave, Denver, CO 80221","2026/06/02",985,"Studio","Apartment"
"1161 W 69th Ave, Denver, CO 80221","2026/06/02",1000,"1 Bed","Apartment"
"1161 W 69th Ave, Denver, CO 80221","2026/06/02",1416,"2 Beds","Apartment"
"2775 S Federal Blvd, Denver, CO 80236","2026/06/02",875,"1 Bed","Apartment"
"2775 S Federal Blvd, Denver, CO 80236","2026/06/02",1099,"2 Beds","Apartment"
"2799 W 13th Ave, Denver, CO 80204","2026/06/02",1750,"2 Beds",NA
"2301-2395 W Virginia Ave, Denver, CO 80223","2026/06/02",999,"1 Bed","Apartment"
"2301-2395 W Virginia Ave, Denver, CO 80223","2026/06/02",1299,"2 Beds","Apartment"
"5190 N Broadway, Denver, CO 80216","2026/06/02",1299,"1 Bed","Apartment"
"5190 N Broadway, Denver, CO 80216","2026/06/02",1499,"2 Beds","Apartment"
"5190 N Broadway, Denver, CO 80216","2026/06/02",2035,"3 Beds+","Apartment"
"1170 Ash St, Denver, CO 80220","2026/06/02",1399,"1 Bed","Apartment"
"1170 Ash St, Denver, CO 80220","2026/06/02",1761,"2 Beds","Apartment"
"1170 Ash St, Denver, CO 80220","2026/06/02",2034,"3 Beds","Apartment"
"1510 N Valentia St, Denver, CO 80220","2026/06/02",1122,"1 Bed","Apartment"
"1510 N Valentia St, Denver, CO 80220","2026/06/02",1338,"2 Beds","Apartment"
"1510 N Valentia St, Denver, CO 80220","2026/06/02",1538,"3 Beds","Apartment"
"2449 S Colorado Blvd, Denver, CO 80222","2026/06/02",1499,"Studio","Apartment"
"2449 S Colorado Blvd, Denver, CO 80222","2026/06/02",999,"1 Bed","Apartment"
"2449 S Colorado Blvd, Denver, CO 80222","2026/06/02",1199,"2 Beds","Apartment"
"3270 W Colfax Ave, Denver, CO 80204","2026/06/02",1275,"Studio","Apartment"
"3270 W Colfax Ave, Denver, CO 80204","2026/06/02",1200,"1 Bed","Apartment"
"3270 W Colfax Ave, Denver, CO 80204","2026/06/02",1750,"3 Beds","Apartment"
"6900 W 25th Ave, Denver, CO 80214","2026/06/02",899,"Studio","Apartment"
"6900 W 25th Ave, Denver, CO 80214","2026/06/02",999,"1 Bed","Apartment"
"6900 W 25th Ave, Denver, CO 80214","2026/06/02",1399,"2 Beds+","Apartment"
"919 Alcott St, Denver, CO 80204","2026/06/02",1249,"1 Bed","Apartment"
"919 Alcott St, Denver, CO 80204","2026/06/02",1499,"2 Beds","Apartment"
"3401-3435 S Lincoln St, Englewood, CO 80113","2026/06/02",1250,"2 Beds",NA
"6066 Lamar St, Arvada, CO 80003","2026/06/02",1056,"Studio","Apartment"
"6066 Lamar St, Arvada, CO 80003","2026/06/02",1366,"1 Bed","Apartment"
"6066 Lamar St, Arvada, CO 80003","2026/06/02",1545,"2 Beds","Apartment"
"1470 S Havana St, Aurora, CO 80012","2026/06/02",1775,"1 Bed","Apartment"
"1470 S Havana St, Aurora, CO 80012","2026/06/02",2700,"2 Beds","Apartment"
NA,NA,NA,NA,NA
"9803 W Girton Dr, Lakewood, CO 80227","2026/06/02",1163,"1 Bed","Apartment"
"9803 W Girton Dr, Lakewood, CO 80227","2026/06/02",1474,"2 Beds","Apartment"
"1800 Billings St, Aurora, CO 80011","2026/06/02",999,"1 Bed","Apartment"
"1800 Billings St, Aurora, CO 80011","2026/06/02",1099,"2 Beds","Apartment"
"3205 W Floyd Ave, Englewood, CO 80110","2026/06/02",1143,"Studio","Apartment"
"3205 W Floyd Ave, Englewood, CO 80110","2026/06/02",1269,"1 Bed","Apartment"
"3205 W Floyd Ave, Englewood, CO 80110","2026/06/02",1614,"2 Beds","Apartment"
"151 S Joliet Cir, Aurora, CO 80012","2026/06/02",1122,"Studio","Apartment"
"151 S Joliet Cir, Aurora, CO 80012","2026/06/02",1344,"1 Bed","Apartment"
"151 S Joliet Cir, Aurora, CO 80012","2026/06/02",1729,"2 Beds+","Apartment"
NA,NA,NA,NA,NA
"6230 Glencoe St, Commerce City, CO 80022","2026/06/02",756,"Studio","Apartment"
"6230 Glencoe St, Commerce City, CO 80022","2026/06/02",810,"1 Bed","Apartment"
"6230 Glencoe St, Commerce City, CO 80022","2026/06/02",972,"2 Beds+","Apartment"
"3165 S Quari St, Aurora, CO 80014","2026/06/02",2102,"1 Bed","Apartment"
"3165 S Quari St, Aurora, CO 80014","2026/06/02",2522,"2 Beds","Apartment"
"3165 S Quari St, Aurora, CO 80014","2026/06/02",2915,"3 Beds","Apartment"
"7570 W Jewell Ave, Lakewood, CO 80232","2026/06/02",1400,"1 Bed","Apartment"
"7570 W Jewell Ave, Lakewood, CO 80232","2026/06/02",1700,"2 Beds","Apartment"
"8774-8784 W 46th Ave, Wheat Ridge, CO 80033","2026/06/02",1305,"2 Beds",NA
"700 W Belleview Ave, Englewood, CO 80110","2026/06/02",1246,"1 Bed","Apartment"
"700 W Belleview Ave, Englewood, CO 80110","2026/06/02",1650,"2 Beds","Apartment"
"7098 W Cedar Ave, Lakewood, CO 80226","2026/06/02",1325,"2 Beds",NA
"7937 W 54th Ave, Arvada, CO 80002","2026/06/02",1125,"Studio","Apartment"
"7937 W 54th Ave, Arvada, CO 80002","2026/06/02",1225,"1 Bed","Apartment"
"3650 Vance St, Wheat Ridge, CO 80033","2026/06/02",1350,"1 Bed","Apartment"
"3650 Vance St, Wheat Ridge, CO 80033","2026/06/02",1625,"2 Beds","Apartment"
"3488 W Quincy Ave, Englewood, CO 80110","2026/06/02",1349,"1 Bed","Apartment"
"3488 W Quincy Ave, Englewood, CO 80110","2026/06/02",1520,"2 Beds","Apartment"
"3488 W Quincy Ave, Englewood, CO 80110","2026/06/02",1950,"3 Beds","Apartment"
"919 S Peoria St, Aurora, CO 80012","2026/06/02",930,"Studio","Apartment"
"919 S Peoria St, Aurora, CO 80012","2026/06/02",875,"1 Bed","Apartment"
"919 S Peoria St, Aurora, CO 80012","2026/06/02",1199,"2 Beds","Apartment"
"1449 Emerson, Denver, CO 80218","2026/06/02",1255,"1 Bed","Apartment"
"1449 Emerson, Denver, CO 80218","2026/06/02",1330,"2 Beds","Apartment"
NA,NA,NA,NA,NA
"600-624 Pennsylvania St, Denver, CO 80203","2026/06/02",1100,"Studio","Apartment"
"600-624 Pennsylvania St, Denver, CO 80203","2026/06/02",1370,"1 Bed","Apartment"
"600-624 Pennsylvania St, Denver, CO 80203","2026/06/02",1630,"2 Beds","Apartment"
NA,NA,NA,NA,NA
"1580 Detroit St, Denver, CO 80206","2026/06/02",1217,"Studio","Apartment"
"1580 Detroit St, Denver, CO 80206","2026/06/02",1422,"1 Bed","Apartment"
"1580 Detroit St, Denver, CO 80206","2026/06/02",1627,"2 Beds","Apartment"
NA,NA,NA,NA,NA
NA,NA,NA,NA,NA
NA,NA,NA,NA,NA
NA,NA,NA,NA,NA
NA,NA,NA,NA,NA
"1550 Sherman St, Denver, CO 80203","2026/06/02",880,"Studio","Apartment"
"1550 Sherman St, Denver, CO 80203","2026/06/02",1075,"1 Bed","Apartment"
NA,NA,NA,NA,NA
"1320 Garfield St, Denver, CO 80206","2026/06/02",1205,"1 Bed","Apartment"
"1320 Garfield St, Denver, CO 80206","2026/06/02",1520,"2 Beds","Apartment"
"15255 E 40th Ave, Denver, CO 80239","2026/06/02",1195,"1 Bed","Apartment"
"15255 E 40th Ave, Denver, CO 80239","2026/06/02",1750,"2 Beds","Apartment"
"3251 Lowell Blvd, Denver, CO 80211","2026/06/02",2243,"1 Bed","Apartment"
"3251 Lowell Blvd, Denver, CO 80211","2026/06/02",3271,"2 Beds","Apartment"
"4205 E 10th Ave, Denver, CO 80220","2026/06/02",1776,"1 Bed","Apartment"
"4205 E 10th Ave, Denver, CO 80220","2026/06/02",3679,"2 Beds","Apartment"
"3930 Blake St, Denver, CO 80205","2026/06/02",2170,"1 Bed","Apartment"
"3930 Blake St, Denver, CO 80205","2026/06/02",3283,"2 Beds","Apartment"
"3930 Blake St, Denver, CO 80205","2026/06/02",8372,"3 Beds","Apartment"
"1521 N Hooker St, Denver, CO 80204","2026/06/02",1804,"Studio","Apartment"
"1521 N Hooker St, Denver, CO 80204","2026/06/02",1854,"1 Bed","Apartment"
"1521 N Hooker St, Denver, CO 80204","2026/06/02",3418,"2 Beds","Apartment"
"180 Madison St, Denver, CO 80206","2026/06/02",2293,"1 Bed","Apartment"
"180 Madison St, Denver, CO 80206","2026/06/02",4888,"2 Beds","Apartment"
"1035 N Sherman St, Denver, CO 80203","2026/06/02",1110,"Studio","Apartment"
"1035 N Sherman St, Denver, CO 80203","2026/06/02",1240,"1 Bed","Apartment"
"1726 Champa St, Denver, CO 80202","2026/06/02",1535,"1 Bed","Apartment"
"1726 Champa St, Denver, CO 80202","2026/06/02",1875,"2 Beds","Apartment"
"300 S Monroe St, Denver, CO 80209","2026/06/02",2451,"1 Bed","Apartment"
"300 S Monroe St, Denver, CO 80209","2026/06/02",3491,"2 Beds","Apartment"
"2270 S University Blvd, Denver, CO 80210","2026/06/02",1297,"Studio","Apartment"
"2270 S University Blvd, Denver, CO 80210","2026/06/02",1912,"1 Bed","Apartment"
"2270 S University Blvd, Denver, CO 80210","2026/06/02",2438,"2 Beds","Apartment"
"201 E Mississippi Ave, Denver, CO 80210","2026/06/02",1648,"Studio","Apartment"
"201 E Mississippi Ave, Denver, CO 80210","2026/06/02",1819,"1 Bed","Apartment"
"201 E Mississippi Ave, Denver, CO 80210","2026/06/02",2987,"2 Beds","Apartment"
"3299 Brighton Blvd, Denver, CO 80216","2026/06/02",1601,"Studio","Apartment"
"3299 Brighton Blvd, Denver, CO 80216","2026/06/02",1843,"1 Bed","Apartment"
"3299 Brighton Blvd, Denver, CO 80216","2026/06/02",2583,"2 Beds","Apartment"
"2424 Alcott St, Denver, CO 80211","2026/06/02",1795,"1 Bed","Apartment"
"2424 Alcott St, Denver, CO 80211","2026/06/02",2850,"2 Beds","Apartment"
"505 N Lipan St, Denver, CO 80204","2026/06/02",1644,"Studio","Apartment"
"505 N Lipan St, Denver, CO 80204","2026/06/02",1779,"1 Bed","Apartment"
"505 N Lipan St, Denver, CO 80204","2026/06/02",2499,"2 Beds","Apartment"
"1045 N Sherman St, Denver, CO 80203","2026/06/02",1015,"Studio","Apartment"
"1045 N Sherman St, Denver, CO 80203","2026/06/02",1165,"1 Bed","Apartment"
"2135 S Depew St, Denver, CO 80227","2026/06/02",1185,"1 Bed","Apartment"
"2135 S Depew St, Denver, CO 80227","2026/06/02",1405,"2 Beds","Apartment"
"2980 Syracuse St, Denver, CO 80238","2026/06/02",2408,"1 Bed","Apartment"
"2980 Syracuse St, Denver, CO 80238","2026/06/02",2502,"2 Beds","Apartment"
"330 Acoma St, Denver, CO 80223","2026/06/02",1061,"Studio","Apartment"
"330 Acoma St, Denver, CO 80223","2026/06/02",1341,"1 Bed","Apartment"
"330 Acoma St, Denver, CO 80223","2026/06/02",1452,"2 Beds","Apartment"
NA,NA,NA,NA,NA
"1441 Little Raven St, Denver, CO 80202","2026/06/02",1867,"Studio","Apartment"
"1441 Little Raven St, Denver, CO 80202","2026/06/02",2239,"1 Bed","Apartment"
"1441 Little Raven St, Denver, CO 80202","2026/06/02",3423,"2 Beds+","Apartment"
"3063 Brighton Blvd, Denver, CO 80216","2026/06/02",1531,"Studio","Apartment"
"3063 Brighton Blvd, Denver, CO 80216","2026/06/02",1874,"1 Bed","Apartment"
"3063 Brighton Blvd, Denver, CO 80216","2026/06/02",2609,"2 Beds","Apartment"
"4210 Fraser Way, Denver, CO 80239","2026/06/02",1295,"1 Bed","Apartment"
"4210 Fraser Way, Denver, CO 80239","2026/06/02",1395,"2 Beds","Apartment"
"1015 N Sherman St, Denver, CO 80203","2026/06/02",940,"2 Beds",NA
"1250 Colorado Blvd, Denver, CO 80206","2026/06/02",995,"Studio","Apartment"
"1250 Colorado Blvd, Denver, CO 80206","2026/06/02",1115,"1 Bed","Apartment"
"7595 Zuni St, Denver, CO 80221","2026/06/02",1100,"1 Bed","Apartment"
"7595 Zuni St, Denver, CO 80221","2026/06/02",1650,"2 Beds","Apartment"
"428-432 S Sherman St, Denver, CO 80209","2026/06/02",1090,"Studio","Apartment"
"428-432 S Sherman St, Denver, CO 80209","2026/06/02",1170,"1 Bed","Apartment"
"1651 Washington St, Denver, CO 80203","2026/06/02",880,"Studio","Apartment"
"1651 Washington St, Denver, CO 80203","2026/06/02",1065,"1 Bed","Apartment"
"8501 E Alameda Ave, Denver, CO 80230","2026/06/02",1037,"Studio","Apartment"
"8501 E Alameda Ave, Denver, CO 80230","2026/06/02",1572,"1 Bed","Apartment"
"8501 E Alameda Ave, Denver, CO 80230","2026/06/02",1983,"2 Beds+","Apartment"
"4390 Tennyson St, Denver, CO 80212","2026/06/02",1515,"Studio","Apartment"
"4390 Tennyson St, Denver, CO 80212","2026/06/02",1835,"1 Bed","Apartment"
"4390 Tennyson St, Denver, CO 80212","2026/06/02",2010,"2 Beds","Apartment"
"1586 Hooker St, Denver, CO 80204","2026/06/02",1245,"Studio","Apartment"
"1586 Hooker St, Denver, CO 80204","2026/06/02",1420,"1 Bed","Apartment"
"1586 Hooker St, Denver, CO 80204","2026/06/02",2065,"2 Beds","Apartment"
"4882 S Newport St, Denver, CO 80237","2026/06/02",1782,"Studio","Apartment"
"4882 S Newport St, Denver, CO 80237","2026/06/02",2332,"1 Bed","Apartment"
"4882 S Newport St, Denver, CO 80237","2026/06/02",3089,"2 Beds+","Apartment"
"2999 Willow St, Denver, CO 80238","2026/06/02",1853,"Studio","Apartment"
"2999 Willow St, Denver, CO 80238","2026/06/02",1708,"1 Bed","Apartment"
"2999 Willow St, Denver, CO 80238","2026/06/02",2629,"2 Beds+","Apartment"
NA,NA,NA,NA,NA
"2785 N Speer Blvd, Denver, CO 80211","2026/06/02",1639,"1 Bed","Apartment"
"2785 N Speer Blvd, Denver, CO 80211","2026/06/02",2460,"2 Beds","Apartment"
"2020 Lawrence St, Denver, CO 80205","2026/06/02",1238,"Studio","Apartment"
"2020 Lawrence St, Denver, CO 80205","2026/06/02",1426,"1 Bed","Apartment"
"2020 Lawrence St, Denver, CO 80205","2026/06/02",2299,"2 Beds","Apartment"
"1504 Detroit St, Denver, CO 80206","2026/06/02",1000,"Studio","Apartment"
"1504 Detroit St, Denver, CO 80206","2026/06/02",1385,"2 Beds","Apartment"
"670 N Grant St, Denver, CO 80203","2026/06/02",1617,"Studio","Apartment"
"670 N Grant St, Denver, CO 80203","2026/06/02",2101,"1 Bed","Apartment"
"670 N Grant St, Denver, CO 80203","2026/06/02",2799,"2 Beds","Apartment"
"2920 W 29th Ave, Denver, CO 80211","2026/06/02",1542,"Studio","Apartment"
"2920 W 29th Ave, Denver, CO 80211","2026/06/02",2117,"1 Bed","Apartment"
"4500 S Monaco St, Denver, CO 80237","2026/06/02",1517,"1 Bed","Apartment"
"4500 S Monaco St, Denver, CO 80237","2026/06/02",1829,"2 Beds","Apartment"
"4500 S Monaco St, Denver, CO 80237","2026/06/02",2885,"3 Beds","Apartment"
"7470 E 29th Ave, Denver, CO 80238","2026/06/02",1577,"1 Bed","Apartment"
"7470 E 29th Ave, Denver, CO 80238","2026/06/02",2384,"2 Beds","Apartment"
"3131 Roslyn Way, Denver, CO 80207","2026/06/02",1565,"1 Bed","Apartment"
"3131 Roslyn Way, Denver, CO 80207","2026/06/02",2005,"2 Beds","Apartment"
"1777 Chestnut Pl, Denver, CO 80202","2026/06/02",1589,"Studio","Apartment"
"1777 Chestnut Pl, Denver, CO 80202","2026/06/02",2201,"1 Bed","Apartment"
"1777 Chestnut Pl, Denver, CO 80202","2026/06/02",2400,"2 Beds+","Apartment"
"1050 Broadway, Denver, CO 80203","2026/06/02",1729,"Studio","Apartment"
"1050 Broadway, Denver, CO 80203","2026/06/02",1987,"1 Bed","Apartment"
"1050 Broadway, Denver, CO 80203","2026/06/02",3349,"2 Beds+","Apartment"
"3280 Downing St, Denver, CO 80205","2026/06/02",1199,"1 Bed","Apartment"
"3280 Downing St, Denver, CO 80205","2026/06/02",1350,"2 Beds","Apartment"
"6300 E Hampden Ave, Denver, CO 80222","2026/06/02",1298,"Studio","Apartment"
"6300 E Hampden Ave, Denver, CO 80222","2026/06/02",1660,"1 Bed","Apartment"
"6300 E Hampden Ave, Denver, CO 80222","2026/06/02",2047,"2 Beds","Apartment"
NA,NA,NA,NA,NA
"1350 Grant St, Denver, CO 80203","2026/06/02",996,"1 Bed","Apartment"
"1350 Grant St, Denver, CO 80203","2026/06/02",1626,"2 Beds","Apartment"
"1260 S Bellaire St, Denver, CO 80246","2026/06/02",1179,"Studio","Apartment"
"1260 S Bellaire St, Denver, CO 80246","2026/06/02",1149,"1 Bed","Apartment"
"1260 S Bellaire St, Denver, CO 80246","2026/06/02",1432,"2 Beds","Apartment"
NA,NA,NA,NA,NA
"9888 E Vassar Dr, Denver, CO 80231","2026/06/02",1316,"1 Bed","Apartment"
"9888 E Vassar Dr, Denver, CO 80231","2026/06/02",1714,"2 Beds","Apartment"
NA,NA,NA,NA,NA
"1325 Garfield St, Denver, CO 80206","2026/06/02",1100,"Studio","Apartment"
"1325 Garfield St, Denver, CO 80206","2026/06/02",1400,"1 Bed","Apartment"
"1325 Garfield St, Denver, CO 80206","2026/06/02",1550,"2 Beds","Apartment"
"1975 Mile High Stadium Cir, Denver, CO 80204","2026/06/02",1026,"Studio","Apartment"
"1975 Mile High Stadium Cir, Denver, CO 80204","2026/06/02",2384,"2 Beds","Apartment"
"1280 E 17th Ave, Denver, CO 80218","2026/06/02",1490,"Studio","Apartment"
"1280 E 17th Ave, Denver, CO 80218","2026/06/02",2048,"1 Bed","Apartment"
"1280 E 17th Ave, Denver, CO 80218","2026/06/02",2792,"2 Beds","Apartment"
NA,NA,NA,NA,NA
"6715 E Union Ave, Denver, CO 80237","2026/06/02",1413,"Studio","Apartment"
"6715 E Union Ave, Denver, CO 80237","2026/06/02",1784,"1 Bed","Apartment"
"6715 E Union Ave, Denver, CO 80237","2026/06/02",2006,"2 Beds","Apartment"
"1956 Lawrence St, Denver, CO 80202","2026/06/02",1296,"1 Bed","Apartment"
"1956 Lawrence St, Denver, CO 80202","2026/06/02",2539,"2 Beds","Apartment"
"10050 E Harvard Ave, Denver, CO 80231","2026/06/02",1082,"1 Bed","Apartment"
"10050 E Harvard Ave, Denver, CO 80231","2026/06/02",1675,"2 Beds","Apartment"
"4300 E 9th Ave, Denver, CO 80220","2026/06/02",1757,"1 Bed","Apartment"
"4300 E 9th Ave, Denver, CO 80220","2026/06/02",2405,"2 Beds","Apartment"
"4300 E 9th Ave, Denver, CO 80220","2026/06/02",3460,"3 Beds","Apartment"
"1177 Race St, Denver, CO 80206","2026/06/02",1943,"1 Bed","Apartment"
"1177 Race St, Denver, CO 80206","2026/06/02",2567,"2 Beds","Apartment"
"1150 E Colfax Ave, Denver, CO 80218","2026/06/02",1566,"Studio","Apartment"
"1150 E Colfax Ave, Denver, CO 80218","2026/06/02",2006,"1 Bed","Apartment"
"1150 E Colfax Ave, Denver, CO 80218","2026/06/02",2754,"2 Beds+","Apartment"
"4875 Dtc Blvd, Denver, CO 80237","2026/06/02",1443,"Studio","Apartment"
"4875 Dtc Blvd, Denver, CO 80237","2026/06/02",1748,"1 Bed","Apartment"
"4875 Dtc Blvd, Denver, CO 80237","2026/06/02",2485,"2 Beds","Apartment"
"2920 W 32nd Ave, Denver, CO 80211","2026/06/02",1280,"1 Bed","Apartment"
"2920 W 32nd Ave, Denver, CO 80211","2026/06/02",1490,"2 Beds","Apartment"
"2853 Roslyn St, Denver, CO 80238","2026/06/02",1549,"1 Bed","Apartment"
"2853 Roslyn St, Denver, CO 80238","2026/06/02",1840,"2 Beds","Apartment"
"2853 Roslyn St, Denver, CO 80238","2026/06/02",2502,"3 Beds","Apartment"
"4811 S Niagara St, Denver, CO 80237","2026/06/02",1627,"Studio","Apartment"
"4811 S Niagara St, Denver, CO 80237","2026/06/02",1773,"1 Bed","Apartment"
"4811 S Niagara St, Denver, CO 80237","2026/06/02",2643,"2 Beds+","Apartment"
"2298 W 28th Ave, Denver, CO 80211","2026/06/02",1697,"Studio","Apartment"
"2298 W 28th Ave, Denver, CO 80211","2026/06/02",1867,"1 Bed","Apartment"
"2298 W 28th Ave, Denver, CO 80211","2026/06/02",3300,"2 Beds","Apartment"
"1935 N Logan St, Denver, CO 80203","2026/06/02",1296,"Studio","Apartment"
"1935 N Logan St, Denver, CO 80203","2026/06/02",1766,"1 Bed","Apartment"
"1935 N Logan St, Denver, CO 80203","2026/06/02",2371,"2 Beds","Apartment"
"2828 Zuni St, Denver, CO 80211","2026/06/02",2222,"1 Bed","Apartment"
"2828 Zuni St, Denver, CO 80211","2026/06/02",2927,"2 Beds","Apartment"
"1901 E 13th Ave, Denver, CO 80206","2026/06/02",1273,"1 Bed","Apartment"
"1901 E 13th Ave, Denver, CO 80206","2026/06/02",1433,"2 Beds","Apartment"
"3750 Blake St, Denver, CO 80205","2026/06/02",1668,"Studio","Apartment"
"3750 Blake St, Denver, CO 80205","2026/06/02",1833,"1 Bed","Apartment"
"3750 Blake St, Denver, CO 80205","2026/06/02",3259,"2 Beds+","Apartment"
"2500 17th St, Denver, CO 80211","2026/06/02",1322,"Studio","Apartment"
"2500 17th St, Denver, CO 80211","2026/06/02",2272,"1 Bed","Apartment"
"2500 17th St, Denver, CO 80211","2026/06/02",3472,"2 Beds+","Apartment"
"1001 S Havana St, Denver, CO 80012","2026/06/02",833,"1 Bed","Apartment"
"1001 S Havana St, Denver, CO 80012","2026/06/02",1157,"2 Beds","Apartment"
"636-648 N Pearl St, Denver, CO 80203","2026/06/02",950,"2 Beds",NA
"9758 E Colorado Ave, Denver, CO 80247","2026/06/02",1200,"1 Bed","Apartment"
"9758 E Colorado Ave, Denver, CO 80247","2026/06/02",1800,"2 Beds","Apartment"
"1575 Lafayette St, Denver, CO 80218","2026/06/02",955,"Studio","Apartment"
"1575 Lafayette St, Denver, CO 80218","2026/06/02",1085,"1 Bed","Apartment"
"1575 Lafayette St, Denver, CO 80218","2026/06/02",1180,"2 Beds","Apartment"
"2930 W Cornell Ave, Denver, CO 80236","2026/06/02",995,"1 Bed","Apartment"
"2930 W Cornell Ave, Denver, CO 80236","2026/06/02",1249,"2 Beds","Apartment"
"4363 S Quebec St, Denver, CO 80237","2026/06/02",1277,"1 Bed","Apartment"
"4363 S Quebec St, Denver, CO 80237","2026/06/02",1805,"2 Beds","Apartment"
"4697 E Louisiana Ave, Denver, CO 80246","2026/06/02",1166,"Studio","Apartment"
"4697 E Louisiana Ave, Denver, CO 80246","2026/06/02",1353,"1 Bed","Apartment"
"4697 E Louisiana Ave, Denver, CO 80246","2026/06/02",1526,"2 Beds","Apartment"
"321 E 18th Ave, Denver, CO 80203","2026/06/02",840,"Studio","Apartment"
"321 E 18th Ave, Denver, CO 80203","2026/06/02",820,"1 Bed","Apartment"
"321 E 18th Ave, Denver, CO 80203","2026/06/02",1165,"2 Beds","Apartment"
"4545 Xenia St, Denver, CO 80238","2026/06/02",1576,"1 Bed","Apartment"
"4545 Xenia St, Denver, CO 80238","2026/06/02",1891,"2 Beds","Apartment"
"8000 E 12th Ave, Denver, CO 80220","2026/06/02",1040,"1 Bed","Apartment"
"8000 E 12th Ave, Denver, CO 80220","2026/06/02",1227,"2 Beds","Apartment"
"8000 E 12th Ave, Denver, CO 80220","2026/06/02",1998,"3 Beds+","Apartment"
"3609 Wynkoop St, Denver, CO 80216","2026/06/02",1100,"Studio","Apartment"
"3609 Wynkoop St, Denver, CO 80216","2026/06/02",1407,"1 Bed","Apartment"
"7201 Leetsdale Dr, Denver, CO 80224","2026/06/02",966,"1 Bed","Apartment"
"7201 Leetsdale Dr, Denver, CO 80224","2026/06/02",1356,"2 Beds","Apartment"
"8525 E Hampden Ave, Denver, CO 80231","2026/06/02",1010,"Studio","Apartment"
"8525 E Hampden Ave, Denver, CO 80231","2026/06/02",1020,"1 Bed","Apartment"
"8525 E Hampden Ave, Denver, CO 80231","2026/06/02",1475,"2 Beds+","Apartment"
"300 E 17th Ave, Denver, CO 80203","2026/06/02",1376,"Studio","Apartment"
"300 E 17th Ave, Denver, CO 80203","2026/06/02",1254,"1 Bed","Apartment"
"300 E 17th Ave, Denver, CO 80203","2026/06/02",1418,"2 Beds","Apartment"
"600 S Dayton St, Denver, CO 80247","2026/06/02",905,"Studio","Apartment"
"600 S Dayton St, Denver, CO 80247","2026/06/02",1061,"1 Bed","Apartment"
"600 S Dayton St, Denver, CO 80247","2026/06/02",1210,"2 Beds+","Apartment"
"1626 Logan St, Denver, CO 80203","2026/06/02",785,"2 Beds+",NA
"18493 E Elmendorf Dr, Denver, CO 80249","2026/06/02",1468,"1 Bed","Apartment"
"18493 E Elmendorf Dr, Denver, CO 80249","2026/06/02",1851,"2 Beds","Apartment"
"18493 E Elmendorf Dr, Denver, CO 80249","2026/06/02",2370,"3 Beds","Apartment"
"2390 E Asbury Ave, Denver, CO 80210","2026/06/02",1070,"Studio","Apartment"
"2390 E Asbury Ave, Denver, CO 80210","2026/06/02",1220,"1 Bed","Apartment"
"2390 E Asbury Ave, Denver, CO 80210","2026/06/02",1620,"2 Beds+","Apartment"
"5048 Morrison Rd, Denver, CO 80219","2026/06/02",1299,"1 Bed","Apartment"
"5048 Morrison Rd, Denver, CO 80219","2026/06/02",1499,"2 Beds","Apartment"
"5048 Morrison Rd, Denver, CO 80219","2026/06/02",2186,"3 Beds","Apartment"
"3820 Holly St, Denver, CO 80207","2026/06/02",788,"1 Bed","Apartment"
"3820 Holly St, Denver, CO 80207","2026/06/02",945,"2 Beds","Apartment"
"3820 Holly St, Denver, CO 80207","2026/06/02",1093,"3 Beds+","Apartment"
"1275 N Sherman St, Denver, CO 80203","2026/06/02",733,"1 Bed","Apartment"
"1275 N Sherman St, Denver, CO 80203","2026/06/02",880,"2 Beds","Apartment"
"2121 E 48th Ave, Denver, CO 80216","2026/06/02",695,"Studio","Apartment"
"2121 E 48th Ave, Denver, CO 80216","2026/06/02",1375,"1 Bed","Apartment"
"2121 E 48th Ave, Denver, CO 80216","2026/06/02",1650,"2 Beds+","Apartment"
NA,NA,NA,NA,NA
"8545 W Dakota Ave, Denver, CO 80226","2026/06/02",1395,"1 Bed","Apartment"
"8545 W Dakota Ave, Denver, CO 80226","2026/06/02",1595,"2 Beds","Apartment"
"1525 Yates St, Denver, CO 80204","2026/06/02",1350,"1 Bed","Apartment"
"1525 Yates St, Denver, CO 80204","2026/06/02",1750,"2 Beds","Apartment"
"2358 S University Blvd, Denver, CO 80210","2026/06/02",1200,"2 Beds",NA
NA,NA,NA,NA,NA
"1550 Detroit St, Denver, CO 80206","2026/06/02",945,"2 Beds",NA
NA,NA,NA,NA,NA
NA,NA,NA,NA,NA
NA,NA,NA,NA,NA
"1555 Grove St, Denver, CO 80204","2026/06/02",1305,"1 Bed","Apartment"
"1555 Grove St, Denver, CO 80204","2026/06/02",1650,"2 Beds","Apartment"
"7401 E 26th Ave, Denver, CO 80238","2026/06/02",1495,"1 Bed","Apartment"
"7401 E 26th Ave, Denver, CO 80238","2026/06/02",1550,"2 Beds","Apartment"
"3773 Walnut St, Denver, CO 80205","2026/06/02",1479,"1 Bed","Apartment"
"3773 Walnut St, Denver, CO 80205","2026/06/02",1456,"2 Beds","Apartment"
"3150 S Tamarac Dr, Denver, CO 80231","2026/06/02",1100,"1 Bed","Apartment"
"3150 S Tamarac Dr, Denver, CO 80231","2026/06/02",1600,"2 Beds","Apartment"
"1881 Buchtel Blvd, Denver, CO 80210","2026/06/02",1175,"2 Beds",NA
NA,NA,NA,NA,NA
"1460 Little Raven St, Denver, CO 80202","2026/06/02",1648,"Studio","Apartment"
"1460 Little Raven St, Denver, CO 80202","2026/06/02",1721,"1 Bed","Apartment"
"1460 Little Raven St, Denver, CO 80202","2026/06/02",2370,"2 Beds","Apartment"
"728 S Lipan St, Denver, CO 80223","2026/06/02",1576,"1 Bed","Apartment"
"728 S Lipan St, Denver, CO 80223","2026/06/02",1891,"2 Beds","Apartment"
"728 S Lipan St, Denver, CO 80223","2026/06/02",1821,"3 Beds","Apartment"
"2850 S Federal Blvd, Denver, CO 80236","2026/06/02",975,"1 Bed","Apartment"
"2850 S Federal Blvd, Denver, CO 80236","2026/06/02",1299,"2 Beds","Apartment"
"2850 S Federal Blvd, Denver, CO 80236","2026/06/02",2200,"3 Beds","Apartment"
NA,NA,NA,NA,NA
"4550 Kittredge St, Denver, CO 80239","2026/06/02",1461,"Studio","Apartment"
"4550 Kittredge St, Denver, CO 80239","2026/06/02",1590,"1 Bed","Apartment"
"4550 Kittredge St, Denver, CO 80239","2026/06/02",1875,"2 Beds+","Apartment"
"2140 S Delaware St, Denver, CO 80223","2026/06/02",1313,"1 Bed","Apartment"
"2140 S Delaware St, Denver, CO 80223","2026/06/02",1891,"2 Beds","Apartment"
"2300 W 76th Ave, Denver, CO 80221","2026/06/02",1297,"1 Bed","Apartment"
"2300 W 76th Ave, Denver, CO 80221","2026/06/02",1625,"2 Beds","Apartment"
"425 S Galena Way, Denver, CO 80247","2026/06/02",999,"1 Bed","Apartment"
"425 S Galena Way, Denver, CO 80247","2026/06/02",1339,"2 Beds","Apartment"
"4550 E Jewell Ave, Denver, CO 80222","2026/06/02",889,"1 Bed","Apartment"
"4550 E Jewell Ave, Denver, CO 80222","2026/06/02",1350,"2 Beds","Apartment"
"1540 Grant St, Denver, CO 80203","2026/06/02",925,"2 Beds",NA
"1920 S University Blvd, Denver, CO 80210","2026/06/02",1125,"2 Beds","Apartment"
"1920 S University Blvd, Denver, CO 80210","2026/06/02",900,"3 Beds","Apartment"
"1920 S University Blvd, Denver, CO 80210","2026/06/02",770,"4 Beds","Apartment"
NA,NA,NA,NA,NA
"1725 W Mosier Pl, Denver, CO 80223","2026/06/02",995,"4 Beds",NA
NA,NA,NA,NA,NA
"3131 W Mexico Ave, Denver, CO 80219","2026/06/02",1505,"2 Beds","Apartment"
"3131 W Mexico Ave, Denver, CO 80219","2026/06/02",1730,"3 Beds","Apartment"
"3131 W Mexico Ave, Denver, CO 80219","2026/06/02",1880,"4 Beds+","Apartment"
"2626 Osceola St, Denver, CO 80212","2026/06/02",650,"Studio","Apartment"
"2626 Osceola St, Denver, CO 80212","2026/06/02",715,"1 Bed","Apartment"
"2626 Osceola St, Denver, CO 80212","2026/06/02",1000,"2 Beds","Apartment"
"1160 Pierce St, Lakewood, CO 80214","2026/06/02",1370,"1 Bed","Apartment"
"1160 Pierce St, Lakewood, CO 80214","2026/06/02",1600,"2 Beds","Apartment"
"6333 Greenwood Plaza Blvd, Centennial, CO 80111","2026/06/02",1832,"Studio","Apartment"
"6333 Greenwood Plaza Blvd, Centennial, CO 80111","2026/06/02",2286,"1 Bed","Apartment"
"6333 Greenwood Plaza Blvd, Centennial, CO 80111","2026/06/02",2752,"2 Beds+","Apartment"
"6777 W 19th Pl, Lakewood, CO 80214","2026/06/02",1226,"1 Bed","Apartment"
"6777 W 19th Pl, Lakewood, CO 80214","2026/06/02",1507,"2 Beds","Apartment"
"3400 S Platte River Dr, Sheridan, CO 80110","2026/06/02",1544,"1 Bed","Apartment"
"3400 S Platte River Dr, Sheridan, CO 80110","2026/06/02",1871,"2 Beds","Apartment"
"6273 W Jewell Ave, Lakewood, CO 80232","2026/06/02",1565,"Studio","Apartment"
"6273 W Jewell Ave, Lakewood, CO 80232","2026/06/02",1636,"1 Bed","Apartment"
"6875 W 56th Ave, Arvada, CO 80002","2026/06/02",2121,"1 Bed","Apartment"
"6875 W 56th Ave, Arvada, CO 80002","2026/06/02",2846,"2 Beds","Apartment"
"6875 W 56th Ave, Arvada, CO 80002","2026/06/02",3523,"3 Beds","Apartment"
NA,NA,NA,NA,NA
NA,NA,NA,NA,NA
"7333 W 38th Ave, Wheat Ridge, CO 80033","2026/06/02",1703,"Studio","Apartment"
"7333 W 38th Ave, Wheat Ridge, CO 80033","2026/06/02",1869,"1 Bed","Apartment"
"7333 W 38th Ave, Wheat Ridge, CO 80033","2026/06/02",2657,"2 Beds","Apartment"
"1710 Billings St, Aurora, CO 80011","2026/06/02",1040,"1 Bed","Apartment"
"1710 Billings St, Aurora, CO 80011","2026/06/02",1170,"2 Beds","Apartment"
NA,NA,NA,NA,NA
"11255 E Alameda Ave, Aurora, CO 80012","2026/06/02",952,"1 Bed","Apartment"
"11255 E Alameda Ave, Aurora, CO 80012","2026/06/02",1570,"2 Beds","Apartment"
"3324 S Field St, Lakewood, CO 80227","2026/06/02",1590,"1 Bed","Apartment"
"3324 S Field St, Lakewood, CO 80227","2026/06/02",1764,"2 Beds","Apartment"
"6565 S Syracuse Way, Centennial, CO 80111","2026/06/02",1763,"1 Bed","Apartment"
"6565 S Syracuse Way, Centennial, CO 80111","2026/06/02",2215,"2 Beds","Apartment"
"7750 W 61st Ave, Arvada, CO 80004","2026/06/02",1650,"2 Beds",NA
"2038 S Vaughn Way, Aurora, CO 80014","2026/06/02",1140,"1 Bed","Apartment"
"2038 S Vaughn Way, Aurora, CO 80014","2026/06/02",1491,"2 Beds","Apartment"
"8507 W Hampden Ave, Lakewood, CO 80227","2026/06/02",1328,"1 Bed","Apartment"
"8507 W Hampden Ave, Lakewood, CO 80227","2026/06/02",1563,"2 Beds","Apartment"
"8507 W Hampden Ave, Lakewood, CO 80227","2026/06/02",2730,"3 Beds","Apartment"
"5515 Olde Wadsworth Blvd, Arvada, CO 80002","2026/06/02",1680,"1 Bed","Apartment"
"5515 Olde Wadsworth Blvd, Arvada, CO 80002","2026/06/02",2289,"2 Beds","Apartment"
"679 S Reed Ct, Lakewood, CO 80226","2026/06/02",1216,"1 Bed","Apartment"
"679 S Reed Ct, Lakewood, CO 80226","2026/06/02",1288,"2 Beds","Apartment"
"5957-5977 S Gallup St, Littleton, CO 80120","2026/06/02",1382,"1 Bed","Apartment"
"5957-5977 S Gallup St, Littleton, CO 80120","2026/06/02",1613,"2 Beds","Apartment"
"11102 E 16th Ave, Aurora, CO 80010","2026/06/02",1050,"1 Bed","Apartment"
"11102 E 16th Ave, Aurora, CO 80010","2026/06/02",1300,"2 Beds","Apartment"
"4601 S Balsam Way, Littleton, CO 80123","2026/06/02",1426,"1 Bed","Apartment"
"4601 S Balsam Way, Littleton, CO 80123","2026/06/02",1819,"2 Beds","Apartment"
"4601 S Balsam Way, Littleton, CO 80123","2026/06/02",3013,"3 Beds","Apartment"
"3501 Wadsworth Blvd, Wheat Ridge, CO 80033","2026/06/02",1702,"1 Bed","Apartment"
"3501 Wadsworth Blvd, Wheat Ridge, CO 80033","2026/06/02",2322,"2 Beds","Apartment"
"5495 W 10th Ave, Lakewood, CO 80214","2026/06/02",1422,"Studio","Apartment"
"5495 W 10th Ave, Lakewood, CO 80214","2026/06/02",1658,"1 Bed","Apartment"
"5495 W 10th Ave, Lakewood, CO 80214","2026/06/02",2237,"2 Beds","Apartment"
"12000 E 13th Ave, Aurora, CO 80010","2026/06/02",1412,"Studio","Apartment"
"12000 E 13th Ave, Aurora, CO 80010","2026/06/02",1552,"1 Bed","Apartment"
"12000 E 13th Ave, Aurora, CO 80010","2026/06/02",2062,"2 Beds","Apartment"
"5351 S Delaware St, Littleton, CO 80120","2026/06/02",1030,"Studio","Apartment"
"5351 S Delaware St, Littleton, CO 80120","2026/06/02",1380,"1 Bed","Apartment"
"456 S Ironton St, Aurora, CO 80012","2026/06/02",995,"1 Bed","Apartment"
"456 S Ironton St, Aurora, CO 80012","2026/06/02",1395,"2 Beds","Apartment"
"456 S Ironton St, Aurora, CO 80012","2026/06/02",2105,"3 Beds","Apartment"
"2240 Dallas St, Aurora, CO 80010","2026/06/02",799,"Studio","Apartment"
"2240 Dallas St, Aurora, CO 80010","2026/06/02",974,"1 Bed","Apartment"
"2240 Dallas St, Aurora, CO 80010","2026/06/02",1161,"2 Beds","Apartment"
"8223 W Floyd Ave, Lakewood, CO 80227","2026/06/02",1253,"1 Bed","Apartment"
"8223 W Floyd Ave, Lakewood, CO 80227","2026/06/02",1749,"2 Beds","Apartment"
"6550 S Dayton St, Centennial, CO 80111","2026/06/02",1565,"1 Bed","Apartment"
"6550 S Dayton St, Centennial, CO 80111","2026/06/02",1747,"2 Beds","Apartment"
"6550 S Dayton St, Centennial, CO 80111","2026/06/02",2185,"3 Beds","Apartment"
NA,NA,NA,NA,NA
"6600 E 60th Pl, Commerce City, CO 80022","2026/06/02",989,"1 Bed","Apartment"
"6600 E 60th Pl, Commerce City, CO 80022","2026/06/02",1467,"2 Beds","Apartment"
"200 S Ironton St, Aurora, CO 80012","2026/06/02",1080,"1 Bed","Apartment"
"200 S Ironton St, Aurora, CO 80012","2026/06/02",1289,"2 Beds","Apartment"
"5330 W 11th Ave, Lakewood, CO 80214","2026/06/02",1099,"1 Bed","Apartment"
"5330 W 11th Ave, Lakewood, CO 80214","2026/06/02",1599,"2 Beds","Apartment"
"5330 W 11th Ave, Lakewood, CO 80214","2026/06/02",1899,"3 Beds","Apartment"
"5529 S Windermere St, Littleton, CO 80120","2026/06/02",240,"1 Bed","Apartment"
"5529 S Windermere St, Littleton, CO 80120","2026/06/02",442,"2 Beds","Apartment"
"953-12713 S Troy St, Aurora, CO 80012","2026/06/02",1390,"1 Bed","Apartment"
"953-12713 S Troy St, Aurora, CO 80012","2026/06/02",1499,"2 Beds","Apartment"
"953-12713 S Troy St, Aurora, CO 80012","2026/06/02",1985,"3 Beds","Apartment"
NA,NA,NA,NA,NA
"3401 S Broadway, Englewood, CO 80113","2026/06/02",1891,"3 Beds",NA
NA,NA,NA,NA,NA
NA,NA,NA,NA,NA
NA,NA,NA,NA,NA
"9801 E Colfax Ave, Aurora, CO 80010","2026/06/02",968,"3 Beds","Condo"
"13222 E Iliff Ave, Aurora, CO 80014","2026/06/02",1100,"Studio","Apartment"
"13222 E Iliff Ave, Aurora, CO 80014","2026/06/02",1320,"1 Bed","Apartment"
"13222 E Iliff Ave, Aurora, CO 80014","2026/06/02",1575,"2 Beds+","Apartment"
NA,NA,NA,NA,NA
"5854 Vance St, Arvada, CO 80003","2026/06/02",1099,"1 Bed","Apartment"
"5854 Vance St, Arvada, CO 80003","2026/06/02",1599,"2 Beds","Apartment"
"3910 Salida St, Aurora, CO 80011","2026/06/02",1520,"Studio","Apartment"
"3910 Salida St, Aurora, CO 80011","2026/06/02",1540,"1 Bed","Apartment"
"3910 Salida St, Aurora, CO 80011","2026/06/02",1851,"2 Beds+","Apartment"
"14475 Montview Blvd, Aurora, CO 80011","2026/06/02",1099,"1 Bed","Apartment"
"14475 Montview Blvd, Aurora, CO 80011","2026/06/02",1399,"2 Beds","Apartment"
"14475 Montview Blvd, Aurora, CO 80011","2026/06/02",1699,"3 Beds","Apartment"
NA,NA,NA,NA,NA
NA,NA,NA,NA,NA
"2500 Walnut St Unit 104, Denver, CO 80205","2026/06/02",2199,"Studio, 1 Bath, 864 sq ft","Condo"
"2225 Buchtel Blvd S Unit 303, Denver, CO 80210","2026/06/02",1700,"2 Beds, 1 Bath, 885 sq ft","Condo"
"2943 Lawrence St, Denver, CO 80205","2026/06/02",3600,"3 Beds, 3 Baths, 1,500 sq ft","Condo"
"3210 N. Vine St Unit Main Level, Denver, CO 80205","2026/06/02",3200,"2 Beds, 1 Bath, 1,000 sq ft","Condo"
"1499 Blake St Unit 3U, Denver, CO 80202","2026/06/02",3000,"2 Beds, 1 Bath, 1,142 sq ft","Condo"
"350 Detroit St Unit 402, Denver, CO 80206","2026/06/02",3695,"2 Beds, 2 Baths, 1,200 sq ft","Condo"
"1441 N Humboldt St Unit #104, Denver, CO 80218","2026/06/02",2000,"2 Beds, 2 Baths, 926 sq ft","Condo"
"400 E 3rd Ave Unit 404, Denver, CO 80203","2026/06/02",3900,"2 Beds, 2 Baths, 1,200 sq ft","Condo"
"3415 Larimer St Unit 101, Denver, CO 80205","2026/06/02",3395,"3 Beds, 3 Baths, 1,700 sq ft","Condo"
"540 S Forest St Unit 7-204, Denver, CO 80246","2026/06/02",2600,"2 Beds, 2 Baths, 1,247 sq ft","Condo"
"170 S Jackson St Unit 170 S. Jackson Apt. 205, Denver, CO 80209","2026/06/02",3600,"2 Beds, 2 Baths, 1,426 sq ft","Condo"
"7804 E Hampden Cir, Denver, CO 80237","2026/06/02",375,"2 Beds, 2 Baths, 1,426 sq ft","Condo"
"3055 W 39th Ave, Denver, CO 80211","2026/06/02",3450,"2 Beds, 2 Baths, 1,426 sq ft","Condo"
"2964 W 40th Ave, Denver, CO 80211","2026/06/02",500,"2 Beds, 2 Baths, 1,426 sq ft","Condo"
"2001 S Grant St, Denver, CO 80210","2026/06/02",385,"2 Beds, 2 Baths, 1,426 sq ft","Condo"
"2605 Milwaukee St, Denver, CO 80205","2026/06/02",540,"2 Beds, 2 Baths, 1,426 sq ft","Condo"
"1265 Stuart St, Denver, CO 80204","2026/06/02",695,"2 Beds, 2 Baths, 1,426 sq ft","Condo"
"4225 Mariposa St, Denver, CO 80211","2026/06/02",585,"2 Beds, 2 Baths, 1,426 sq ft","Condo"
"3791 Meade St, Denver, CO 80211","2026/06/02",710,"2 Beds, 2 Baths, 1,426 sq ft","Condo"
"2698 S Jasmine St, Denver, CO 80222","2026/06/02",365,"2 Beds, 2 Baths, 1,426 sq ft","Condo"
"624 E 12th Ave, Denver, CO 80203","2026/06/02",895,"2 Beds, 2 Baths, 1,426 sq ft","Condo"
"624 E 12th Ave, Denver, CO 80203","2026/06/02",1430,"2 Beds, 2 Baths, 1,426 sq ft","Condo"
"777 S Logan St, Denver, CO 80209","2026/06/02",945,"2 Beds, 2 Baths, 1,426 sq ft","Condo"
"841 Mariposa St, Denver, CO 80204","2026/06/02",495,"2 Beds, 2 Baths, 1,426 sq ft","Condo"
"923 Lipan St, Denver, CO 80204","2026/06/02",3850,"2 Beds, 2 Baths, 1,426 sq ft","Condo"
"960 N Sherman St Unit 1F, Denver, CO 80203","2026/06/02",2650,"1 Bed, 1 Bath, 781 sq ft","Condo"
"18331 E 71st Ave, Denver, CO 80249","2026/06/02",2301,"1 Bed, 1 Bath, 781 sq ft","Condo"
"2185 Upham St, Lakewood, CO 80214","2026/06/02",380,"1 Bed, 1 Bath, 781 sq ft","Condo"
"7393 W Jefferson Ave, Lakewood, CO 80235","2026/06/02",2069,"1 Bed, 1 Bath, 781 sq ft","Condo"
"4444 Leetsdale Dr, Glendale, CO 80246","2026/06/02",1980,"1 Bed, 1 Bath, 781 sq ft","Condo"
"15105 E 38th Ave, Aurora, CO 80011","2026/06/02",1949,"1 Bed, 1 Bath, 781 sq ft","Condo"
"19909 E 61st Dr, Aurora, CO 80019","2026/06/02",975,"1 Bed, 1 Bath, 2,703 sq ft","Room"
"13941 E Harvard Ave, Aurora, CO 80014","2026/06/02",1799,"1 Bed, 1 Bath, 2,703 sq ft","Room"
"14095 E Evans Ave, Aurora, CO 80014","2026/06/02",1979,"1 Bed, 1 Bath, 2,703 sq ft","Room"
"5200 S Quebec St, Greenwood Village, CO 80111","2026/06/02",1859,"1 Bed, 1 Bath, 2,703 sq ft","Room"
"1700 N Emerson St Unit 405, Denver, CO 80218","2026/06/02",2650,"2 Beds, 2 Baths, 996 sq ft","Room"
"1676 Ulster St, Denver, CO 80220","2026/06/02",1650,"2 Beds, 1 Bath, 847 sq ft","Room"
NA,NA,NA,NA,NA
NA,NA,NA,NA,NA
"1071 Marion St, Denver, CO 80218","2026/06/02",1030,"Studio","Apartment"
"1071 Marion St, Denver, CO 80218","2026/06/02",1160,"1 Bed","Apartment"
NA,NA,NA,NA,NA
NA,NA,NA,NA,NA
NA,NA,NA,NA,NA
NA,NA,NA,NA,NA
"725 Logan St, Denver, CO 80203","2026/06/02",945,"Governor's Park West","Room"
"1663 Steele St, Denver, CO 80206","2026/06/02",2282,"Studio","Apartment"
"1663 Steele St, Denver, CO 80206","2026/06/02",2446,"1 Bed","Apartment"
"1663 Steele St, Denver, CO 80206","2026/06/02",2935,"2 Beds","Apartment"
"608 E 12th Ave, Denver, CO 80203","2026/06/02",925,"Studio","Apartment"
"608 E 12th Ave, Denver, CO 80203","2026/06/02",1125,"1 Bed","Apartment"
"1455 High St, Denver, CO 80218","2026/06/02",1050,"1455 N High St St Charles Apartments","Room"
NA,NA,NA,NA,NA
NA,NA,NA,NA,NA
"1125-1135 Josephine St, Denver, CO 80206","2026/06/02",975,"Candlewood Apartments","Room"
"1321 Yosemite St, Denver, CO 80220","2026/06/02",750,"Studio","Apartment"
"1321 Yosemite St, Denver, CO 80220","2026/06/02",1050,"1 Bed","Apartment"
"1321 Yosemite St, Denver, CO 80220","2026/06/02",1250,"2 Beds","Apartment"
"8600 E Jefferson Ave, Denver, CO 80237","2026/06/02",1495,"2 Beds","Apartment"
"8600 E Jefferson Ave, Denver, CO 80237","2026/06/02",1991,"3 Beds","Apartment"
NA,NA,NA,NA,NA
NA,NA,NA,NA,NA
NA,NA,NA,NA,NA
NA,NA,NA,NA,NA
NA,NA,NA,NA,NA
NA,NA,NA,NA,NA
NA,NA,NA,NA,NA
NA,NA,NA,NA,NA
NA,NA,NA,NA,NA
NA,NA,NA,NA,NA
NA,NA,NA,NA,NA
NA,NA,NA,NA,NA
NA,NA,NA,NA,NA
NA,NA,NA,NA,NA
NA,NA,NA,NA,NA
