"Address","Date","Rent","Aprt_Type","Building_Type"
"17700 E 56th Ave, Denver, CO 80249","2026/07/07",1461,"1 Bed","Apartment"
"17700 E 56th Ave, Denver, CO 80249","2026/07/07",1981,"2 Beds","Apartment"
"17700 E 56th Ave, Denver, CO 80249","2026/07/07",2660,"3 Beds","Apartment"
"755 S Dexter St, Denver, CO 80246","2026/07/07",1811,"1 Bed","Apartment"
"755 S Dexter St, Denver, CO 80246","2026/07/07",2056,"2 Beds","Apartment"
"225 S Harrison St, Denver, CO 80209","2026/07/07",1710,"1 Bed","Apartment"
"225 S Harrison St, Denver, CO 80209","2026/07/07",2610,"2 Beds","Apartment"
"225 S Harrison St, Denver, CO 80209","2026/07/07",3409,"3 Beds","Apartment"
"8155 E Fairmount Dr, Denver, CO 80230","2026/07/07",1525,"1 Bed","Apartment"
"8155 E Fairmount Dr, Denver, CO 80230","2026/07/07",1915,"2 Beds","Apartment"
"8155 E Fairmount Dr, Denver, CO 80230","2026/07/07",2350,"3 Beds","Apartment"
"5031 S Ulster St, Denver, CO 80237","2026/07/07",1526,"Studio","Apartment"
"5031 S Ulster St, Denver, CO 80237","2026/07/07",1926,"1 Bed","Apartment"
"5031 S Ulster St, Denver, CO 80237","2026/07/07",2226,"2 Beds","Apartment"
"82 N Uinta Way, Denver, CO 80230","2026/07/07",1620,"Studio","Apartment"
"82 N Uinta Way, Denver, CO 80230","2026/07/07",1820,"1 Bed","Apartment"
"82 N Uinta Way, Denver, CO 80230","2026/07/07",2120,"2 Beds+","Apartment"
"10025 W Dartmouth Ave, Lakewood, CO 80227","2026/07/07",1655,"1 Bed","Apartment"
"10025 W Dartmouth Ave, Lakewood, CO 80227","2026/07/07",1918,"2 Beds","Apartment"
"3645 S Dallas St, Aurora, CO 80014","2026/07/07",1437,"1 Bed","Apartment"
"3645 S Dallas St, Aurora, CO 80014","2026/07/07",1902,"2 Beds","Apartment"
"3645 S Dallas St, Aurora, CO 80014","2026/07/07",2797,"3 Beds","Apartment"
"8012 W Long Dr, Littleton, CO 80123","2026/07/07",1798,"1 Bed","Apartment"
"8012 W Long Dr, Littleton, CO 80123","2026/07/07",2498,"2 Beds","Apartment"
"8012 W Long Dr, Littleton, CO 80123","2026/07/07",3498,"3 Beds","Apartment"
"21775 E 65th Ave, Aurora, CO 80019","2026/07/07",1632,"Studio","Apartment"
"21775 E 65th Ave, Aurora, CO 80019","2026/07/07",1611,"1 Bed","Apartment"
"21775 E 65th Ave, Aurora, CO 80019","2026/07/07",2112,"2 Beds+","Apartment"
"4201 S Navajo St, Englewood, CO 80110","2026/07/07",1498,"Studio","Apartment"
"4201 S Navajo St, Englewood, CO 80110","2026/07/07",1587,"1 Bed","Apartment"
"4201 S Navajo St, Englewood, CO 80110","2026/07/07",2205,"2 Beds","Apartment"
"9110 E Florida Ave, Denver, CO 80247","2026/07/07",1400,"1 Bed","Apartment"
"9110 E Florida Ave, Denver, CO 80247","2026/07/07",1665,"2 Beds","Apartment"
"9110 E Florida Ave, Denver, CO 80247","2026/07/07",2350,"3 Beds","Apartment"
"10700 E Dartmouth Ave, Denver, CO 80014","2026/07/07",1000,"Studio","Apartment"
"10700 E Dartmouth Ave, Denver, CO 80014","2026/07/07",1163,"1 Bed","Apartment"
"10700 E Dartmouth Ave, Denver, CO 80014","2026/07/07",1551,"2 Beds","Apartment"
"7100 E Mississippi Ave, Denver, CO 80224","2026/07/07",1109,"1 Bed","Apartment"
"7100 E Mississippi Ave, Denver, CO 80224","2026/07/07",1235,"2 Beds","Apartment"
"415 S Cherokee St, Denver, CO 80223","2026/07/07",1199,"Studio","Apartment"
"415 S Cherokee St, Denver, CO 80223","2026/07/07",1598,"1 Bed","Apartment"
"415 S Cherokee St, Denver, CO 80223","2026/07/07",2138,"2 Beds","Apartment"
"1251 S Bellaire St, Denver, CO 80246","2026/07/07",1084,"Studio","Apartment"
"1251 S Bellaire St, Denver, CO 80246","2026/07/07",1019,"1 Bed","Apartment"
"1251 S Bellaire St, Denver, CO 80246","2026/07/07",1440,"2 Beds","Apartment"
"1101 E Bayaud Ave, Denver, CO 80209","2026/07/07",2128,"Studio","Apartment"
"1101 E Bayaud Ave, Denver, CO 80209","2026/07/07",2626,"1 Bed","Apartment"
"1101 E Bayaud Ave, Denver, CO 80209","2026/07/07",3930,"2 Beds","Apartment"
"9099 E Mississippi Ave, Denver, CO 80247","2026/07/07",1365,"Studio","Apartment"
"9099 E Mississippi Ave, Denver, CO 80247","2026/07/07",1355,"1 Bed","Apartment"
"9099 E Mississippi Ave, Denver, CO 80247","2026/07/07",1705,"2 Beds","Apartment"
"2525 Eliot St, Denver, CO 80211","2026/07/07",1595,"1 Bed","Apartment"
"2525 Eliot St, Denver, CO 80211","2026/07/07",1995,"2 Beds","Apartment"
"16505 Green Valley Ranch Blvd, Denver, CO 80239","2026/07/07",1401,"1 Bed","Apartment"
"16505 Green Valley Ranch Blvd, Denver, CO 80239","2026/07/07",1911,"2 Beds","Apartment"
"16505 Green Valley Ranch Blvd, Denver, CO 80239","2026/07/07",2511,"3 Beds","Apartment"
"1805 S Bannock St, Denver, CO 80223","2026/07/07",1858,"1 Bed","Apartment"
"1805 S Bannock St, Denver, CO 80223","2026/07/07",2534,"2 Beds","Apartment"
"2180 S Colorado Blvd, Denver, CO 80222","2026/07/07",1522,"Studio","Apartment"
"2180 S Colorado Blvd, Denver, CO 80222","2026/07/07",1737,"1 Bed","Apartment"
"2180 S Colorado Blvd, Denver, CO 80222","2026/07/07",2212,"2 Beds+","Apartment"
"1590 Grove St, Denver, CO 80204","2026/07/07",1240,"Studio","Apartment"
"1590 Grove St, Denver, CO 80204","2026/07/07",1640,"1 Bed","Apartment"
"1590 Grove St, Denver, CO 80204","2026/07/07",2360,"2 Beds","Apartment"
"1350 40th St, Denver, CO 80205","2026/07/07",1764,"Studio","Apartment"
"1350 40th St, Denver, CO 80205","2026/07/07",1939,"1 Bed","Apartment"
"1350 40th St, Denver, CO 80205","2026/07/07",2374,"2 Beds","Apartment"
"4150 Jason St, Denver, CO 80211","2026/07/07",1205,"Studio","Apartment"
"4150 Jason St, Denver, CO 80211","2026/07/07",1450,"1 Bed","Apartment"
"4150 Jason St, Denver, CO 80211","2026/07/07",1700,"2 Beds+","Apartment"
"4692 N Beeler Ct, Denver, CO 80238","2026/07/07",1786,"1 Bed","Apartment"
"4692 N Beeler Ct, Denver, CO 80238","2026/07/07",2181,"2 Beds","Apartment"
"4692 N Beeler Ct, Denver, CO 80238","2026/07/07",3333,"3 Beds","Apartment"
"4552 S Ulster St, Denver, CO 80237","2026/07/07",1584,"Studio","Apartment"
"4552 S Ulster St, Denver, CO 80237","2026/07/07",1762,"1 Bed","Apartment"
"4552 S Ulster St, Denver, CO 80237","2026/07/07",2382,"2 Beds+","Apartment"
"2501 W 26th Ave, Denver, CO 80211","2026/07/07",1486,"Studio","Apartment"
"2501 W 26th Ave, Denver, CO 80211","2026/07/07",1591,"1 Bed","Apartment"
"2501 W 26th Ave, Denver, CO 80211","2026/07/07",1906,"2 Beds","Apartment"
"1740 36th St, Denver, CO 80216","2026/07/07",1635,"Studio","Apartment"
"1740 36th St, Denver, CO 80216","2026/07/07",2125,"1 Bed","Apartment"
"1740 36th St, Denver, CO 80216","2026/07/07",3076,"2 Beds","Apartment"
"3000 W Bates Ave, Denver, CO 80236","2026/07/07",1338,"Studio","Apartment"
"3000 W Bates Ave, Denver, CO 80236","2026/07/07",1653,"1 Bed","Apartment"
"3000 W Bates Ave, Denver, CO 80236","2026/07/07",2102,"2 Beds+","Apartment"
"4607 Xenia St, Denver, CO 80238","2026/07/07",1696,"1 Bed","Apartment"
"4607 Xenia St, Denver, CO 80238","2026/07/07",2171,"2 Beds","Apartment"
"18457 E 51st Ave, Denver, CO 80249","2026/07/07",1610,"1 Bed","Apartment"
"18457 E 51st Ave, Denver, CO 80249","2026/07/07",2125,"2 Beds","Apartment"
"18457 E 51st Ave, Denver, CO 80249","2026/07/07",2654,"3 Beds","Apartment"
"1451 24th St, Denver, CO 80205","2026/07/07",1355,"Studio","Apartment"
"1451 24th St, Denver, CO 80205","2026/07/07",1493,"1 Bed","Apartment"
"1451 24th St, Denver, CO 80205","2026/07/07",1895,"2 Beds+","Apartment"
"3498 E Ellsworth Ave, Denver, CO 80209","2026/07/07",1454,"Studio","Apartment"
"3498 E Ellsworth Ave, Denver, CO 80209","2026/07/07",1524,"1 Bed","Apartment"
"3498 E Ellsworth Ave, Denver, CO 80209","2026/07/07",2266,"2 Beds+","Apartment"
"901 Colorado Blvd, Denver, CO 80206","2026/07/07",1711,"Studio","Apartment"
"901 Colorado Blvd, Denver, CO 80206","2026/07/07",1722,"1 Bed","Apartment"
"901 Colorado Blvd, Denver, CO 80206","2026/07/07",2189,"2 Beds+","Apartment"
"7555 E Warren Dr, Denver, CO 80231","2026/07/07",1464,"1 Bed","Apartment"
"7555 E Warren Dr, Denver, CO 80231","2026/07/07",1754,"2 Beds","Apartment"
"10225 E Girard Ave, Denver, CO 80231","2026/07/07",989,"1 Bed","Apartment"
"10225 E Girard Ave, Denver, CO 80231","2026/07/07",1191,"2 Beds","Apartment"
"2400 E Asbury Ave, Denver, CO 80210","2026/07/07",1515,"Studio","Apartment"
"2400 E Asbury Ave, Denver, CO 80210","2026/07/07",1899,"1 Bed","Apartment"
"2400 E Asbury Ave, Denver, CO 80210","2026/07/07",899,"2 Beds+","Apartment"
"1051 14th St, Denver, CO 80202","2026/07/07",1010,"2 Beds","Apartment"
"1051 14th St, Denver, CO 80202","2026/07/07",840,"4 Beds","Apartment"
"11453 W Burgundy Ave, Littleton, CO 80127","2026/07/07",1625,"1 Bed","Apartment"
"11453 W Burgundy Ave, Littleton, CO 80127","2026/07/07",1925,"2 Beds","Apartment"
"11453 W Burgundy Ave, Littleton, CO 80127","2026/07/07",2150,"3 Beds","Apartment"
"3505 S Nelson Cir, Lakewood, CO 80235","2026/07/07",2070,"1 Bed","Apartment"
"3505 S Nelson Cir, Lakewood, CO 80235","2026/07/07",2012,"2 Beds","Apartment"
"3505 S Nelson Cir, Lakewood, CO 80235","2026/07/07",2662,"3 Beds","Apartment"
"2205 S Racine Way, Aurora, CO 80014","2026/07/07",1204,"1 Bed","Apartment"
"2205 S Racine Way, Aurora, CO 80014","2026/07/07",1624,"2 Beds","Apartment"
"3791 W 68th Ave, Westminster, CO 80030","2026/07/07",982,"1 Bed","Apartment"
"3791 W 68th Ave, Westminster, CO 80030","2026/07/07",1305,"2 Beds","Apartment"
"2100 N Ursula St, Aurora, CO 80045","2026/07/07",1518,"Studio","Apartment"
"2100 N Ursula St, Aurora, CO 80045","2026/07/07",1558,"1 Bed","Apartment"
"2100 N Ursula St, Aurora, CO 80045","2026/07/07",1958,"2 Beds+","Apartment"
"445 S Saulsbury St, Lakewood, CO 80226","2026/07/07",1630,"1 Bed","Apartment"
"445 S Saulsbury St, Lakewood, CO 80226","2026/07/07",1877,"2 Beds","Apartment"
"445 S Saulsbury St, Lakewood, CO 80226","2026/07/07",2551,"3 Beds","Apartment"
"2271 N Clinton St, Aurora, CO 80010","2026/07/07",1380,"Studio","Apartment"
"2271 N Clinton St, Aurora, CO 80010","2026/07/07",1757,"1 Bed","Apartment"
"2271 N Clinton St, Aurora, CO 80010","2026/07/07",2083,"2 Beds+","Apartment"
"2060 N Chester St, Aurora, CO 80010","2026/07/07",1452,"Studio","Apartment"
"2060 N Chester St, Aurora, CO 80010","2026/07/07",1612,"1 Bed","Apartment"
"2060 N Chester St, Aurora, CO 80010","2026/07/07",2092,"2 Beds","Apartment"
"7800 E Peakview Ave, Centennial, CO 80111","2026/07/07",1536,"Studio","Apartment"
"7800 E Peakview Ave, Centennial, CO 80111","2026/07/07",1991,"1 Bed","Apartment"
"7800 E Peakview Ave, Centennial, CO 80111","2026/07/07",2562,"2 Beds+","Apartment"
"3601 S Dallas St, Aurora, CO 80014","2026/07/07",1080,"1 Bed","Apartment"
"3601 S Dallas St, Aurora, CO 80014","2026/07/07",1296,"2 Beds","Apartment"
"6300 W 13th Ave, Lakewood, CO 80214","2026/07/07",1349,"Studio","Apartment"
"6300 W 13th Ave, Lakewood, CO 80214","2026/07/07",1553,"1 Bed","Apartment"
"6300 W 13th Ave, Lakewood, CO 80214","2026/07/07",2174,"2 Beds","Apartment"
"2200 Market St, Denver, CO 80205","2026/07/07",1417,"Studio","Apartment"
"2200 Market St, Denver, CO 80205","2026/07/07",1742,"1 Bed","Apartment"
"2200 Market St, Denver, CO 80205","2026/07/07",2197,"2 Beds","Apartment"
"1039 S Parker Rd, Denver, CO 80231","2026/07/07",995,"Studio","Apartment"
"1039 S Parker Rd, Denver, CO 80231","2026/07/07",1025,"1 Bed","Apartment"
"1039 S Parker Rd, Denver, CO 80231","2026/07/07",1095,"2 Beds","Apartment"
"3444 S Emerson St, Englewood, CO 80113","2026/07/07",1617,"Studio","Apartment"
"3444 S Emerson St, Englewood, CO 80113","2026/07/07",1966,"1 Bed","Apartment"
"3444 S Emerson St, Englewood, CO 80113","2026/07/07",2739,"2 Beds+","Apartment"
"1600 Glenarm Pl, Denver, CO 80202","2026/07/07",1414,"Studio","Apartment"
"1600 Glenarm Pl, Denver, CO 80202","2026/07/07",1591,"1 Bed","Apartment"
"1600 Glenarm Pl, Denver, CO 80202","2026/07/07",2461,"2 Beds","Apartment"
"1771 S Quebec Way, Denver, CO 80231","2026/07/07",1399,"1 Bed","Apartment"
"1771 S Quebec Way, Denver, CO 80231","2026/07/07",1590,"2 Beds","Apartment"
"9095 E 47th Ave, Denver, CO 80238","2026/07/07",1584,"Studio","Apartment"
"9095 E 47th Ave, Denver, CO 80238","2026/07/07",1505,"1 Bed","Apartment"
"9095 E 47th Ave, Denver, CO 80238","2026/07/07",1840,"2 Beds+","Apartment"
"2101 Market St, Denver, CO 80205","2026/07/07",1448,"Studio","Apartment"
"2101 Market St, Denver, CO 80205","2026/07/07",1469,"1 Bed","Apartment"
"2101 Market St, Denver, CO 80205","2026/07/07",1980,"2 Beds","Apartment"
"4560 S Balsam Way, Denver, CO 80123","2026/07/07",1604,"1 Bed","Apartment"
"4560 S Balsam Way, Denver, CO 80123","2026/07/07",1934,"2 Beds","Apartment"
"4560 S Balsam Way, Denver, CO 80123","2026/07/07",3024,"3 Beds","Apartment"
"5250 E Cherry Creek South Dr, Denver, CO 80246","2026/07/07",1123,"Studio","Apartment"
"5250 E Cherry Creek South Dr, Denver, CO 80246","2026/07/07",1396,"1 Bed","Apartment"
"5250 E Cherry Creek South Dr, Denver, CO 80246","2026/07/07",1715,"2 Beds","Apartment"
"1600 Fillmore St, Denver, CO 80206","2026/07/07",1665,"1 Bed","Apartment"
"1600 Fillmore St, Denver, CO 80206","2026/07/07",2550,"2 Beds","Apartment"
"3725 E Buchtel Blvd, Denver, CO 80210","2026/07/07",1231,"1 Bed","Apartment"
"3725 E Buchtel Blvd, Denver, CO 80210","2026/07/07",1255,"2 Beds","Apartment"
"1950 N Pennsylvania St, Denver, CO 80203","2026/07/07",1071,"Studio","Apartment"
"1950 N Pennsylvania St, Denver, CO 80203","2026/07/07",2056,"2 Beds","Apartment"
"16199 E Green Valley Ranch Blvd, Denver, CO 80239","2026/07/07",1593,"1 Bed","Apartment"
"16199 E Green Valley Ranch Blvd, Denver, CO 80239","2026/07/07",1690,"2 Beds","Apartment"
NA,NA,NA,NA,NA
"9999 E Yale Ave, Denver, CO 80231","2026/07/07",1022,"Studio","Apartment"
"9999 E Yale Ave, Denver, CO 80231","2026/07/07",1239,"1 Bed","Apartment"
"9999 E Yale Ave, Denver, CO 80231","2026/07/07",1479,"2 Beds","Apartment"
"2300 Walnut St, Denver, CO 80205","2026/07/07",1329,"Studio","Apartment"
"2300 Walnut St, Denver, CO 80205","2026/07/07",1552,"1 Bed","Apartment"
"2300 Walnut St, Denver, CO 80205","2026/07/07",2280,"2 Beds","Apartment"
"1920 17th St, Denver, CO 80202","2026/07/07",1653,"Studio","Apartment"
"1920 17th St, Denver, CO 80202","2026/07/07",1991,"1 Bed","Apartment"
"1920 17th St, Denver, CO 80202","2026/07/07",2658,"2 Beds","Apartment"
"800 Pennsylvania St, Denver, CO 80203","2026/07/07",1336,"Studio","Apartment"
"800 Pennsylvania St, Denver, CO 80203","2026/07/07",1498,"1 Bed","Apartment"
"800 Pennsylvania St, Denver, CO 80203","2026/07/07",2520,"2 Beds+","Apartment"
"4000 N Albion St, Denver, CO 80216","2026/07/07",1675,"1 Bed","Apartment"
"4000 N Albion St, Denver, CO 80216","2026/07/07",2130,"2 Beds","Apartment"
"1939 S Quebec Way, Denver, CO 80231","2026/07/07",1257,"1 Bed","Apartment"
"1939 S Quebec Way, Denver, CO 80231","2026/07/07",1492,"2 Beds","Apartment"
"2121 Delgany St, Denver, CO 80202","2026/07/07",1651,"Studio","Apartment"
"2121 Delgany St, Denver, CO 80202","2026/07/07",1711,"1 Bed","Apartment"
"2121 Delgany St, Denver, CO 80202","2026/07/07",2176,"2 Beds+","Apartment"
"1801-1835 Arapahoe St, Denver, CO 80202","2026/07/07",1442,"1 Bed","Apartment"
"1801-1835 Arapahoe St, Denver, CO 80202","2026/07/07",1649,"2 Beds","Apartment"
"8405 E Hampden Ave, Denver, CO 80231","2026/07/07",984,"Studio","Apartment"
"8405 E Hampden Ave, Denver, CO 80231","2026/07/07",1109,"1 Bed","Apartment"
"8405 E Hampden Ave, Denver, CO 80231","2026/07/07",1424,"2 Beds","Apartment"
"645 Wolff St, Denver, CO 80204","2026/07/07",1003,"Studio","Apartment"
"645 Wolff St, Denver, CO 80204","2026/07/07",1036,"1 Bed","Apartment"
"645 Wolff St, Denver, CO 80204","2026/07/07",1327,"2 Beds","Apartment"
"3222 E 1st Ave, Denver, CO 80206","2026/07/07",2025,"Studio","Apartment"
"3222 E 1st Ave, Denver, CO 80206","2026/07/07",2321,"1 Bed","Apartment"
"3222 E 1st Ave, Denver, CO 80206","2026/07/07",4489,"2 Beds","Apartment"
"255-295 E Speer Blvd, Denver, CO 80203","2026/07/07",1405,"Studio","Apartment"
"255-295 E Speer Blvd, Denver, CO 80203","2026/07/07",1931,"1 Bed","Apartment"
"255-295 E Speer Blvd, Denver, CO 80203","2026/07/07",2237,"2 Beds","Apartment"
"4725 W Quincy Ave, Denver, CO 80236","2026/07/07",1942,"1 Bed","Apartment"
"4725 W Quincy Ave, Denver, CO 80236","2026/07/07",2190,"2 Beds","Apartment"
"801 S Cherry St, Denver, CO 80246","2026/07/07",1755,"1 Bed","Apartment"
"801 S Cherry St, Denver, CO 80246","2026/07/07",2624,"2 Beds","Apartment"
"11100 E Dartmouth Ave, Denver, CO 80014","2026/07/07",995,"1 Bed","Apartment"
"11100 E Dartmouth Ave, Denver, CO 80014","2026/07/07",1545,"2 Beds","Apartment"
"2797 Wewatta Way, Denver, CO 80216","2026/07/07",1509,"Studio","Apartment"
"2797 Wewatta Way, Denver, CO 80216","2026/07/07",1682,"1 Bed","Apartment"
"2797 Wewatta Way, Denver, CO 80216","2026/07/07",2264,"2 Beds","Apartment"
"240 S Monaco Pky, Denver, CO 80224","2026/07/07",1250,"1 Bed","Apartment"
"240 S Monaco Pky, Denver, CO 80224","2026/07/07",1637,"2 Beds","Apartment"
"240 S Monaco Pky, Denver, CO 80224","2026/07/07",2213,"3 Beds","Apartment"
"100 Steele St, Denver, CO 80206","2026/07/07",1820,"Studio","Apartment"
"100 Steele St, Denver, CO 80206","2026/07/07",2217,"1 Bed","Apartment"
"100 Steele St, Denver, CO 80206","2026/07/07",4399,"2 Beds","Apartment"
"2700 Decatur St, Denver, CO 80211","2026/07/07",1570,"Studio","Apartment"
"2700 Decatur St, Denver, CO 80211","2026/07/07",1679,"1 Bed","Apartment"
"2700 Decatur St, Denver, CO 80211","2026/07/07",2517,"2 Beds","Apartment"
"1776 Broadway St, Denver, CO 80202","2026/07/07",1428,"Studio","Apartment"
"1776 Broadway St, Denver, CO 80202","2026/07/07",1648,"1 Bed","Apartment"
"1776 Broadway St, Denver, CO 80202","2026/07/07",2248,"2 Beds","Apartment"
"7571 E Technology Way, Denver, CO 80237","2026/07/07",1697,"1 Bed","Apartment"
"7571 E Technology Way, Denver, CO 80237","2026/07/07",2336,"2 Beds","Apartment"
"7571 E Technology Way, Denver, CO 80237","2026/07/07",3171,"3 Beds","Apartment"
"4703 W 52nd Ave, Denver, CO 80212","2026/07/07",1639,"2 Beds","Apartment"
"4703 W 52nd Ave, Denver, CO 80212","2026/07/07",1830,"3 Beds","Apartment"
"4703 W 52nd Ave, Denver, CO 80212","2026/07/07",2786,"4 Beds","Apartment"
"1859 28th St, Denver, CO 80216","2026/07/07",1425,"Studio","Apartment"
"1859 28th St, Denver, CO 80216","2026/07/07",1695,"1 Bed","Apartment"
"1859 28th St, Denver, CO 80216","2026/07/07",2030,"2 Beds","Apartment"
"1777 Wewatta St, Denver, CO 80202","2026/07/07",1633,"Studio","Apartment"
"1777 Wewatta St, Denver, CO 80202","2026/07/07",1873,"1 Bed","Apartment"
"1777 Wewatta St, Denver, CO 80202","2026/07/07",3160,"2 Beds","Apartment"
"2450 S University Blvd, Denver, CO 80210","2026/07/07",1491,"Studio","Apartment"
"2450 S University Blvd, Denver, CO 80210","2026/07/07",1671,"1 Bed","Apartment"
"2450 S University Blvd, Denver, CO 80210","2026/07/07",2349,"2 Beds","Apartment"
"1781 York St, Denver, CO 80206","2026/07/07",1519,"Studio","Apartment"
"1781 York St, Denver, CO 80206","2026/07/07",1895,"1 Bed","Apartment"
"1781 York St, Denver, CO 80206","2026/07/07",2796,"2 Beds","Apartment"
"1661 Market St, Denver, CO 80202","2026/07/07",1446,"Studio","Apartment"
"1661 Market St, Denver, CO 80202","2026/07/07",1609,"1 Bed","Apartment"
"1661 Market St, Denver, CO 80202","2026/07/07",2488,"2 Beds","Apartment"
"2080 California St, Denver, CO 80205","2026/07/07",1184,"Studio","Apartment"
"2080 California St, Denver, CO 80205","2026/07/07",1549,"1 Bed","Apartment"
"2080 California St, Denver, CO 80205","2026/07/07",2187,"2 Beds","Apartment"
"550 Park Ave W, Denver, CO 80205","2026/07/07",1329,"Studio","Apartment"
"550 Park Ave W, Denver, CO 80205","2026/07/07",1487,"1 Bed","Apartment"
"550 Park Ave W, Denver, CO 80205","2026/07/07",2061,"2 Beds","Apartment"
"1350 Speer Blvd, Denver, CO 80204","2026/07/07",1750,"1 Bed","Apartment"
"1350 Speer Blvd, Denver, CO 80204","2026/07/07",2361,"2 Beds","Apartment"
"1350 Speer Blvd, Denver, CO 80204","2026/07/07",3230,"3 Beds","Apartment"
"1200 Grant St, Denver, CO 80203","2026/07/07",1599,"Studio","Apartment"
"1200 Grant St, Denver, CO 80203","2026/07/07",1599,"1 Bed","Apartment"
"1200 Grant St, Denver, CO 80203","2026/07/07",2325,"2 Beds","Apartment"
"3200 W Colfax Ave, Denver, CO 80204","2026/07/07",1711,"1 Bed","Apartment"
"3200 W Colfax Ave, Denver, CO 80204","2026/07/07",2317,"2 Beds","Apartment"
"3355 Denargo St, Denver, CO 80216","2026/07/07",1601,"Studio","Apartment"
"3355 Denargo St, Denver, CO 80216","2026/07/07",1836,"1 Bed","Apartment"
"3355 Denargo St, Denver, CO 80216","2026/07/07",2425,"2 Beds+","Apartment"
"600 Park Ave W, Denver, CO 80205","2026/07/07",1544,"Studio","Apartment"
"600 Park Ave W, Denver, CO 80205","2026/07/07",1830,"1 Bed","Apartment"
"600 Park Ave W, Denver, CO 80205","2026/07/07",2751,"2 Beds","Apartment"
"7108 E Lowry Blvd, Denver, CO 80230","2026/07/07",1516,"Studio","Apartment"
"7108 E Lowry Blvd, Denver, CO 80230","2026/07/07",1556,"1 Bed","Apartment"
"7108 E Lowry Blvd, Denver, CO 80230","2026/07/07",2336,"2 Beds+","Apartment"
"375 S Jackson St, Denver, CO 80209","2026/07/07",1709,"Studio","Apartment"
"375 S Jackson St, Denver, CO 80209","2026/07/07",2069,"1 Bed","Apartment"
"375 S Jackson St, Denver, CO 80209","2026/07/07",3677,"2 Beds","Apartment"
"1225 Santa Fe Dr, Denver, CO 80204","2026/07/07",1255,"Studio","Apartment"
"1225 Santa Fe Dr, Denver, CO 80204","2026/07/07",1260,"1 Bed","Apartment"
"17607 E 61st Ave, Denver, CO 80249","2026/07/07",1596,"1 Bed","Apartment"
"17607 E 61st Ave, Denver, CO 80249","2026/07/07",2206,"2 Beds","Apartment"
"18400 E Elmendorf Dr, Denver, CO 80249","2026/07/07",1553,"1 Bed","Apartment"
"18400 E Elmendorf Dr, Denver, CO 80249","2026/07/07",1888,"2 Beds","Apartment"
"18400 E Elmendorf Dr, Denver, CO 80249","2026/07/07",2633,"3 Beds","Apartment"
"1840 Market St, Denver, CO 80202","2026/07/07",1518,"Studio","Apartment"
"1840 Market St, Denver, CO 80202","2026/07/07",2236,"1 Bed","Apartment"
"1840 Market St, Denver, CO 80202","2026/07/07",3304,"2 Beds","Apartment"
"2065 S Cherokee St, Denver, CO 80223","2026/07/07",1296,"Studio","Apartment"
"2065 S Cherokee St, Denver, CO 80223","2026/07/07",1520,"1 Bed","Apartment"
"2065 S Cherokee St, Denver, CO 80223","2026/07/07",2129,"2 Beds","Apartment"
"3463 Walnut St, Denver, CO 80205","2026/07/07",1231,"Studio","Apartment"
"3463 Walnut St, Denver, CO 80205","2026/07/07",1372,"1 Bed","Apartment"
"3463 Walnut St, Denver, CO 80205","2026/07/07",2659,"2 Beds","Apartment"
"2520 Wewatta Way, Denver, CO 80216","2026/07/07",1585,"Studio","Apartment"
"2520 Wewatta Way, Denver, CO 80216","2026/07/07",1767,"1 Bed","Apartment"
"2520 Wewatta Way, Denver, CO 80216","2026/07/07",2552,"2 Beds","Apartment"
"2600 Lawrence St, Denver, CO 80205","2026/07/07",1505,"Studio","Apartment"
"2600 Lawrence St, Denver, CO 80205","2026/07/07",1850,"1 Bed","Apartment"
"2600 Lawrence St, Denver, CO 80205","2026/07/07",2605,"2 Beds+","Apartment"
"360 Acoma St, Denver, CO 80223","2026/07/07",1692,"1 Bed","Apartment"
"360 Acoma St, Denver, CO 80223","2026/07/07",2903,"2 Beds","Apartment"
"2130 Arapahoe St, Denver, CO 80205","2026/07/07",1226,"Studio","Apartment"
"2130 Arapahoe St, Denver, CO 80205","2026/07/07",1902,"1 Bed","Apartment"
"2130 Arapahoe St, Denver, CO 80205","2026/07/07",2490,"2 Beds+","Apartment"
"1919 Mile High Stadium Cir, Denver, CO 80204","2026/07/07",1339,"Studio","Apartment"
"1919 Mile High Stadium Cir, Denver, CO 80204","2026/07/07",1897,"1 Bed","Apartment"
"1919 Mile High Stadium Cir, Denver, CO 80204","2026/07/07",2316,"2 Beds+","Apartment"
"8625 E Iliff Ave, Denver, CO 80231","2026/07/07",2637,"2 Beds","Apartment"
"8625 E Iliff Ave, Denver, CO 80231","2026/07/07",2967,"3 Beds","Apartment"
"8625 E Iliff Ave, Denver, CO 80231","2026/07/07",3237,"4 Beds","Apartment"
"800 S Valentia St, Denver, CO 80247","2026/07/07",1565,"Studio","Apartment"
"800 S Valentia St, Denver, CO 80247","2026/07/07",1671,"1 Bed","Apartment"
"800 S Valentia St, Denver, CO 80247","2026/07/07",2228,"2 Beds+","Apartment"
"1850 S Quebec Way, Denver, CO 80231","2026/07/07",2476,"2 Beds","Apartment"
"1850 S Quebec Way, Denver, CO 80231","2026/07/07",3620,"3 Beds","Apartment"
"1850 S Quebec Way, Denver, CO 80231","2026/07/07",3748,"4 Beds","Apartment"
"6025 N Ceylon St, Denver, CO 80249","2026/07/07",1445,"1 Bed","Apartment"
"6025 N Ceylon St, Denver, CO 80249","2026/07/07",1992,"2 Beds","Apartment"
"6025 N Ceylon St, Denver, CO 80249","2026/07/07",2515,"3 Beds","Apartment"
"4545 E Warren Ave, Denver, CO 80222","2026/07/07",1391,"Studio","Apartment"
"4545 E Warren Ave, Denver, CO 80222","2026/07/07",1616,"1 Bed","Apartment"
"4545 E Warren Ave, Denver, CO 80222","2026/07/07",1904,"2 Beds","Apartment"
"18590 E 61st Ave, Denver, CO 80249","2026/07/07",1612,"1 Bed","Apartment"
"18590 E 61st Ave, Denver, CO 80249","2026/07/07",1932,"2 Beds","Apartment"
"18590 E 61st Ave, Denver, CO 80249","2026/07/07",2437,"3 Beds","Apartment"
"3650 Uinta St, Denver, CO 80238","2026/07/07",1641,"Studio","Apartment"
"3650 Uinta St, Denver, CO 80238","2026/07/07",1869,"1 Bed","Apartment"
"3650 Uinta St, Denver, CO 80238","2026/07/07",2483,"2 Beds","Apartment"
"200 E 7th Ave, Denver, CO 80203","2026/07/07",1468,"Studio","Apartment"
"200 E 7th Ave, Denver, CO 80203","2026/07/07",1663,"1 Bed","Apartment"
"200 E 7th Ave, Denver, CO 80203","2026/07/07",2638,"2 Beds","Apartment"
"1010 W Colfax Ave, Denver, CO 80204","2026/07/07",1416,"Studio","Apartment"
"1010 W Colfax Ave, Denver, CO 80204","2026/07/07",1687,"1 Bed","Apartment"
"1010 W Colfax Ave, Denver, CO 80204","2026/07/07",2355,"2 Beds","Apartment"
"2121 S Broadway, Denver, CO 80210","2026/07/07",1490,"Studio","Apartment"
"2121 S Broadway, Denver, CO 80210","2026/07/07",1735,"1 Bed","Apartment"
"2121 S Broadway, Denver, CO 80210","2026/07/07",2920,"2 Beds","Apartment"
"8355 E 32nd Ave, Denver, CO 80238","2026/07/07",1534,"Studio","Apartment"
"8355 E 32nd Ave, Denver, CO 80238","2026/07/07",1805,"1 Bed","Apartment"
"8355 E 32nd Ave, Denver, CO 80238","2026/07/07",2445,"2 Beds","Apartment"
"1933 S Acoma St, Denver, CO 80223","2026/07/07",1697,"Studio","Apartment"
"1933 S Acoma St, Denver, CO 80223","2026/07/07",1737,"1 Bed","Apartment"
"1933 S Acoma St, Denver, CO 80223","2026/07/07",2132,"2 Beds+","Apartment"
"9345 E 56th Ave, Denver, CO 80239","2026/07/07",1592,"1 Bed","Apartment"
"9345 E 56th Ave, Denver, CO 80239","2026/07/07",2437,"2 Beds","Apartment"
"370 W 12th Ave, Denver, CO 80204","2026/07/07",1611,"Studio","Apartment"
"370 W 12th Ave, Denver, CO 80204","2026/07/07",1695,"1 Bed","Apartment"
"370 W 12th Ave, Denver, CO 80204","2026/07/07",3275,"2 Beds","Apartment"
"17505 E 45th Ave, Denver, CO 80248","2026/07/07",1642,"1 Bed","Apartment"
"17505 E 45th Ave, Denver, CO 80248","2026/07/07",2194,"2 Beds","Apartment"
"2059 19th St, Denver, CO 80202","2026/07/07",1208,"Studio","Apartment"
"2059 19th St, Denver, CO 80202","2026/07/07",1534,"1 Bed","Apartment"
"1450 Morrison Rd, Denver, CO 80204","2026/07/07",1673,"1 Bed","Apartment"
"1450 Morrison Rd, Denver, CO 80204","2026/07/07",2594,"2 Beds","Apartment"
"1450 Morrison Rd, Denver, CO 80204","2026/07/07",3388,"3 Beds","Apartment"
"1900 S Acoma St, Denver, CO 80223","2026/07/07",1320,"Studio","Apartment"
"1900 S Acoma St, Denver, CO 80223","2026/07/07",1715,"1 Bed","Apartment"
"1900 S Acoma St, Denver, CO 80223","2026/07/07",2555,"2 Beds+","Apartment"
"1557 N Logan St, Denver, CO 80203","2026/07/07",1895,"Studio","Apartment"
"1557 N Logan St, Denver, CO 80203","2026/07/07",1730,"1 Bed","Apartment"
"1557 N Logan St, Denver, CO 80203","2026/07/07",3065,"2 Beds","Apartment"
"500 W 41st Ave, Denver, CO 80216","2026/07/07",1220,"Studio","Apartment"
"500 W 41st Ave, Denver, CO 80216","2026/07/07",1402,"1 Bed","Apartment"
"2999 Willow St, Denver, CO 80238","2026/07/07",1943,"Studio","Apartment"
"2999 Willow St, Denver, CO 80238","2026/07/07",1983,"1 Bed","Apartment"
"2999 Willow St, Denver, CO 80238","2026/07/07",2689,"2 Beds+","Apartment"
"2354 S High St, Denver, CO 80210","2026/07/07",1813,"1 Bed","Apartment"
"2354 S High St, Denver, CO 80210","2026/07/07",2433,"2 Beds","Apartment"
"2950 Brighton Blvd, Denver, CO 80216","2026/07/07",1706,"Studio","Apartment"
"2950 Brighton Blvd, Denver, CO 80216","2026/07/07",1830,"1 Bed","Apartment"
"2950 Brighton Blvd, Denver, CO 80216","2026/07/07",2722,"2 Beds","Apartment"
"7831 E Union Ave, Denver, CO 80237","2026/07/07",1667,"Studio","Apartment"
"7831 E Union Ave, Denver, CO 80237","2026/07/07",1837,"1 Bed","Apartment"
"7831 E Union Ave, Denver, CO 80237","2026/07/07",2527,"2 Beds+","Apartment"
"955 Bannock St, Denver, CO 80204","2026/07/07",1770,"1 Bed","Apartment"
"955 Bannock St, Denver, CO 80204","2026/07/07",2400,"2 Beds","Apartment"
"4560 Tennyson St, Denver, CO 80212","2026/07/07",1795,"Studio","Apartment"
"4560 Tennyson St, Denver, CO 80212","2026/07/07",2560,"1 Bed","Apartment"
"4560 Tennyson St, Denver, CO 80212","2026/07/07",2975,"2 Beds","Apartment"
"18905 E 60th Ave, Denver, CO 80249","2026/07/07",1762,"1 Bed","Apartment"
"18905 E 60th Ave, Denver, CO 80249","2026/07/07",2027,"2 Beds","Apartment"
"18905 E 60th Ave, Denver, CO 80249","2026/07/07",2562,"3 Beds","Apartment"
"4855 S Quebec St, Denver, CO 80237","2026/07/07",3036,"1 Bed","Apartment"
"4855 S Quebec St, Denver, CO 80237","2026/07/07",4856,"2 Beds","Apartment"
"4855 S Quebec St, Denver, CO 80237","2026/07/07",7516,"3 Beds","Apartment"
"990 N Cherokee St, Denver, CO 80204","2026/07/07",2094,"Studio","Apartment"
"990 N Cherokee St, Denver, CO 80204","2026/07/07",2459,"1 Bed","Apartment"
"990 N Cherokee St, Denver, CO 80204","2026/07/07",4174,"2 Beds+","Apartment"
"4101 E Louisiana Ave, Denver, CO 80246","2026/07/07",1345,"",NA
"855 N Broadway, Denver, CO 80203","2026/07/07",1694,"Studio","Apartment"
"855 N Broadway, Denver, CO 80203","2026/07/07",2275,"1 Bed","Apartment"
"855 N Broadway, Denver, CO 80203","2026/07/07",3196,"2 Beds","Apartment"
"9105 E Florida Ave, Denver, CO 80247","2026/07/07",1445,"1 Bed","Apartment"
"9105 E Florida Ave, Denver, CO 80247","2026/07/07",1991,"2 Beds","Apartment"
"9105 E Florida Ave, Denver, CO 80247","2026/07/07",2725,"3 Beds","Apartment"
"10025 E Girard Ave, Denver, CO 80231","2026/07/07",1184,"1 Bed","Apartment"
"10025 E Girard Ave, Denver, CO 80231","2026/07/07",1289,"2 Beds","Apartment"
"10025 E Girard Ave, Denver, CO 80231","2026/07/07",2252,"3 Beds","Apartment"
"5095 E Donald Ave, Denver, CO 80222","2026/07/07",1007,"Studio","Apartment"
"5095 E Donald Ave, Denver, CO 80222","2026/07/07",1081,"1 Bed","Apartment"
"5095 E Donald Ave, Denver, CO 80222","2026/07/07",1552,"2 Beds+","Apartment"
"6165 E Iliff Ave, Denver, CO 80222","2026/07/07",1006,"1 Bed","Apartment"
"6165 E Iliff Ave, Denver, CO 80222","2026/07/07",1306,"2 Beds","Apartment"
"4699 Kittredge St, Denver, CO 80239","2026/07/07",1518,"1 Bed","Apartment"
"4699 Kittredge St, Denver, CO 80239","2026/07/07",1833,"2 Beds","Apartment"
"4699 Kittredge St, Denver, CO 80239","2026/07/07",2503,"3 Beds","Apartment"
"7500 E Quincy Ave, Denver, CO 80237","2026/07/07",1436,"1 Bed","Apartment"
"7500 E Quincy Ave, Denver, CO 80237","2026/07/07",1611,"2 Beds","Apartment"
NA,NA,NA,NA,NA
"1776 Curtis St, Denver, CO 80202","2026/07/07",1614,"Studio","Apartment"
"1776 Curtis St, Denver, CO 80202","2026/07/07",1959,"1 Bed","Apartment"
"1776 Curtis St, Denver, CO 80202","2026/07/07",2566,"2 Beds","Apartment"
"2234 S Trenton Way, Denver, CO 80231","2026/07/07",1557,"1 Bed","Apartment"
"2234 S Trenton Way, Denver, CO 80231","2026/07/07",1817,"2 Beds","Apartment"
"2234 S Trenton Way, Denver, CO 80231","2026/07/07",2482,"3 Beds","Apartment"
"4185 E Florida Ave, Denver, CO 80222","2026/07/07",1100,"Studio","Apartment"
"4185 E Florida Ave, Denver, CO 80222","2026/07/07",999,"1 Bed","Apartment"
"4185 E Florida Ave, Denver, CO 80222","2026/07/07",1200,"2 Beds","Apartment"
"3234 N Navajo St, Denver, CO 80211","2026/07/07",1521,"Studio","Apartment"
"3234 N Navajo St, Denver, CO 80211","2026/07/07",2022,"1 Bed","Apartment"
"3234 N Navajo St, Denver, CO 80211","2026/07/07",2421,"2 Beds","Apartment"
"1880 Arapahoe St, Denver, CO 80202","2026/07/07",1467,"1 Bed","Apartment"
"1880 Arapahoe St, Denver, CO 80202","2026/07/07",2284,"2 Beds","Apartment"
NA,NA,NA,NA,NA
"2131 Lawrence St, Denver, CO 80205","2026/07/07",1533,"1 Bed","Apartment"
"2131 Lawrence St, Denver, CO 80205","2026/07/07",2389,"2 Beds","Apartment"
"828 17th St, Denver, CO 80202","2026/07/07",1252,"1 Bed","Apartment"
"828 17th St, Denver, CO 80202","2026/07/07",1890,"2 Beds","Apartment"
"828 N Broadway, Denver, CO 80203","2026/07/07",1492,"Studio","Apartment"
"828 N Broadway, Denver, CO 80203","2026/07/07",1650,"1 Bed","Apartment"
"828 N Broadway, Denver, CO 80203","2026/07/07",2489,"2 Beds","Apartment"
"7301-7575 EAST 29TH AVENUE, Denver, CO 80238","2026/07/07",1485,"Studio","Apartment"
"7301-7575 EAST 29TH AVENUE, Denver, CO 80238","2026/07/07",1529,"1 Bed","Apartment"
"7301-7575 EAST 29TH AVENUE, Denver, CO 80238","2026/07/07",2020,"2 Beds+","Apartment"
"3310 S Kenton St, Denver, CO 80014","2026/07/07",1355,"1 Bed","Apartment"
"3310 S Kenton St, Denver, CO 80014","2026/07/07",1755,"2 Beds","Apartment"
"3310 S Kenton St, Denver, CO 80014","2026/07/07",2345,"3 Beds","Apartment"
"8000 E Girard Ave, Denver, CO 80231","2026/07/07",1149,"Studio","Apartment"
"8000 E Girard Ave, Denver, CO 80231","2026/07/07",1249,"1 Bed","Apartment"
"8000 E Girard Ave, Denver, CO 80231","2026/07/07",1549,"2 Beds","Apartment"
"7777 E Yale Ave, Denver, CO 80231","2026/07/07",1280,"1 Bed","Apartment"
"7777 E Yale Ave, Denver, CO 80231","2026/07/07",1430,"2 Beds","Apartment"
"7777 E Yale Ave, Denver, CO 80231","2026/07/07",2045,"3 Beds","Apartment"
"770 Grant St, Denver, CO 80203","2026/07/07",1265,"1 Bed","Apartment"
"770 Grant St, Denver, CO 80203","2026/07/07",1825,"2 Beds","Apartment"
NA,NA,NA,NA,NA
"1493 Osage St, Denver, CO 80204","2026/07/07",1995,"Studio","Apartment"
"1493 Osage St, Denver, CO 80204","2026/07/07",2195,"1 Bed","Apartment"
"1493 Osage St, Denver, CO 80204","2026/07/07",1275,"2 Beds+","Apartment"
"3227 S Parker Rd, Denver, CO 80014","2026/07/07",1199,"1 Bed","Apartment"
"3227 S Parker Rd, Denver, CO 80014","2026/07/07",1479,"2 Beds","Apartment"
"4695 E Mississippi Ave, Denver, CO 80246","2026/07/07",925,"1 Bed","Apartment"
"4695 E Mississippi Ave, Denver, CO 80246","2026/07/07",1449,"2 Beds","Apartment"
"9600 E Girard Ave, Denver, CO 80231","2026/07/07",1200,"Studio","Apartment"
"9600 E Girard Ave, Denver, CO 80231","2026/07/07",1395,"1 Bed","Apartment"
"9600 E Girard Ave, Denver, CO 80231","2026/07/07",1995,"2 Beds","Apartment"
"5100 Leetsdale Dr, Denver, CO 80246","2026/07/07",1150,"1 Bed","Apartment"
"5100 Leetsdale Dr, Denver, CO 80246","2026/07/07",1450,"2 Beds","Apartment"
"817 17th St, Denver, CO 80202","2026/07/07",1299,"1 Bed","Apartment"
"817 17th St, Denver, CO 80202","2026/07/07",1793,"2 Beds","Apartment"
"7520 W Amherst Ave, Denver, CO 80227","2026/07/07",1175,"1 Bed","Apartment"
"7520 W Amherst Ave, Denver, CO 80227","2026/07/07",1550,"2 Beds","Apartment"
"1250 S Clermont St, Denver, CO 80246","2026/07/07",799,"Studio","Apartment"
"1250 S Clermont St, Denver, CO 80246","2026/07/07",820,"1 Bed","Apartment"
"1250 S Clermont St, Denver, CO 80246","2026/07/07",1040,"2 Beds","Apartment"
"1910 S Josephine St, Denver, CO 80210","2026/07/07",1400,"Studio","Apartment"
"1910 S Josephine St, Denver, CO 80210","2026/07/07",1475,"1 Bed","Apartment"
"1910 S Josephine St, Denver, CO 80210","2026/07/07",2425,"2 Beds","Apartment"
"1291 S Ulster St, Denver, CO 80231","2026/07/07",1799,"1 Bed","Apartment"
"1291 S Ulster St, Denver, CO 80231","2026/07/07",2370,"2 Beds","Apartment"
"360 W 13th Ave, Denver, CO 80204","2026/07/07",1170,"Studio","Apartment"
"360 W 13th Ave, Denver, CO 80204","2026/07/07",1905,"1 Bed","Apartment"
"360 W 13th Ave, Denver, CO 80204","2026/07/07",2230,"2 Beds","Apartment"
"3100 Inca St, Denver, CO 80202","2026/07/07",1350,"Studio","Apartment"
"3100 Inca St, Denver, CO 80202","2026/07/07",1665,"1 Bed","Apartment"
"3100 Inca St, Denver, CO 80202","2026/07/07",1100,"2 Beds+","Apartment"
"2049 S Columbine St, Denver, CO 80210","2026/07/07",1530,"2 Beds+",NA
"1140 Bannock St, Denver, CO 80204","2026/07/07",1730,"Studio","Apartment"
"1140 Bannock St, Denver, CO 80204","2026/07/07",1805,"1 Bed","Apartment"
"1140 Bannock St, Denver, CO 80204","2026/07/07",3209,"2 Beds","Apartment"
"3500 Chestnut Pl, Denver, CO 80216","2026/07/07",2005,"Studio","Apartment"
"3500 Chestnut Pl, Denver, CO 80216","2026/07/07",1700,"1 Bed","Apartment"
"3500 Chestnut Pl, Denver, CO 80216","2026/07/07",3675,"2 Beds+","Apartment"
"1275 N Santa Fe Dr, Denver, CO 80204","2026/07/07",1300,"Studio","Apartment"
"1275 N Santa Fe Dr, Denver, CO 80204","2026/07/07",1578,"1 Bed","Apartment"
"1275 N Santa Fe Dr, Denver, CO 80204","2026/07/07",1799,"2 Beds","Apartment"
"650 W Colfax Ave, Denver, CO 80204","2026/07/07",1828,"Studio","Apartment"
"650 W Colfax Ave, Denver, CO 80204","2026/07/07",1978,"1 Bed","Apartment"
"650 W Colfax Ave, Denver, CO 80204","2026/07/07",2623,"2 Beds","Apartment"
"6355 N Ceylon St, Denver, CO 80249","2026/07/07",1605,"1 Bed","Apartment"
"6355 N Ceylon St, Denver, CO 80249","2026/07/07",1929,"2 Beds","Apartment"
"6355 N Ceylon St, Denver, CO 80249","2026/07/07",2413,"3 Beds","Apartment"
"1050-1080 Sherman St, Denver, CO 80203","2026/07/07",1099,"Studio","Apartment"
"1050-1080 Sherman St, Denver, CO 80203","2026/07/07",2259,"2 Beds","Apartment"
"1050-1080 Sherman St, Denver, CO 80203","2026/07/07",2545,"3 Beds","Apartment"
"4175 E Mexico Ave, Denver, CO 80222","2026/07/07",1075,"Studio","Apartment"
"4175 E Mexico Ave, Denver, CO 80222","2026/07/07",1175,"1 Bed","Apartment"
"4175 E Mexico Ave, Denver, CO 80222","2026/07/07",1449,"2 Beds","Apartment"
"888-888 S Oneida St, Denver, CO 80224","2026/07/07",990,"1 Bed","Apartment"
"888-888 S Oneida St, Denver, CO 80224","2026/07/07",1250,"2 Beds","Apartment"
"3101 Arapahoe St, Denver, CO 80205","2026/07/07",1500,"1 Bed","Apartment"
"3101 Arapahoe St, Denver, CO 80205","2026/07/07",1795,"2 Beds","Apartment"
"13100 E Kansas Dr, Aurora, CO 80012","2026/07/07",1218,"1 Bed","Apartment"
"13100 E Kansas Dr, Aurora, CO 80012","2026/07/07",1486,"2 Beds","Apartment"
"2961 W Centennial Dr, Littleton, CO 80123","2026/07/07",1423,"1 Bed","Apartment"
"2961 W Centennial Dr, Littleton, CO 80123","2026/07/07",1718,"2 Beds","Apartment"
"5151 S Rio Grande St, Littleton, CO 80120","2026/07/07",1737,"1 Bed","Apartment"
"5151 S Rio Grande St, Littleton, CO 80120","2026/07/07",2058,"2 Beds","Apartment"
"5151 S Rio Grande St, Littleton, CO 80120","2026/07/07",2828,"3 Beds","Apartment"
"5109 S Delaware St, Englewood, CO 80110","2026/07/07",1415,"1 Bed","Apartment"
"5109 S Delaware St, Englewood, CO 80110","2026/07/07",1710,"2 Beds","Apartment"
"7901 E Belleview Ave, Englewood, CO 80111","2026/07/07",1622,"1 Bed","Apartment"
"7901 E Belleview Ave, Englewood, CO 80111","2026/07/07",2723,"2 Beds","Apartment"
"2605 S Miller Dr, Lakewood, CO 80227","2026/07/07",1616,"1 Bed","Apartment"
"2605 S Miller Dr, Lakewood, CO 80227","2026/07/07",1996,"2 Beds","Apartment"
"10756 E Virginia Ave, Aurora, CO 80012","2026/07/07",1173,"1 Bed","Apartment"
"10756 E Virginia Ave, Aurora, CO 80012","2026/07/07",1359,"2 Beds","Apartment"
"640-740 E Jefferson Ave, Englewood, CO 80113","2026/07/07",985,"Studio","Apartment"
"640-740 E Jefferson Ave, Englewood, CO 80113","2026/07/07",1069,"1 Bed","Apartment"
"7301 W Ohio Ave, Lakewood, CO 80226","2026/07/07",1641,"1 Bed","Apartment"
"7301 W Ohio Ave, Lakewood, CO 80226","2026/07/07",1915,"2 Beds","Apartment"
"7301 W Ohio Ave, Lakewood, CO 80226","2026/07/07",2271,"3 Beds","Apartment"
"3650 S Broadway, Englewood, CO 80113","2026/07/07",1341,"Studio","Apartment"
"3650 S Broadway, Englewood, CO 80113","2026/07/07",1626,"1 Bed","Apartment"
"3650 S Broadway, Englewood, CO 80113","2026/07/07",2056,"2 Beds+","Apartment"
"10117 W Dartmouth Pl, Lakewood, CO 80227","2026/07/07",1723,"1 Bed","Apartment"
"10117 W Dartmouth Pl, Lakewood, CO 80227","2026/07/07",2123,"2 Beds","Apartment"
"10117 W Dartmouth Pl, Lakewood, CO 80227","2026/07/07",2763,"3 Beds","Apartment"
"6201 W 26th Ave, Wheat Ridge, CO 80214","2026/07/07",1224,"1 Bed","Apartment"
"6201 W 26th Ave, Wheat Ridge, CO 80214","2026/07/07",1487,"2 Beds","Apartment"
"6201 W 26th Ave, Wheat Ridge, CO 80214","2026/07/07",1855,"3 Beds","Apartment"
"5001 E Mississippi Ave, Glendale, CO 80246","2026/07/07",1084,"1 Bed","Apartment"
"5001 E Mississippi Ave, Glendale, CO 80246","2026/07/07",1386,"2 Beds","Apartment"
NA,NA,NA,NA,NA
"1363 N Victor St, Aurora, CO 80011","2026/07/07",1427,"Studio","Apartment"
"1363 N Victor St, Aurora, CO 80011","2026/07/07",1388,"1 Bed","Apartment"
"1363 N Victor St, Aurora, CO 80011","2026/07/07",1650,"2 Beds+","Apartment"
"13021 E 21st Ave, Aurora, CO 80045","2026/07/07",1582,"Studio","Apartment"
"13021 E 21st Ave, Aurora, CO 80045","2026/07/07",1616,"1 Bed","Apartment"
"13021 E 21st Ave, Aurora, CO 80045","2026/07/07",2605,"2 Beds","Apartment"
"3899 S Dallas St, Aurora, CO 80014","2026/07/07",3167,"3 Beds","Apartment"
"3899 S Dallas St, Aurora, CO 80014","2026/07/07",3346,"4 Beds","Apartment"
"7295 W 56th Ave, Arvada, CO 80002","2026/07/07",1796,"Studio","Apartment"
"7295 W 56th Ave, Arvada, CO 80002","2026/07/07",1999,"1 Bed","Apartment"
"7295 W 56th Ave, Arvada, CO 80002","2026/07/07",3176,"2 Beds+","Apartment"
"1288 Wadsworth Blvd, Lakewood, CO 80214","2026/07/07",1367,"Studio","Apartment"
"1288 Wadsworth Blvd, Lakewood, CO 80214","2026/07/07",1653,"1 Bed","Apartment"
"1288 Wadsworth Blvd, Lakewood, CO 80214","2026/07/07",1988,"2 Beds","Apartment"
"3595 S Jason St, Englewood, CO 80110","2026/07/07",1597,"Studio","Apartment"
"3595 S Jason St, Englewood, CO 80110","2026/07/07",1907,"1 Bed","Apartment"
"3595 S Jason St, Englewood, CO 80110","2026/07/07",2588,"2 Beds","Apartment"
"1380 Uvalda St, Aurora, CO 80011","2026/07/07",1537,"Studio","Apartment"
"1380 Uvalda St, Aurora, CO 80011","2026/07/07",1757,"1 Bed","Apartment"
"1380 Uvalda St, Aurora, CO 80011","2026/07/07",2546,"2 Beds+","Apartment"
"3155 S Vaughn Way, Aurora, CO 80014","2026/07/07",1084,"Studio","Apartment"
"3155 S Vaughn Way, Aurora, CO 80014","2026/07/07",1426,"1 Bed","Apartment"
"3155 S Vaughn Way, Aurora, CO 80014","2026/07/07",2130,"2 Beds","Apartment"
"21650 E 56th Ave, Aurora, CO 80019","2026/07/07",1542,"1 Bed","Apartment"
"21650 E 56th Ave, Aurora, CO 80019","2026/07/07",1807,"2 Beds","Apartment"
"12600 E Colfax Ave, Aurora, CO 80011","2026/07/07",1647,"1 Bed","Apartment"
"12600 E Colfax Ave, Aurora, CO 80011","2026/07/07",2367,"2 Beds","Apartment"
"3640 W 65th Ave, Arvada, CO 80003","2026/07/07",3411,"3 Beds","Apartment"
"3640 W 65th Ave, Arvada, CO 80003","2026/07/07",3644,"4 Beds","Apartment"
"5701 W Colfax Ave, Lakewood, CO 80214","2026/07/07",1449,"Studio","Apartment"
"5701 W Colfax Ave, Lakewood, CO 80214","2026/07/07",1739,"1 Bed","Apartment"
"5701 W Colfax Ave, Lakewood, CO 80214","2026/07/07",2053,"2 Beds","Apartment"
"8000 W Crestline Ave, Littleton, CO 80123","2026/07/07",1634,"1 Bed","Apartment"
"8000 W Crestline Ave, Littleton, CO 80123","2026/07/07",1851,"2 Beds","Apartment"
"8000 W Crestline Ave, Littleton, CO 80123","2026/07/07",2476,"3 Beds","Apartment"
"5839 Pierce St, Arvada, CO 80003","2026/07/07",1269,"1 Bed","Apartment"
"5839 Pierce St, Arvada, CO 80003","2026/07/07",1324,"2 Beds","Apartment"
"5839 Pierce St, Arvada, CO 80003","2026/07/07",2054,"3 Beds","Apartment"
"6805 W Bowles Ave, Littleton, CO 80123","2026/07/07",1556,"1 Bed","Apartment"
"6805 W Bowles Ave, Littleton, CO 80123","2026/07/07",1881,"2 Beds","Apartment"
"6805 W Bowles Ave, Littleton, CO 80123","2026/07/07",3178,"3 Beds","Apartment"
"4550 Cherry Creek Dr S, Glendale, CO 80246","2026/07/07",1737,"1 Bed","Apartment"
"4550 Cherry Creek Dr S, Glendale, CO 80246","2026/07/07",2462,"2 Beds","Apartment"
"4550 Cherry Creek Dr S, Glendale, CO 80246","2026/07/07",3669,"3 Beds","Apartment"
"4957 S Prince Ct, Littleton, CO 80123","2026/07/07",1523,"Studio","Apartment"
"4957 S Prince Ct, Littleton, CO 80123","2026/07/07",1413,"1 Bed","Apartment"
"4957 S Prince Ct, Littleton, CO 80123","2026/07/07",1688,"2 Beds","Apartment"
"5820 S Windermere St, Littleton, CO 80120","2026/07/07",1145,"Studio","Apartment"
"5820 S Windermere St, Littleton, CO 80120","2026/07/07",1380,"1 Bed","Apartment"
"5820 S Windermere St, Littleton, CO 80120","2026/07/07",1665,"2 Beds","Apartment"
"4701 E Mississippi Ave, Glendale, CO 80246","2026/07/07",950,"1 Bed","Apartment"
"4701 E Mississippi Ave, Glendale, CO 80246","2026/07/07",1099,"2 Beds","Apartment"
"601 S Forest St, Glendale, CO 80246","2026/07/07",750,"Studio","Apartment"
"601 S Forest St, Glendale, CO 80246","2026/07/07",930,"1 Bed","Apartment"
"601 S Forest St, Glendale, CO 80246","2026/07/07",1278,"2 Beds","Apartment"
"2367 S Blackhawk St, Aurora, CO 80013","2026/07/07",1235,"Studio","Apartment"
"2367 S Blackhawk St, Aurora, CO 80013","2026/07/07",1538,"1 Bed","Apartment"
"2367 S Blackhawk St, Aurora, CO 80013","2026/07/07",1679,"2 Beds+","Apartment"
"5170 Marshall St, Arvada, CO 80002","2026/07/07",810,"1 Bed","Apartment"
"5170 Marshall St, Arvada, CO 80002","2026/07/07",972,"2 Beds","Apartment"
"5170 Marshall St, Arvada, CO 80002","2026/07/07",1123,"3 Beds","Apartment"
"7929 W Mansfield Pky, Lakewood, CO 80235","2026/07/07",1470,"1 Bed","Apartment"
"7929 W Mansfield Pky, Lakewood, CO 80235","2026/07/07",1650,"2 Beds","Apartment"
"7929 W Mansfield Pky, Lakewood, CO 80235","2026/07/07",2350,"3 Beds","Apartment"
"1055 Logan St, Denver, CO 80203","2026/07/07",1725,"1 Bed","Apartment"
"1055 Logan St, Denver, CO 80203","2026/07/07",2195,"2 Beds","Apartment"
NA,NA,NA,NA,NA
"757 Grant St, Denver, CO 80203","2026/07/07",1150,"",NA
"357 S Bannock St, Denver, CO 80223","2026/07/07",1617,"Studio","Apartment"
"357 S Bannock St, Denver, CO 80223","2026/07/07",1898,"1 Bed","Apartment"
"357 S Bannock St, Denver, CO 80223","2026/07/07",2554,"2 Beds","Apartment"
"4225 E Hale Pky, Denver, CO 80220","2026/07/07",1675,"1 Bed","Apartment"
"4225 E Hale Pky, Denver, CO 80220","2026/07/07",2884,"2 Beds","Apartment"
"2775 S Brook Dr, Denver, CO 80222","2026/07/07",2002,"1 Bed","Apartment"
"2775 S Brook Dr, Denver, CO 80222","2026/07/07",2402,"2 Beds","Apartment"
"98 S Emerson St, Denver, CO 80209","2026/07/07",1150,"2 Beds",NA
"4909 N Telluride St, Denver, CO 80249","2026/07/07",1675,"1 Bed","Apartment"
"4909 N Telluride St, Denver, CO 80249","2026/07/07",2215,"2 Beds","Apartment"
"4909 N Telluride St, Denver, CO 80249","2026/07/07",2950,"3 Beds","Apartment"
"1901 Grant St, Denver, CO 80203","2026/07/07",1663,"Studio","Apartment"
"1901 Grant St, Denver, CO 80203","2026/07/07",1655,"1 Bed","Apartment"
"2280 S Monaco Pky, Denver, CO 80222","2026/07/07",1073,"1 Bed","Apartment"
"2280 S Monaco Pky, Denver, CO 80222","2026/07/07",1191,"2 Beds","Apartment"
"7030-7070 Pecos St, Denver, CO 80221","2026/07/07",1032,"1 Bed","Apartment"
"7030-7070 Pecos St, Denver, CO 80221","2026/07/07",1643,"2 Beds","Apartment"
NA,NA,NA,NA,NA
"6026 N Ceylon St, Denver, CO 80249","2026/07/07",1561,"1 Bed","Apartment"
"6026 N Ceylon St, Denver, CO 80249","2026/07/07",2024,"2 Beds","Apartment"
"6026 N Ceylon St, Denver, CO 80249","2026/07/07",2653,"3 Beds","Apartment"
"1516-1552 Xavier St, Denver, CO 80204","2026/07/07",1253,"Studio","Apartment"
"1516-1552 Xavier St, Denver, CO 80204","2026/07/07",1206,"1 Bed","Apartment"
"1516-1552 Xavier St, Denver, CO 80204","2026/07/07",1910,"2 Beds","Apartment"
"2559 31st St, Denver, CO 80216","2026/07/07",2887,"2 Beds","Apartment"
"2559 31st St, Denver, CO 80216","2026/07/07",967,"3 Beds","Apartment"
"2360 E Evans Ave, Denver, CO 80210","2026/07/07",1540,"Studio","Apartment"
"2360 E Evans Ave, Denver, CO 80210","2026/07/07",1530,"1 Bed","Apartment"
"2360 E Evans Ave, Denver, CO 80210","2026/07/07",2510,"2 Beds","Apartment"
"10251 Zuni St, Denver, CO 80260","2026/07/07",1354,"1 Bed","Apartment"
"10251 Zuni St, Denver, CO 80260","2026/07/07",1624,"2 Beds","Apartment"
"1355 S Galena St, Denver, CO 80247","2026/07/07",998,"1 Bed","Apartment"
"1355 S Galena St, Denver, CO 80247","2026/07/07",1158,"2 Beds","Apartment"
"1290 Washington St, Denver, CO 80203","2026/07/07",929,"Studio","Apartment"
"1290 Washington St, Denver, CO 80203","2026/07/07",959,"1 Bed","Apartment"
"1801 Chestnut Pl, Denver, CO 80202","2026/07/07",1271,"Studio","Apartment"
"1801 Chestnut Pl, Denver, CO 80202","2026/07/07",1691,"1 Bed","Apartment"
"1801 Chestnut Pl, Denver, CO 80202","2026/07/07",2446,"2 Beds","Apartment"
"1090 S Parker Rd, Denver, CO 80231","2026/07/07",856,"Studio","Apartment"
"1090 S Parker Rd, Denver, CO 80231","2026/07/07",956,"1 Bed","Apartment"
"1090 S Parker Rd, Denver, CO 80231","2026/07/07",956,"2 Beds","Apartment"
"2373 E Evans Ave, Denver, CO 80210","2026/07/07",995,"2 Beds","Apartment"
"2373 E Evans Ave, Denver, CO 80210","2026/07/07",935,"4 Beds","Apartment"
"180 W 10th Ave, Denver, CO 80204","2026/07/07",1410,"Studio","Apartment"
"180 W 10th Ave, Denver, CO 80204","2026/07/07",1665,"1 Bed","Apartment"
"180 W 10th Ave, Denver, CO 80204","2026/07/07",2585,"2 Beds","Apartment"
"2091 S Gilpin St, Denver, CO 80210","2026/07/07",1700,"Studio","Apartment"
"2091 S Gilpin St, Denver, CO 80210","2026/07/07",1970,"1 Bed","Apartment"
"2091 S Gilpin St, Denver, CO 80210","2026/07/07",2720,"2 Beds","Apartment"
"5256 N Federal Blvd, Denver, CO 80221","2026/07/07",1550,"1 Bed","Apartment"
"5256 N Federal Blvd, Denver, CO 80221","2026/07/07",2350,"2 Beds","Apartment"
"827 Park Ave, Denver, CO 80205","2026/07/07",1395,"1 Bed","Apartment"
"827 Park Ave, Denver, CO 80205","2026/07/07",1757,"2 Beds","Apartment"
"5959 N Dunkirk St, Denver, CO 80249","2026/07/07",1834,"2 Beds","Apartment"
"5959 N Dunkirk St, Denver, CO 80249","2026/07/07",1936,"3 Beds","Apartment"
"8400 E Yale Ave, Denver, CO 80231","2026/07/07",1365,"1 Bed","Apartment"
"8400 E Yale Ave, Denver, CO 80231","2026/07/07",1395,"2 Beds","Apartment"
"3550 S Kendall St, Denver, CO 80235","2026/07/07",1319,"1 Bed","Apartment"
"3550 S Kendall St, Denver, CO 80235","2026/07/07",1499,"2 Beds","Apartment"
"12175 Albrook Dr, Denver, CO 80239","2026/07/07",990,"1 Bed","Apartment"
"12175 Albrook Dr, Denver, CO 80239","2026/07/07",1100,"2 Beds","Apartment"
"243 W 80th Ave, Denver, CO 80221","2026/07/07",1350,"Studio","Apartment"
"243 W 80th Ave, Denver, CO 80221","2026/07/07",1355,"1 Bed","Apartment"
"243 W 80th Ave, Denver, CO 80221","2026/07/07",850,"2 Beds","Apartment"
"1375 E Hampden Ave, Englewood, CO 80113","2026/07/07",1646,"Studio","Apartment"
"1375 E Hampden Ave, Englewood, CO 80113","2026/07/07",1797,"1 Bed","Apartment"
"1375 E Hampden Ave, Englewood, CO 80113","2026/07/07",2345,"2 Beds","Apartment"
NA,NA,NA,NA,NA
"5335 S Valentia Way, Greenwood Village, CO 80111","2026/07/07",1352,"1 Bed","Apartment"
"5335 S Valentia Way, Greenwood Village, CO 80111","2026/07/07",1815,"2 Beds","Apartment"
"5335 S Valentia Way, Greenwood Village, CO 80111","2026/07/07",2551,"3 Beds","Apartment"
"55 N Cook St, Denver, CO 80206","2026/07/07",1700,"Studio","Apartment"
"55 N Cook St, Denver, CO 80206","2026/07/07",2203,"1 Bed","Apartment"
"55 N Cook St, Denver, CO 80206","2026/07/07",3290,"2 Beds","Apartment"
"2190 E 11th Ave, Denver, CO 80206","2026/07/07",1915,"Studio","Apartment"
"2190 E 11th Ave, Denver, CO 80206","2026/07/07",2245,"1 Bed","Apartment"
"2190 E 11th Ave, Denver, CO 80206","2026/07/07",3580,"2 Beds+","Apartment"
"1633 Pearl St, Denver, CO 80203","2026/07/07",1892,"1 Bed","Apartment"
"1633 Pearl St, Denver, CO 80203","2026/07/07",2719,"2 Beds","Apartment"
"4400 S Monaco St, Denver, CO 80237","2026/07/07",1552,"1 Bed","Apartment"
"4400 S Monaco St, Denver, CO 80237","2026/07/07",2069,"2 Beds","Apartment"
"1975 19th St, Denver, CO 80202","2026/07/07",1817,"Studio","Apartment"
"1975 19th St, Denver, CO 80202","2026/07/07",1885,"1 Bed","Apartment"
"1975 19th St, Denver, CO 80202","2026/07/07",2856,"2 Beds","Apartment"
"1650 Wewatta St, Denver, CO 80202","2026/07/07",1704,"Studio","Apartment"
"1650 Wewatta St, Denver, CO 80202","2026/07/07",1704,"1 Bed","Apartment"
"1650 Wewatta St, Denver, CO 80202","2026/07/07",3104,"2 Beds","Apartment"
"1650 N Raleigh St, Denver, CO 80204","2026/07/07",2164,"Studio","Apartment"
"1650 N Raleigh St, Denver, CO 80204","2026/07/07",2385,"1 Bed","Apartment"
"1650 N Raleigh St, Denver, CO 80204","2026/07/07",3676,"2 Beds","Apartment"
"8965 E Florida Ave, Denver, CO 80247","2026/07/07",1155,"1 Bed","Apartment"
"8965 E Florida Ave, Denver, CO 80247","2026/07/07",1602,"2 Beds","Apartment"
"2424-2434 W Caithness Pl, Denver, CO 80211","2026/07/07",1676,"Studio","Apartment"
"2424-2434 W Caithness Pl, Denver, CO 80211","2026/07/07",2056,"1 Bed","Apartment"
"300 S Monroe St, Denver, CO 80209","2026/07/07",2531,"1 Bed","Apartment"
"300 S Monroe St, Denver, CO 80209","2026/07/07",3800,"2 Beds","Apartment"
"300 S Monroe St, Denver, CO 80209","2026/07/07",6019,"3 Beds","Apartment"
NA,NA,NA,NA,NA
"10400 E 29th Dr, Denver, CO 80238","2026/07/07",1811,"1 Bed","Apartment"
"10400 E 29th Dr, Denver, CO 80238","2026/07/07",1925,"2 Beds","Apartment"
"90 S Logan St, Denver, CO 80209","2026/07/07",1721,"1 Bed","Apartment"
"90 S Logan St, Denver, CO 80209","2026/07/07",2782,"2 Beds","Apartment"
"909 Bannock St, Denver, CO 80204","2026/07/07",1346,"Studio","Apartment"
"909 Bannock St, Denver, CO 80204","2026/07/07",2073,"1 Bed","Apartment"
"909 Bannock St, Denver, CO 80204","2026/07/07",3772,"2 Beds","Apartment"
"500 W Cedar Ave, Denver, CO 80223","2026/07/07",1776,"1 Bed","Apartment"
"500 W Cedar Ave, Denver, CO 80223","2026/07/07",2800,"2 Beds","Apartment"
"4255 Kittredge St, Denver, CO 80239","2026/07/07",1464,"1 Bed","Apartment"
"4255 Kittredge St, Denver, CO 80239","2026/07/07",1714,"2 Beds","Apartment"
"4255 Kittredge St, Denver, CO 80239","2026/07/07",2402,"3 Beds","Apartment"
"4380 S Monaco St, Denver, CO 80237","2026/07/07",1895,"Studio","Apartment"
"4380 S Monaco St, Denver, CO 80237","2026/07/07",1799,"1 Bed","Apartment"
"4380 S Monaco St, Denver, CO 80237","2026/07/07",2234,"2 Beds","Apartment"
"6750 E Chenango Ave, Denver, CO 80237","2026/07/07",1408,"Studio","Apartment"
"6750 E Chenango Ave, Denver, CO 80237","2026/07/07",1713,"1 Bed","Apartment"
"6750 E Chenango Ave, Denver, CO 80237","2026/07/07",2300,"2 Beds+","Apartment"
"1300 S Willow St, Denver, CO 80247","2026/07/07",1425,"1 Bed","Apartment"
"1300 S Willow St, Denver, CO 80247","2026/07/07",1900,"2 Beds","Apartment"
"4665 S Monaco St, Denver, CO 80237","2026/07/07",1662,"1 Bed","Apartment"
"4665 S Monaco St, Denver, CO 80237","2026/07/07",2143,"2 Beds","Apartment"
"3550 W 38th Ave, Denver, CO 80211","2026/07/07",1443,"Studio","Apartment"
"3550 W 38th Ave, Denver, CO 80211","2026/07/07",1962,"1 Bed","Apartment"
"1515 Vrain St, Denver, CO 80204","2026/07/07",1254,"",NA
"18799 E 65th Ave, Denver, CO 80249","2026/07/07",1574,"1 Bed","Apartment"
"18799 E 65th Ave, Denver, CO 80249","2026/07/07",2103,"2 Beds","Apartment"
"18799 E 65th Ave, Denver, CO 80249","2026/07/07",2624,"3 Beds","Apartment"
"1000 S Broadway St, Denver, CO 80209","2026/07/07",1616,"1 Bed","Apartment"
"1000 S Broadway St, Denver, CO 80209","2026/07/07",2296,"2 Beds","Apartment"
"2905 Inca St, Denver, CO 80202","2026/07/07",1602,"1 Bed","Apartment"
"2905 Inca St, Denver, CO 80202","2026/07/07",1967,"2 Beds","Apartment"
"2900 E 16th Ave, Denver, CO 80206","2026/07/07",1572,"Studio","Apartment"
"2900 E 16th Ave, Denver, CO 80206","2026/07/07",1713,"1 Bed","Apartment"
"2900 E 16th Ave, Denver, CO 80206","2026/07/07",2204,"2 Beds+","Apartment"
"777 E 17th Ave, Denver, CO 80203","2026/07/07",2028,"Studio","Apartment"
"777 E 17th Ave, Denver, CO 80203","2026/07/07",2042,"1 Bed","Apartment"
"777 E 17th Ave, Denver, CO 80203","2026/07/07",2543,"2 Beds","Apartment"
"1250 Cherokee St, Denver, CO 80204","2026/07/07",1405,"Studio","Apartment"
"1250 Cherokee St, Denver, CO 80204","2026/07/07",1590,"1 Bed","Apartment"
"1250 Cherokee St, Denver, CO 80204","2026/07/07",2975,"2 Beds","Apartment"
"350 S Jackson St, Denver, CO 80209","2026/07/07",1442,"Studio","Apartment"
"350 S Jackson St, Denver, CO 80209","2026/07/07",1685,"1 Bed","Apartment"
"350 S Jackson St, Denver, CO 80209","2026/07/07",1993,"2 Beds","Apartment"
"1490 Delgany St, Denver, CO 80202","2026/07/07",1695,"1 Bed","Apartment"
"1490 Delgany St, Denver, CO 80202","2026/07/07",2761,"2 Beds","Apartment"
"18591 E 61st Ave, Denver, CO 80249","2026/07/07",1535,"Studio","Apartment"
"18591 E 61st Ave, Denver, CO 80249","2026/07/07",1521,"1 Bed","Apartment"
"18591 E 61st Ave, Denver, CO 80249","2026/07/07",1950,"2 Beds","Apartment"
"650 S Dahlia Cir, Denver, CO 80246","2026/07/07",1564,"1 Bed","Apartment"
"650 S Dahlia Cir, Denver, CO 80246","2026/07/07",1762,"2 Beds","Apartment"
"650 S Dahlia Cir, Denver, CO 80246","2026/07/07",2609,"3 Beds","Apartment"
"4905 E Colfax Ave, Denver, CO 80220","2026/07/07",1400,"Studio","Apartment"
"4905 E Colfax Ave, Denver, CO 80220","2026/07/07",1905,"1 Bed","Apartment"
"4905 E Colfax Ave, Denver, CO 80220","2026/07/07",2960,"2 Beds","Apartment"
"1550 Raleigh St, Denver, CO 80204","2026/07/07",1300,"Studio","Apartment"
"1550 Raleigh St, Denver, CO 80204","2026/07/07",1817,"1 Bed","Apartment"
"1550 Raleigh St, Denver, CO 80204","2026/07/07",2491,"2 Beds","Apartment"
"2950 Arkins Ct, Denver, CO 80216","2026/07/07",1304,"Studio","Apartment"
"2950 Arkins Ct, Denver, CO 80216","2026/07/07",1615,"1 Bed","Apartment"
"2950 Arkins Ct, Denver, CO 80216","2026/07/07",2519,"2 Beds","Apartment"
"9990 E Harvard Ave, Denver, CO 80231","2026/07/07",1135,"Studio","Apartment"
"9990 E Harvard Ave, Denver, CO 80231","2026/07/07",1351,"1 Bed","Apartment"
"9990 E Harvard Ave, Denver, CO 80231","2026/07/07",1856,"2 Beds","Apartment"
"2975 Huron St, Denver, CO 80202","2026/07/07",1437,"Studio","Apartment"
"2975 Huron St, Denver, CO 80202","2026/07/07",1607,"1 Bed","Apartment"
"2975 Huron St, Denver, CO 80202","2026/07/07",2501,"2 Beds+","Apartment"
"651 W 42nd Ave, Denver, CO 80216","2026/07/07",1744,"Studio","Apartment"
"651 W 42nd Ave, Denver, CO 80216","2026/07/07",1852,"1 Bed","Apartment"
"651 W 42nd Ave, Denver, CO 80216","2026/07/07",3227,"2 Beds","Apartment"
"6900-7100 E Evans Ave, Denver, CO 80224","2026/07/07",903,"1 Bed","Apartment"
"6900-7100 E Evans Ave, Denver, CO 80224","2026/07/07",1234,"2 Beds","Apartment"
"18490 E 51st Ave, Denver, CO 80249","2026/07/07",1528,"1 Bed","Apartment"
"18490 E 51st Ave, Denver, CO 80249","2026/07/07",1900,"2 Beds","Apartment"
"18490 E 51st Ave, Denver, CO 80249","2026/07/07",2551,"3 Beds","Apartment"
"8001 E 11th Ave, Denver, CO 80220","2026/07/07",1434,"1 Bed","Apartment"
"8001 E 11th Ave, Denver, CO 80220","2026/07/07",1951,"2 Beds","Apartment"
"1590 Yates St, Denver, CO 80204","2026/07/07",1219,"Studio","Apartment"
"1590 Yates St, Denver, CO 80204","2026/07/07",1206,"1 Bed","Apartment"
"1590 Yates St, Denver, CO 80204","2026/07/07",1902,"2 Beds","Apartment"
"360 S Monroe St, Denver, CO 80209","2026/07/07",1839,"Studio","Apartment"
"360 S Monroe St, Denver, CO 80209","2026/07/07",1950,"1 Bed","Apartment"
"360 S Monroe St, Denver, CO 80209","2026/07/07",2929,"2 Beds","Apartment"
"1550 Platte St, Denver, CO 80202","2026/07/07",1597,"Studio","Apartment"
"1550 Platte St, Denver, CO 80202","2026/07/07",2152,"1 Bed","Apartment"
"1550 Platte St, Denver, CO 80202","2026/07/07",2641,"2 Beds","Apartment"
"1001 E Bayaud Ave, Denver, CO 80209","2026/07/07",1813,"1 Bed","Apartment"
"1001 E Bayaud Ave, Denver, CO 80209","2026/07/07",2135,"2 Beds","Apartment"
"7300-7500 E Harvard Ave, Denver, CO 80231","2026/07/07",947,"Studio","Apartment"
"7300-7500 E Harvard Ave, Denver, CO 80231","2026/07/07",1017,"1 Bed","Apartment"
"7300-7500 E Harvard Ave, Denver, CO 80231","2026/07/07",1172,"2 Beds","Apartment"
"1501 S Acoma St, Denver, CO 80223","2026/07/07",1576,"1 Bed","Apartment"
"1501 S Acoma St, Denver, CO 80223","2026/07/07",1802,"2 Beds","Apartment"
"6609 E Warren Ave, Denver, CO 80224","2026/07/07",1345,"Studio","Apartment"
"6609 E Warren Ave, Denver, CO 80224","2026/07/07",1650,"1 Bed","Apartment"
"6609 E Warren Ave, Denver, CO 80224","2026/07/07",2175,"2 Beds+","Apartment"
"4343 E Arkansas Ave, Denver, CO 80222","2026/07/07",1190,"Studio","Apartment"
"4343 E Arkansas Ave, Denver, CO 80222","2026/07/07",1277,"1 Bed","Apartment"
"4343 E Arkansas Ave, Denver, CO 80222","2026/07/07",1500,"2 Beds","Apartment"
"2470 S Quebec St, Denver, CO 80231","2026/07/07",1020,"Studio","Apartment"
"2470 S Quebec St, Denver, CO 80231","2026/07/07",1059,"1 Bed","Apartment"
"2470 S Quebec St, Denver, CO 80231","2026/07/07",1228,"2 Beds","Apartment"
"6950 E Chenango Ave, Denver, CO 80237","2026/07/07",1370,"Studio","Apartment"
"6950 E Chenango Ave, Denver, CO 80237","2026/07/07",1362,"1 Bed","Apartment"
"6950 E Chenango Ave, Denver, CO 80237","2026/07/07",2635,"2 Beds+","Apartment"
"8008 Montview Blvd, Denver, CO 80220","2026/07/07",967,"1 Bed","Apartment"
"8008 Montview Blvd, Denver, CO 80220","2026/07/07",1484,"2 Beds","Apartment"
"3390 W Alameda Ave, Denver, CO 80219","2026/07/07",1199,"1 Bed","Apartment"
"3390 W Alameda Ave, Denver, CO 80219","2026/07/07",1399,"2 Beds","Apartment"
"3390 W Alameda Ave, Denver, CO 80219","2026/07/07",1936,"3 Beds","Apartment"
"4109 E 10th Ave, Denver, CO 80206","2026/07/07",1629,"Studio","Apartment"
"4109 E 10th Ave, Denver, CO 80206","2026/07/07",1724,"1 Bed","Apartment"
"4109 E 10th Ave, Denver, CO 80206","2026/07/07",2484,"2 Beds+","Apartment"
"1620 Grant St, Denver, CO 80203","2026/07/07",790,"Studio","Apartment"
"1620 Grant St, Denver, CO 80203","2026/07/07",1145,"1 Bed","Apartment"
"3400 S Lowell Blvd, Denver, CO 80236","2026/07/07",1571,"1 Bed","Apartment"
"3400 S Lowell Blvd, Denver, CO 80236","2026/07/07",1495,"2 Beds","Apartment"
"2330 Broadway, Denver, CO 80205","2026/07/07",1150,"Studio","Apartment"
"2330 Broadway, Denver, CO 80205","2026/07/07",1250,"1 Bed","Apartment"
"2330 Broadway, Denver, CO 80205","2026/07/07",1600,"2 Beds","Apartment"
"2699 W 10th Ave, Denver, CO 80204","2026/07/07",1539,"1 Bed","Apartment"
"2699 W 10th Ave, Denver, CO 80204","2026/07/07",1646,"2 Beds","Apartment"
"2570 S Dayton Way, Denver, CO 80231","2026/07/07",906,"Studio","Apartment"
"2570 S Dayton Way, Denver, CO 80231","2026/07/07",1367,"1 Bed","Apartment"
"2570 S Dayton Way, Denver, CO 80231","2026/07/07",1546,"2 Beds","Apartment"
"9649 E 5th Ave, Denver, CO 80230","2026/07/07",1470,"1 Bed","Apartment"
"9649 E 5th Ave, Denver, CO 80230","2026/07/07",2046,"2 Beds","Apartment"
"9649 E 5th Ave, Denver, CO 80230","2026/07/07",2710,"3 Beds","Apartment"
"8330 E Quincy Ave, Denver, CO 80237","2026/07/07",1320,"1 Bed","Apartment"
"8330 E Quincy Ave, Denver, CO 80237","2026/07/07",1812,"2 Beds","Apartment"
NA,NA,NA,NA,NA
"4982 S Ulster St, Denver, CO 80237","2026/07/07",1215,"Studio","Apartment"
"4982 S Ulster St, Denver, CO 80237","2026/07/07",1585,"1 Bed","Apartment"
"4982 S Ulster St, Denver, CO 80237","2026/07/07",1765,"2 Beds","Apartment"
"444 E 19th Ave, Denver, CO 80203","2026/07/07",1331,"Studio","Apartment"
"444 E 19th Ave, Denver, CO 80203","2026/07/07",1730,"1 Bed","Apartment"
"444 E 19th Ave, Denver, CO 80203","2026/07/07",2816,"2 Beds","Apartment"
"8500 E Mississippi Ave, Denver, CO 80247","2026/07/07",2490,"2 Beds","Apartment"
"8500 E Mississippi Ave, Denver, CO 80247","2026/07/07",2505,"3 Beds","Apartment"
"5307 E Yale Ave, Denver, CO 80222","2026/07/07",1099,"1 Bed","Apartment"
"5307 E Yale Ave, Denver, CO 80222","2026/07/07",1318,"2 Beds","Apartment"
"17626 E 43rd Ave, Denver, CO 80249","2026/07/07",2385,"1 Bed","Apartment"
"17626 E 43rd Ave, Denver, CO 80249","2026/07/07",2609,"2 Beds","Apartment"
"17626 E 43rd Ave, Denver, CO 80249","2026/07/07",3033,"3 Beds","Apartment"
"1531 Stout St, Denver, CO 80202","2026/07/07",1309,"1 Bed","Apartment"
"1531 Stout St, Denver, CO 80202","2026/07/07",1469,"2 Beds","Apartment"
"9998 W Jewell Ave, Denver, CO 80232","2026/07/07",1313,"2 Beds",NA
"1010 S Oneida St, Denver, CO 80224","2026/07/07",1492,"1 Bed","Apartment"
"1010 S Oneida St, Denver, CO 80224","2026/07/07",1899,"2 Beds","Apartment"
"1211 S Quebec Way, Denver, CO 80231","2026/07/07",1159,"1 Bed","Apartment"
"1211 S Quebec Way, Denver, CO 80231","2026/07/07",1429,"2 Beds","Apartment"
"77 S Adams St, Denver, CO 80209","2026/07/07",1630,"1 Bed","Apartment"
"77 S Adams St, Denver, CO 80209","2026/07/07",2145,"2 Beds","Apartment"
"988 Bryant St, Denver, CO 80204","2026/07/07",1975,"2 Beds",NA
"12444 Albrook Dr, Denver, CO 80239","2026/07/07",1576,"2 Beds",NA
"4015 W 16th Ave, Denver, CO 80204","2026/07/07",1310,"Studio","Apartment"
"4015 W 16th Ave, Denver, CO 80204","2026/07/07",1250,"1 Bed","Apartment"
"4015 W 16th Ave, Denver, CO 80204","2026/07/07",1550,"2 Beds","Apartment"
"1800 W 85th Ave, Denver, CO 80260","2026/07/07",1085,"1 Bed","Apartment"
"1800 W 85th Ave, Denver, CO 80260","2026/07/07",1384,"2 Beds","Apartment"
"8680 E Alameda Ave, Denver, CO 80247","2026/07/07",1049,"Studio","Apartment"
"8680 E Alameda Ave, Denver, CO 80247","2026/07/07",1150,"1 Bed","Apartment"
"8680 E Alameda Ave, Denver, CO 80247","2026/07/07",1425,"2 Beds+","Apartment"
NA,NA,NA,NA,NA
"3465 S Gaylord Ct, Englewood, CO 80113","2026/07/07",1661,"1 Bed","Apartment"
"3465 S Gaylord Ct, Englewood, CO 80113","2026/07/07",2586,"2 Beds","Apartment"
"3465 S Gaylord Ct, Englewood, CO 80113","2026/07/07",3943,"3 Beds","Apartment"
"5200 S Ulster St, Greenwood Village, CO 80111","2026/07/07",1259,"1 Bed","Apartment"
"5200 S Ulster St, Greenwood Village, CO 80111","2026/07/07",2129,"2 Beds","Apartment"
"5200 S Ulster St, Greenwood Village, CO 80111","2026/07/07",3498,"3 Beds","Apartment"
"1801 E Girard Pl, Englewood, CO 80113","2026/07/07",1847,"2 Beds","Apartment"
"1801 E Girard Pl, Englewood, CO 80113","2026/07/07",2604,"3 Beds","Apartment"
"7410 W Warren Cir, Lakewood, CO 80227","2026/07/07",1649,"1 Bed","Apartment"
"7410 W Warren Cir, Lakewood, CO 80227","2026/07/07",2227,"2 Beds","Apartment"
"7410 W Warren Cir, Lakewood, CO 80227","2026/07/07",2935,"3 Beds","Apartment"
"10550 E Iowa Ave, Aurora, CO 80012","2026/07/07",1547,"1 Bed","Apartment"
"10550 E Iowa Ave, Aurora, CO 80012","2026/07/07",2047,"2 Beds","Apartment"
"10785 E Exposition Ave, Aurora, CO 80012","2026/07/07",945,"Studio","Apartment"
"10785 E Exposition Ave, Aurora, CO 80012","2026/07/07",975,"1 Bed","Apartment"
"10785 E Exposition Ave, Aurora, CO 80012","2026/07/07",1247,"2 Beds","Apartment"
NA,NA,NA,NA,NA
"9097 W Cross Dr, Littleton, CO 80123","2026/07/07",1620,"1 Bed","Apartment"
"9097 W Cross Dr, Littleton, CO 80123","2026/07/07",1965,"2 Beds","Apartment"
"7700 E Peakview Ave, Centennial, CO 80111","2026/07/07",1399,"Studio","Apartment"
"7700 E Peakview Ave, Centennial, CO 80111","2026/07/07",1628,"1 Bed","Apartment"
"7700 E Peakview Ave, Centennial, CO 80111","2026/07/07",2349,"2 Beds","Apartment"
"5400 S Park Terrace Ave, Greenwood Village, CO 80111","2026/07/07",2281,"1 Bed","Apartment"
"5400 S Park Terrace Ave, Greenwood Village, CO 80111","2026/07/07",2634,"2 Beds","Apartment"
"7555 E Peakview Ave, Englewood, CO 80111","2026/07/07",1580,"1 Bed","Apartment"
"7555 E Peakview Ave, Englewood, CO 80111","2026/07/07",2047,"2 Beds","Apartment"
"291 W Belleview Ave, Englewood, CO 80110","2026/07/07",1121,"1 Bed","Apartment"
"291 W Belleview Ave, Englewood, CO 80110","2026/07/07",1704,"2 Beds","Apartment"
"9896 E Louisiana Dr, Aurora, CO 80247","2026/07/07",1250,"1 Bed","Apartment"
"9896 E Louisiana Dr, Aurora, CO 80247","2026/07/07",1600,"2 Beds","Apartment"
"10901 E Garden Dr, Aurora, CO 80012","2026/07/07",1501,"1 Bed","Apartment"
"10901 E Garden Dr, Aurora, CO 80012","2026/07/07",2093,"2 Beds","Apartment"
"10901 E Garden Dr, Aurora, CO 80012","2026/07/07",2460,"3 Beds","Apartment"
"3021 S Galapago St, Englewood, CO 80110","2026/07/07",1631,"Studio","Apartment"
"3021 S Galapago St, Englewood, CO 80110","2026/07/07",1637,"1 Bed","Apartment"
"3021 S Galapago St, Englewood, CO 80110","2026/07/07",2240,"2 Beds","Apartment"
"9757 E Colorado Ave, Aurora, CO 80247","2026/07/07",1298,"1 Bed","Apartment"
"9757 E Colorado Ave, Aurora, CO 80247","2026/07/07",1787,"2 Beds","Apartment"
NA,NA,NA,NA,NA
"7846 W Mansfield Pky, Lakewood, CO 80235","2026/07/07",1603,"1 Bed","Apartment"
"7846 W Mansfield Pky, Lakewood, CO 80235","2026/07/07",2003,"2 Beds","Apartment"
"7846 W Mansfield Pky, Lakewood, CO 80235","2026/07/07",2503,"3 Beds","Apartment"
"4801 S Wadsworth Blvd, Littleton, CO 80123","2026/07/07",1599,"1 Bed","Apartment"
"4801 S Wadsworth Blvd, Littleton, CO 80123","2026/07/07",1975,"2 Beds","Apartment"
"700 S Reed Ct, Lakewood, CO 80226","2026/07/07",1468,"1 Bed","Apartment"
"700 S Reed Ct, Lakewood, CO 80226","2026/07/07",1232,"2 Beds","Apartment"
"700 S Reed Ct, Lakewood, CO 80226","2026/07/07",1914,"3 Beds","Apartment"
"1701 E Hampden Ave, Englewood, CO 80113","2026/07/07",1405,"1 Bed","Apartment"
"1701 E Hampden Ave, Englewood, CO 80113","2026/07/07",1718,"2 Beds","Apartment"
"801-901 Englewood Pky, Englewood, CO 80110","2026/07/07",1350,"1 Bed","Apartment"
"801-901 Englewood Pky, Englewood, CO 80110","2026/07/07",1672,"2 Beds","Apartment"
"801-901 Englewood Pky, Englewood, CO 80110","2026/07/07",2630,"3 Beds","Apartment"
"7791-7797 W 52nd Ave, Arvada, CO 80002","2026/07/07",1195,"1 Bed","Apartment"
"7791-7797 W 52nd Ave, Arvada, CO 80002","2026/07/07",1480,"2 Beds","Apartment"
"6748 S Webster St, Littleton, CO 80128","2026/07/07",1399,"1 Bed","Apartment"
"6748 S Webster St, Littleton, CO 80128","2026/07/07",1699,"2 Beds","Apartment"
"6748 S Webster St, Littleton, CO 80128","2026/07/07",1999,"3 Beds","Apartment"
"1710 Pierce St, Lakewood, CO 80214","2026/07/07",1226,"Studio","Apartment"
"1710 Pierce St, Lakewood, CO 80214","2026/07/07",1313,"1 Bed","Apartment"
"1710 Pierce St, Lakewood, CO 80214","2026/07/07",1576,"2 Beds","Apartment"
"6155 S Ammons Way, Littleton, CO 80123","2026/07/07",1900,"1 Bed","Apartment"
"6155 S Ammons Way, Littleton, CO 80123","2026/07/07",2831,"2 Beds","Apartment"
NA,NA,NA,NA,NA
"3500 S Sherman St, Englewood, CO 80113","2026/07/07",1475,"Studio","Apartment"
"3500 S Sherman St, Englewood, CO 80113","2026/07/07",1578,"1 Bed","Apartment"
"3500 S Sherman St, Englewood, CO 80113","2026/07/07",1888,"2 Beds","Apartment"
"1401 E Girard Pl, Englewood, CO 80113","2026/07/07",1299,"1 Bed","Apartment"
"1401 E Girard Pl, Englewood, CO 80113","2026/07/07",1599,"2 Beds","Apartment"
"1401 E Girard Pl, Englewood, CO 80113","2026/07/07",1999,"3 Beds","Apartment"
"7875 W Mansfield Pky, Lakewood, CO 80235","2026/07/07",1459,"1 Bed","Apartment"
"7875 W Mansfield Pky, Lakewood, CO 80235","2026/07/07",1448,"2 Beds","Apartment"
"8201-8203 W 9th Ave, Lakewood, CO 80214","2026/07/07",1445,"2 Beds","Apartment"
"8201-8203 W 9th Ave, Lakewood, CO 80214","2026/07/07",1740,"3 Beds","Apartment"
"6230 Glencoe St, Commerce City, CO 80022","2026/07/07",3026,"3 Beds","Apartment"
"6230 Glencoe St, Commerce City, CO 80022","2026/07/07",3026,"4 Beds","Apartment"
"6190 W 13th Ave, Lakewood, CO 80214","2026/07/07",981,"Studio","Apartment"
"6190 W 13th Ave, Lakewood, CO 80214","2026/07/07",1313,"1 Bed","Apartment"
"6190 W 13th Ave, Lakewood, CO 80214","2026/07/07",945,"2 Beds+","Apartment"
"1324 Xanadu St, Aurora, CO 80011","2026/07/07",1352,"1 Bed","Apartment"
"1324 Xanadu St, Aurora, CO 80011","2026/07/07",1199,"2 Beds","Apartment"
"1450 Lamar St, Lakewood, CO 80214","2026/07/07",1075,"Studio","Apartment"
"1450 Lamar St, Lakewood, CO 80214","2026/07/07",1050,"1 Bed","Apartment"
"1700 Pierce St, Lakewood, CO 80214","2026/07/07",788,"1 Bed","Apartment"
"1700 Pierce St, Lakewood, CO 80214","2026/07/07",1576,"2 Beds","Apartment"
"259 S Teller St, Lakewood, CO 80226","2026/07/07",1223,"1 Bed","Apartment"
"259 S Teller St, Lakewood, CO 80226","2026/07/07",1141,"2 Beds","Apartment"
"259 S Teller St, Lakewood, CO 80226","2026/07/07",2037,"3 Beds","Apartment"
"6150 W 13th Ave, Lakewood, CO 80214","2026/07/07",788,"1 Bed","Apartment"
"6150 W 13th Ave, Lakewood, CO 80214","2026/07/07",1576,"2 Beds","Apartment"
"6150 W 13th Ave, Lakewood, CO 80214","2026/07/07",1821,"3 Beds","Apartment"
"5800 W Alameda Ave, Lakewood, CO 80226","2026/07/07",1471,"Studio","Apartment"
"5800 W Alameda Ave, Lakewood, CO 80226","2026/07/07",1051,"1 Bed","Apartment"
"5800 W Alameda Ave, Lakewood, CO 80226","2026/07/07",1423,"2 Beds+","Apartment"
"12100 E Colfax Ave, Aurora, CO 80011","2026/07/07",788,"1 Bed","Apartment"
"12100 E Colfax Ave, Aurora, CO 80011","2026/07/07",945,"2 Beds","Apartment"
"4290 Knox Ct, Denver, CO 80211","2026/07/07",575,"2 Beds","Room"
"3800 Adams St, Denver, CO 80205","2026/07/07",535,"2 Beds","Room"
"624 E 12th Ave, Denver, CO 80203","2026/07/07",1190,"2 Beds","Room"
"923 Lipan St, Denver, CO 80204","2026/07/07",3530,"2 Beds","Room"
"942 Lipan St, Denver, CO 80204","2026/07/07",3660,"2 Beds","Room"
"101 Grant St, Denver, CO 80203","2026/07/07",1190,"Studio","Apartment"
"101 Grant St, Denver, CO 80203","2026/07/07",1285,"1 Bed","Apartment"
"101 Grant St, Denver, CO 80203","2026/07/07",1795,"2 Beds","Apartment"
"600-624 Pennsylvania St, Denver, CO 80203","2026/07/07",1290,"Studio","Apartment"
"600-624 Pennsylvania St, Denver, CO 80203","2026/07/07",1435,"1 Bed","Apartment"
"600-624 Pennsylvania St, Denver, CO 80203","2026/07/07",1530,"2 Beds","Apartment"
"2120 Blake St, Denver, CO 80205","2026/07/07",1405,"Studio","Apartment"
"2120 Blake St, Denver, CO 80205","2026/07/07",1810,"1 Bed","Apartment"
"2120 Blake St, Denver, CO 80205","2026/07/07",2380,"2 Beds","Apartment"
"2350 S University Blvd, Denver, CO 80210","2026/07/07",1490,"Studio","Apartment"
"2350 S University Blvd, Denver, CO 80210","2026/07/07",1380,"1 Bed","Apartment"
"2350 S University Blvd, Denver, CO 80210","2026/07/07",1920,"2 Beds","Apartment"
"5300 E Asbury Ave, Denver, CO 80222","2026/07/07",1395,"2 Beds","Apartment"
"5300 E Asbury Ave, Denver, CO 80222","2026/07/07",2035,"3 Beds","Apartment"
NA,NA,NA,NA,NA
"20 S Pearl St, Denver, CO 80209","2026/07/07",890,"Studio","Apartment"
"20 S Pearl St, Denver, CO 80209","2026/07/07",1280,"1 Bed","Apartment"
NA,NA,NA,NA,NA
"2749 Walnut St, Denver, CO 80205","2026/07/07",1857,"1 Bed","Apartment"
"2749 Walnut St, Denver, CO 80205","2026/07/07",2527,"2 Beds","Apartment"
NA,NA,NA,NA,NA
"1200 Colorado Blvd, Denver, CO 80206","2026/07/07",950,"1 Bed","Apartment"
"1200 Colorado Blvd, Denver, CO 80206","2026/07/07",1350,"2 Beds","Apartment"
NA,NA,NA,NA,NA
"2085 S Josephine St, Denver, CO 80210","2026/07/07",1225,"Studio","Apartment"
"2085 S Josephine St, Denver, CO 80210","2026/07/07",1450,"1 Bed","Apartment"
"2085 S Josephine St, Denver, CO 80210","2026/07/07",1680,"2 Beds","Apartment"
"594-598 S Lincoln St, Denver, CO 80209","2026/07/07",1095,"1 Bed","Apartment"
"594-598 S Lincoln St, Denver, CO 80209","2026/07/07",1630,"2 Beds","Apartment"
NA,NA,NA,NA,NA
"2715 W 25th Ave, Denver, CO 80211","2026/07/07",2085,"1 Bed","Apartment"
"2715 W 25th Ave, Denver, CO 80211","2026/07/07",2585,"2 Beds","Apartment"
"1235 Grant St, Denver, CO 80203","2026/07/07",1190,"Studio","Apartment"
"1235 Grant St, Denver, CO 80203","2026/07/07",1390,"1 Bed","Apartment"
"1235 Grant St, Denver, CO 80203","2026/07/07",1690,"2 Beds","Apartment"
NA,NA,NA,NA,NA
NA,NA,NA,NA,NA
"2800 S Syracuse Way, Denver, CO 80231","2026/07/07",1553,"1 Bed","Apartment"
"2800 S Syracuse Way, Denver, CO 80231","2026/07/07",1963,"2 Beds","Apartment"
"1001 N Sherman St, Denver, CO 80203","2026/07/07",875,"Studio","Apartment"
"1001 N Sherman St, Denver, CO 80203","2026/07/07",1495,"2 Beds","Apartment"
"8133 E 29th Ave, Denver, CO 80238","2026/07/07",1881,"1 Bed","Apartment"
"8133 E 29th Ave, Denver, CO 80238","2026/07/07",2776,"2 Beds","Apartment"
"150 W 9th Ave, Denver, CO 80204","2026/07/07",1571,"Studio","Apartment"
"150 W 9th Ave, Denver, CO 80204","2026/07/07",1641,"1 Bed","Apartment"
"150 W 9th Ave, Denver, CO 80204","2026/07/07",2591,"2 Beds","Apartment"
"3418 Larimer St, Denver, CO 80205","2026/07/07",1190,"Studio","Apartment"
"3418 Larimer St, Denver, CO 80205","2026/07/07",1695,"1 Bed","Apartment"
"3418 Larimer St, Denver, CO 80205","2026/07/07",2025,"2 Beds","Apartment"
"400 N Grant St, Denver, CO 80203","2026/07/07",1543,"Studio","Apartment"
"400 N Grant St, Denver, CO 80203","2026/07/07",1976,"1 Bed","Apartment"
"400 N Grant St, Denver, CO 80203","2026/07/07",3249,"2 Beds","Apartment"
"2680 18th St, Denver, CO 80211","2026/07/07",1667,"Studio","Apartment"
"2680 18th St, Denver, CO 80211","2026/07/07",2066,"1 Bed","Apartment"
"2680 18th St, Denver, CO 80211","2026/07/07",3066,"2 Beds","Apartment"
"1000 Lincoln St, Denver, CO 80203","2026/07/07",910,"2 Beds",NA
"4470 E Jewell Ave, Denver, CO 80222","2026/07/07",999,"1 Bed","Apartment"
"4470 E Jewell Ave, Denver, CO 80222","2026/07/07",1449,"2 Beds","Apartment"
"7500 Dakin St, Denver, CO 80221","2026/07/07",1120,"1 Bed","Apartment"
"7500 Dakin St, Denver, CO 80221","2026/07/07",1320,"2 Beds","Apartment"
"5155 E Yale Ave, Denver, CO 80222","2026/07/07",1273,"1 Bed","Apartment"
"5155 E Yale Ave, Denver, CO 80222","2026/07/07",1517,"2 Beds","Apartment"
"1295 Race St, Denver, CO 80206","2026/07/07",1093,"Studio","Apartment"
"1295 Race St, Denver, CO 80206","2026/07/07",1539,"1 Bed","Apartment"
"1295 Race St, Denver, CO 80206","2026/07/07",1869,"2 Beds","Apartment"
"407-422 29th Ave, Denver, CO 80205","2026/07/07",1005,"1 Bed","Apartment"
"407-422 29th Ave, Denver, CO 80205","2026/07/07",1745,"3 Beds","Apartment"
"820 N Sherman St, Denver, CO 80203","2026/07/07",1430,"1 Bed","Apartment"
"820 N Sherman St, Denver, CO 80203","2026/07/07",2200,"2 Beds","Apartment"
"2775 S Federal Blvd, Denver, CO 80236","2026/07/07",1075,"1 Bed","Apartment"
"2775 S Federal Blvd, Denver, CO 80236","2026/07/07",1299,"2 Beds","Apartment"
NA,NA,NA,NA,NA
"7150 Montview Blvd, Denver, CO 80220","2026/07/07",1288,"1 Bed","Apartment"
"7150 Montview Blvd, Denver, CO 80220","2026/07/07",1500,"2 Beds","Apartment"
"7150 Montview Blvd, Denver, CO 80220","2026/07/07",1753,"3 Beds","Apartment"
"5100-5170 E Asbury Ave, Denver, CO 80222","2026/07/07",891,"1 Bed","Apartment"
"5100-5170 E Asbury Ave, Denver, CO 80222","2026/07/07",1235,"2 Beds","Apartment"
"333 E 16th Ave, Denver, CO 80203","2026/07/07",895,"Studio","Apartment"
"333 E 16th Ave, Denver, CO 80203","2026/07/07",1095,"1 Bed","Apartment"
"3446 S Akron St, Denver, CO 80231","2026/07/07",1469,"1 Bed","Apartment"
"3446 S Akron St, Denver, CO 80231","2026/07/07",1428,"2 Beds","Apartment"
"3446 S Akron St, Denver, CO 80231","2026/07/07",2187,"3 Beds","Apartment"
"1250 S Dayton Ct, Denver, CO 80247","2026/07/07",1373,"1 Bed","Apartment"
"1250 S Dayton Ct, Denver, CO 80247","2026/07/07",1853,"2 Beds","Apartment"
"1250 S Dayton Ct, Denver, CO 80247","2026/07/07",2503,"3 Beds","Apartment"
"2506 W Colfax Ave, Denver, CO 80204","2026/07/07",1412,"Studio","Apartment"
"2506 W Colfax Ave, Denver, CO 80204","2026/07/07",1726,"1 Bed","Apartment"
"2506 W Colfax Ave, Denver, CO 80204","2026/07/07",2623,"2 Beds","Apartment"
"3125-3129 W Arkansas Ave, Denver, CO 80219","2026/07/07",879,"Studio","Apartment"
"3125-3129 W Arkansas Ave, Denver, CO 80219","2026/07/07",1068,"1 Bed","Apartment"
"3125-3129 W Arkansas Ave, Denver, CO 80219","2026/07/07",1154,"2 Beds+","Apartment"
"4055 N Albion, Denver, CO 80216","2026/07/07",810,"1 Bed","Apartment"
"4055 N Albion, Denver, CO 80216","2026/07/07",972,"2 Beds","Apartment"
"4055 N Albion, Denver, CO 80216","2026/07/07",1872,"3 Beds","Apartment"
"2375 E Evans Ave, Denver, CO 80210","2026/07/07",742,"Studio","Apartment"
"2375 E Evans Ave, Denver, CO 80210","2026/07/07",1277,"1 Bed","Apartment"
"6343 E Girard Pl, Denver, CO 80222","2026/07/07",1279,"1 Bed","Apartment"
"6343 E Girard Pl, Denver, CO 80222","2026/07/07",1900,"2 Beds","Apartment"
"6343 E Girard Pl, Denver, CO 80222","2026/07/07",2573,"3 Beds","Apartment"
NA,NA,NA,NA,NA
"2301-2395 W Virginia Ave, Denver, CO 80223","2026/07/07",999,"1 Bed","Apartment"
"2301-2395 W Virginia Ave, Denver, CO 80223","2026/07/07",1299,"2 Beds","Apartment"
"2660 S Delaware St, Denver, CO 80223","2026/07/07",2600,"2 Beds",NA
"2799 W 13th Ave, Denver, CO 80204","2026/07/07",1750,"2 Beds",NA
"5120 N Broadway, Denver, CO 80216","2026/07/07",1199,"1 Bed","Apartment"
"5120 N Broadway, Denver, CO 80216","2026/07/07",1299,"2 Beds","Apartment"
"5120 N Broadway, Denver, CO 80216","2026/07/07",1899,"3 Beds","Apartment"
"5190 N Broadway, Denver, CO 80216","2026/07/07",1199,"1 Bed","Apartment"
"5190 N Broadway, Denver, CO 80216","2026/07/07",1299,"2 Beds","Apartment"
"5190 N Broadway, Denver, CO 80216","2026/07/07",1899,"3 Beds+","Apartment"
"1510 N Valentia St, Denver, CO 80220","2026/07/07",1122,"1 Bed","Apartment"
"1510 N Valentia St, Denver, CO 80220","2026/07/07",1338,"2 Beds","Apartment"
"1510 N Valentia St, Denver, CO 80220","2026/07/07",1538,"3 Beds","Apartment"
"6900 W 25th Ave, Denver, CO 80214","2026/07/07",899,"Studio","Apartment"
"6900 W 25th Ave, Denver, CO 80214","2026/07/07",1099,"1 Bed","Apartment"
"6900 W 25th Ave, Denver, CO 80214","2026/07/07",1224,"2 Beds+","Apartment"
"2449 S Colorado Blvd, Denver, CO 80222","2026/07/07",1499,"Studio","Apartment"
"2449 S Colorado Blvd, Denver, CO 80222","2026/07/07",999,"1 Bed","Apartment"
"2449 S Colorado Blvd, Denver, CO 80222","2026/07/07",1199,"2 Beds","Apartment"
"919 Alcott St, Denver, CO 80204","2026/07/07",1249,"1 Bed","Apartment"
"919 Alcott St, Denver, CO 80204","2026/07/07",1499,"2 Beds","Apartment"
"1170 Ash St, Denver, CO 80220","2026/07/07",1399,"1 Bed","Apartment"
"1170 Ash St, Denver, CO 80220","2026/07/07",1761,"2 Beds","Apartment"
"1170 Ash St, Denver, CO 80220","2026/07/07",2034,"3 Beds","Apartment"
"7937 W 54th Ave, Arvada, CO 80002","2026/07/07",1226,"Studio","Apartment"
"7937 W 54th Ave, Arvada, CO 80002","2026/07/07",1356,"1 Bed","Apartment"
"6066 Lamar St, Arvada, CO 80003","2026/07/07",1056,"Studio","Apartment"
"6066 Lamar St, Arvada, CO 80003","2026/07/07",1336,"1 Bed","Apartment"
"6066 Lamar St, Arvada, CO 80003","2026/07/07",1505,"2 Beds","Apartment"
"3401-3435 S Lincoln St, Englewood, CO 80113","2026/07/07",1250,"2 Beds",NA
"9803 W Girton Dr, Lakewood, CO 80227","2026/07/07",1163,"1 Bed","Apartment"
"9803 W Girton Dr, Lakewood, CO 80227","2026/07/07",1364,"2 Beds","Apartment"
NA,NA,NA,NA,NA
"1470 S Havana St, Aurora, CO 80012","2026/07/07",1775,"1 Bed","Apartment"
"1470 S Havana St, Aurora, CO 80012","2026/07/07",2700,"2 Beds","Apartment"
"919 S Peoria St, Aurora, CO 80012","2026/07/07",878,"Studio","Apartment"
"919 S Peoria St, Aurora, CO 80012","2026/07/07",918,"1 Bed","Apartment"
"919 S Peoria St, Aurora, CO 80012","2026/07/07",1202,"2 Beds","Apartment"
"1800 Billings St, Aurora, CO 80011","2026/07/07",999,"1 Bed","Apartment"
"1800 Billings St, Aurora, CO 80011","2026/07/07",1099,"2 Beds","Apartment"
"3205 W Floyd Ave, Englewood, CO 80110","2026/07/07",1143,"Studio","Apartment"
"3205 W Floyd Ave, Englewood, CO 80110","2026/07/07",1342,"1 Bed","Apartment"
"3205 W Floyd Ave, Englewood, CO 80110","2026/07/07",1511,"2 Beds","Apartment"
"151 S Joliet Cir, Aurora, CO 80012","2026/07/07",1320,"1 Bed","Apartment"
"151 S Joliet Cir, Aurora, CO 80012","2026/07/07",1620,"2 Beds","Apartment"
"151 S Joliet Cir, Aurora, CO 80012","2026/07/07",2205,"3 Beds","Apartment"
"6230 Glencoe St, Commerce City, CO 80022","2026/07/07",756,"Studio","Apartment"
"6230 Glencoe St, Commerce City, CO 80022","2026/07/07",810,"1 Bed","Apartment"
"6230 Glencoe St, Commerce City, CO 80022","2026/07/07",972,"2 Beds+","Apartment"
"7570 W Jewell Ave, Lakewood, CO 80232","2026/07/07",1400,"1 Bed","Apartment"
"7570 W Jewell Ave, Lakewood, CO 80232","2026/07/07",1700,"2 Beds","Apartment"
"3165 S Quari St, Aurora, CO 80014","2026/07/07",2102,"1 Bed","Apartment"
"3165 S Quari St, Aurora, CO 80014","2026/07/07",2522,"2 Beds","Apartment"
"3165 S Quari St, Aurora, CO 80014","2026/07/07",2915,"3 Beds","Apartment"
"7098 W Cedar Ave, Lakewood, CO 80226","2026/07/07",1325,"3 Beds",NA
"3488 W Quincy Ave, Englewood, CO 80110","2026/07/07",1349,"1 Bed","Apartment"
"3488 W Quincy Ave, Englewood, CO 80110","2026/07/07",1520,"2 Beds","Apartment"
"3488 W Quincy Ave, Englewood, CO 80110","2026/07/07",1950,"3 Beds","Apartment"
"3650 Vance St, Wheat Ridge, CO 80033","2026/07/07",1350,"1 Bed","Apartment"
"3650 Vance St, Wheat Ridge, CO 80033","2026/07/07",1625,"2 Beds","Apartment"
"700 W Belleview Ave, Englewood, CO 80110","2026/07/07",1246,"1 Bed","Apartment"
"700 W Belleview Ave, Englewood, CO 80110","2026/07/07",1650,"2 Beds","Apartment"
NA,NA,NA,NA,NA
"831 Cherry St, Denver, CO 80220","2026/07/07",1235,"1 Bed","Apartment"
"831 Cherry St, Denver, CO 80220","2026/07/07",1260,"2 Beds","Apartment"
"5 Sherman St, Denver, CO 80203","2026/07/07",1340,"1 Bed","Apartment"
"5 Sherman St, Denver, CO 80203","2026/07/07",1330,"2 Beds","Apartment"
"1280 Albion St, Denver, CO 80220","2026/07/07",895,"1 Bed","Apartment"
"1280 Albion St, Denver, CO 80220","2026/07/07",1480,"2 Beds","Apartment"
NA,NA,NA,NA,NA
"850 Cherry St, Denver, CO 80220","2026/07/07",915,"Studio","Apartment"
"850 Cherry St, Denver, CO 80220","2026/07/07",960,"1 Bed","Apartment"
"4300 S Monaco St, Denver, CO 80237","2026/07/07",1505,"Studio","Apartment"
"4300 S Monaco St, Denver, CO 80237","2026/07/07",1752,"1 Bed","Apartment"
"4300 S Monaco St, Denver, CO 80237","2026/07/07",2536,"2 Beds","Apartment"
"850 S Pearl St, Denver, CO 80209","2026/07/07",1000,"2 Beds",NA
NA,NA,NA,NA,NA
"770 Albion St, Denver, CO 80220","2026/07/07",1040,"2 Beds",NA
NA,NA,NA,NA,NA
"2555 17th St, Denver, CO 80211","2026/07/07",1654,"1 Bed","Apartment"
"2555 17th St, Denver, CO 80211","2026/07/07",2244,"2 Beds","Apartment"
"4205 E 10th Ave, Denver, CO 80220","2026/07/07",1804,"Studio","Apartment"
"4205 E 10th Ave, Denver, CO 80220","2026/07/07",1776,"1 Bed","Apartment"
"4205 E 10th Ave, Denver, CO 80220","2026/07/07",3544,"2 Beds","Apartment"
"2920 W 29th Ave, Denver, CO 80211","2026/07/07",1561,"Studio","Apartment"
"2920 W 29th Ave, Denver, CO 80211","2026/07/07",1945,"1 Bed","Apartment"
"180 Madison St, Denver, CO 80206","2026/07/07",2293,"1 Bed","Apartment"
"180 Madison St, Denver, CO 80206","2026/07/07",4358,"2 Beds","Apartment"
"3720 N Downing St, Denver, CO 80205","2026/07/07",1490,"Studio","Apartment"
"3720 N Downing St, Denver, CO 80205","2026/07/07",1892,"1 Bed","Apartment"
"3720 N Downing St, Denver, CO 80205","2026/07/07",2644,"2 Beds","Apartment"
"1025 N Sherman St, Denver, CO 80203","2026/07/07",1035,"Studio","Apartment"
"1025 N Sherman St, Denver, CO 80203","2026/07/07",1140,"1 Bed","Apartment"
"1035 N Sherman St, Denver, CO 80203","2026/07/07",1070,"Studio","Apartment"
"1035 N Sherman St, Denver, CO 80203","2026/07/07",1210,"1 Bed","Apartment"
"2298 W 28th Ave, Denver, CO 80211","2026/07/07",1675,"Studio","Apartment"
"2298 W 28th Ave, Denver, CO 80211","2026/07/07",2146,"1 Bed","Apartment"
"2298 W 28th Ave, Denver, CO 80211","2026/07/07",3397,"2 Beds","Apartment"
"2980 Syracuse St, Denver, CO 80238","2026/07/07",2408,"1 Bed","Apartment"
"2980 Syracuse St, Denver, CO 80238","2026/07/07",2502,"2 Beds","Apartment"
"330 Acoma St, Denver, CO 80223","2026/07/07",1185,"Studio","Apartment"
"330 Acoma St, Denver, CO 80223","2026/07/07",1261,"1 Bed","Apartment"
"330 Acoma St, Denver, CO 80223","2026/07/07",1471,"2 Beds","Apartment"
"30 Pearl St, Denver, CO 80203","2026/07/07",1255,"1 Bed","Apartment"
"30 Pearl St, Denver, CO 80203","2026/07/07",1305,"2 Beds","Apartment"
"3251 Lowell Blvd, Denver, CO 80211","2026/07/07",1543,"Studio","Apartment"
"3251 Lowell Blvd, Denver, CO 80211","2026/07/07",2303,"1 Bed","Apartment"
"1722 Grove St, Denver, CO 80204","2026/07/07",1286,"Studio","Apartment"
"1722 Grove St, Denver, CO 80204","2026/07/07",1337,"1 Bed","Apartment"
"1722 Grove St, Denver, CO 80204","2026/07/07",2018,"2 Beds","Apartment"
"3150 S Tamarac Dr, Denver, CO 80231","2026/07/07",1100,"1 Bed","Apartment"
"3150 S Tamarac Dr, Denver, CO 80231","2026/07/07",1600,"2 Beds","Apartment"
"7595 Zuni St, Denver, CO 80221","2026/07/07",1100,"1 Bed","Apartment"
"7595 Zuni St, Denver, CO 80221","2026/07/07",1650,"2 Beds","Apartment"
"60 S Lincoln St, Denver, CO 80209","2026/07/07",1090,"1 Bed","Apartment"
"60 S Lincoln St, Denver, CO 80209","2026/07/07",1560,"2 Beds","Apartment"
"2020 Lawrence St, Denver, CO 80205","2026/07/07",1256,"Studio","Apartment"
"2020 Lawrence St, Denver, CO 80205","2026/07/07",1470,"1 Bed","Apartment"
"2020 Lawrence St, Denver, CO 80205","2026/07/07",2279,"2 Beds","Apartment"
"1250 Colorado Blvd, Denver, CO 80206","2026/07/07",1045,"Studio","Apartment"
"1250 Colorado Blvd, Denver, CO 80206","2026/07/07",1154,"1 Bed","Apartment"
"4882 S Newport St, Denver, CO 80237","2026/07/07",1782,"Studio","Apartment"
"4882 S Newport St, Denver, CO 80237","2026/07/07",2357,"1 Bed","Apartment"
"4882 S Newport St, Denver, CO 80237","2026/07/07",3089,"2 Beds+","Apartment"
"1521 N Hooker St, Denver, CO 80204","2026/07/07",2104,"Studio","Apartment"
"1521 N Hooker St, Denver, CO 80204","2026/07/07",1979,"1 Bed","Apartment"
"1521 N Hooker St, Denver, CO 80204","2026/07/07",2898,"2 Beds","Apartment"
"1050 Broadway, Denver, CO 80203","2026/07/07",1629,"Studio","Apartment"
"1050 Broadway, Denver, CO 80203","2026/07/07",1987,"1 Bed","Apartment"
"1050 Broadway, Denver, CO 80203","2026/07/07",3382,"2 Beds+","Apartment"
"1045 N Sherman St, Denver, CO 80203","2026/07/07",920,"2 Beds+",NA
NA,NA,NA,NA,NA
"1350 Grant St, Denver, CO 80203","2026/07/07",1561,"1 Bed","Apartment"
"1350 Grant St, Denver, CO 80203","2026/07/07",1931,"2 Beds","Apartment"
"86 Grant St, Denver, CO 80203","2026/07/07",1160,"1 Bed","Apartment"
"86 Grant St, Denver, CO 80203","2026/07/07",1470,"2 Beds","Apartment"
"3063 Brighton Blvd, Denver, CO 80216","2026/07/07",1432,"Studio","Apartment"
"3063 Brighton Blvd, Denver, CO 80216","2026/07/07",1945,"1 Bed","Apartment"
"3063 Brighton Blvd, Denver, CO 80216","2026/07/07",2636,"2 Beds","Apartment"
"201 E Mississippi Ave, Denver, CO 80210","2026/07/07",1603,"Studio","Apartment"
"201 E Mississippi Ave, Denver, CO 80210","2026/07/07",1837,"1 Bed","Apartment"
"201 E Mississippi Ave, Denver, CO 80210","2026/07/07",2654,"2 Beds","Apartment"
"3299 Brighton Blvd, Denver, CO 80216","2026/07/07",1645,"Studio","Apartment"
"3299 Brighton Blvd, Denver, CO 80216","2026/07/07",1900,"1 Bed","Apartment"
"3299 Brighton Blvd, Denver, CO 80216","2026/07/07",2572,"2 Beds","Apartment"
"1586 Hooker St, Denver, CO 80204","2026/07/07",1140,"Studio","Apartment"
"1586 Hooker St, Denver, CO 80204","2026/07/07",1290,"1 Bed","Apartment"
"1586 Hooker St, Denver, CO 80204","2026/07/07",1885,"2 Beds","Apartment"
"290 W Alameda Ave, Denver, CO 80223","2026/07/07",1468,"Studio","Apartment"
"290 W Alameda Ave, Denver, CO 80223","2026/07/07",1645,"1 Bed","Apartment"
"290 W Alameda Ave, Denver, CO 80223","2026/07/07",2317,"2 Beds","Apartment"
"1651 Washington St, Denver, CO 80203","2026/07/07",890,"Studio","Apartment"
"1651 Washington St, Denver, CO 80203","2026/07/07",965,"1 Bed","Apartment"
"2500 17th St, Denver, CO 80211","2026/07/07",1526,"Studio","Apartment"
"2500 17th St, Denver, CO 80211","2026/07/07",3472,"2 Beds","Apartment"
"2500 17th St, Denver, CO 80211","2026/07/07",3922,"3 Beds+","Apartment"
"8375 E Yale Ave, Denver, CO 80231","2026/07/07",1486,"1 Bed","Apartment"
"8375 E Yale Ave, Denver, CO 80231","2026/07/07",1703,"2 Beds","Apartment"
"1956 Lawrence St, Denver, CO 80202","2026/07/07",1296,"1 Bed","Apartment"
"1956 Lawrence St, Denver, CO 80202","2026/07/07",2648,"2 Beds","Apartment"
"1726 Champa St, Denver, CO 80202","2026/07/07",1310,"1 Bed","Apartment"
"1726 Champa St, Denver, CO 80202","2026/07/07",1825,"2 Beds","Apartment"
"505 N Lipan St, Denver, CO 80204","2026/07/07",1644,"Studio","Apartment"
"505 N Lipan St, Denver, CO 80204","2026/07/07",1779,"1 Bed","Apartment"
"505 N Lipan St, Denver, CO 80204","2026/07/07",2414,"2 Beds","Apartment"
"15255 E 40th Ave, Denver, CO 80239","2026/07/07",1229,"1 Bed","Apartment"
"15255 E 40th Ave, Denver, CO 80239","2026/07/07",1817,"2 Beds","Apartment"
"1901 E 13th Ave, Denver, CO 80206","2026/07/07",1062,"Studio","Apartment"
"1901 E 13th Ave, Denver, CO 80206","2026/07/07",1273,"1 Bed","Apartment"
"1901 E 13th Ave, Denver, CO 80206","2026/07/07",1511,"2 Beds","Apartment"
"4875 Dtc Blvd, Denver, CO 80237","2026/07/07",1463,"Studio","Apartment"
"4875 Dtc Blvd, Denver, CO 80237","2026/07/07",1793,"1 Bed","Apartment"
"4875 Dtc Blvd, Denver, CO 80237","2026/07/07",2713,"2 Beds","Apartment"
"4300 E 9th Ave, Denver, CO 80220","2026/07/07",1607,"1 Bed","Apartment"
"4300 E 9th Ave, Denver, CO 80220","2026/07/07",2405,"2 Beds","Apartment"
"4300 E 9th Ave, Denver, CO 80220","2026/07/07",3519,"3 Beds","Apartment"
"670 N Grant St, Denver, CO 80203","2026/07/07",1752,"Studio","Apartment"
"670 N Grant St, Denver, CO 80203","2026/07/07",2110,"1 Bed","Apartment"
"670 N Grant St, Denver, CO 80203","2026/07/07",2808,"2 Beds","Apartment"
"4545 Xenia St, Denver, CO 80238","2026/07/07",1576,"1 Bed","Apartment"
"4545 Xenia St, Denver, CO 80238","2026/07/07",1891,"2 Beds","Apartment"
NA,NA,NA,NA,NA
"6715 E Union Ave, Denver, CO 80237","2026/07/07",1385,"Studio","Apartment"
"6715 E Union Ave, Denver, CO 80237","2026/07/07",1800,"1 Bed","Apartment"
"6715 E Union Ave, Denver, CO 80237","2026/07/07",1961,"2 Beds","Apartment"
"1177 Race St, Denver, CO 80206","2026/07/07",1862,"1 Bed","Apartment"
"1177 Race St, Denver, CO 80206","2026/07/07",2399,"2 Beds","Apartment"
"3131 Roslyn Way, Denver, CO 80207","2026/07/07",1565,"1 Bed","Apartment"
"3131 Roslyn Way, Denver, CO 80207","2026/07/07",2005,"2 Beds","Apartment"
"4811 S Niagara St, Denver, CO 80237","2026/07/07",1523,"Studio","Apartment"
"4811 S Niagara St, Denver, CO 80237","2026/07/07",2170,"1 Bed","Apartment"
"4811 S Niagara St, Denver, CO 80237","2026/07/07",2639,"2 Beds+","Apartment"
"3750 Blake St, Denver, CO 80205","2026/07/07",2029,"Studio","Apartment"
"3750 Blake St, Denver, CO 80205","2026/07/07",2066,"1 Bed","Apartment"
"3750 Blake St, Denver, CO 80205","2026/07/07",3133,"2 Beds+","Apartment"
"3901 Wynkoop St, Denver, CO 80216","2026/07/07",1502,"Studio","Apartment"
"3901 Wynkoop St, Denver, CO 80216","2026/07/07",1757,"1 Bed","Apartment"
"3901 Wynkoop St, Denver, CO 80216","2026/07/07",2787,"2 Beds","Apartment"
"4210 Fraser Way, Denver, CO 80239","2026/07/07",1350,"2 Beds",NA
"6300 E Hampden Ave, Denver, CO 80222","2026/07/07",1424,"Studio","Apartment"
"6300 E Hampden Ave, Denver, CO 80222","2026/07/07",1660,"1 Bed","Apartment"
"6300 E Hampden Ave, Denver, CO 80222","2026/07/07",1972,"2 Beds","Apartment"
"1575 Lafayette St, Denver, CO 80218","2026/07/07",900,"Studio","Apartment"
"1575 Lafayette St, Denver, CO 80218","2026/07/07",1000,"1 Bed","Apartment"
"2701 Federal Blvd, Denver, CO 80211","2026/07/07",1080,"Studio","Apartment"
"2701 Federal Blvd, Denver, CO 80211","2026/07/07",1130,"1 Bed","Apartment"
"2701 Federal Blvd, Denver, CO 80211","2026/07/07",1560,"2 Beds","Apartment"
"1325 Garfield St, Denver, CO 80206","2026/07/07",1240,"Studio","Apartment"
"1325 Garfield St, Denver, CO 80206","2026/07/07",1400,"1 Bed","Apartment"
"1325 Garfield St, Denver, CO 80206","2026/07/07",1550,"2 Beds","Apartment"
"1626 Logan St, Denver, CO 80203","2026/07/07",810,"2 Beds",NA
"1935 N Logan St, Denver, CO 80203","2026/07/07",1286,"Studio","Apartment"
"1935 N Logan St, Denver, CO 80203","2026/07/07",1701,"1 Bed","Apartment"
"1935 N Logan St, Denver, CO 80203","2026/07/07",2451,"2 Beds","Apartment"
"2424 Alcott St, Denver, CO 80211","2026/07/07",1766,"1 Bed","Apartment"
"2424 Alcott St, Denver, CO 80211","2026/07/07",2362,"2 Beds","Apartment"
"3280 Downing St, Denver, CO 80205","2026/07/07",1199,"1 Bed","Apartment"
"3280 Downing St, Denver, CO 80205","2026/07/07",1350,"2 Beds","Apartment"
NA,NA,NA,NA,NA
"1915 Sherman St, Denver, CO 80203","2026/07/07",805,"2 Beds",NA
"4500 S Monaco St, Denver, CO 80237","2026/07/07",1551,"1 Bed","Apartment"
"4500 S Monaco St, Denver, CO 80237","2026/07/07",2036,"2 Beds","Apartment"
"4500 S Monaco St, Denver, CO 80237","2026/07/07",3781,"3 Beds","Apartment"
NA,NA,NA,NA,NA
"4390 Tennyson St, Denver, CO 80212","2026/07/07",1505,"Studio","Apartment"
"4390 Tennyson St, Denver, CO 80212","2026/07/07",1800,"1 Bed","Apartment"
"4390 Tennyson St, Denver, CO 80212","2026/07/07",2025,"2 Beds","Apartment"
"425 S Galena Way, Denver, CO 80247","2026/07/07",1004,"1 Bed","Apartment"
"425 S Galena Way, Denver, CO 80247","2026/07/07",1344,"2 Beds","Apartment"
"8000 E 12th Ave, Denver, CO 80220","2026/07/07",1027,"1 Bed","Apartment"
"8000 E 12th Ave, Denver, CO 80220","2026/07/07",1060,"2 Beds","Apartment"
"8000 E 12th Ave, Denver, CO 80220","2026/07/07",1744,"3 Beds+","Apartment"
"7470 E 29th Ave, Denver, CO 80238","2026/07/07",1397,"1 Bed","Apartment"
"7470 E 29th Ave, Denver, CO 80238","2026/07/07",2050,"2 Beds","Apartment"
"1280 E 17th Ave, Denver, CO 80218","2026/07/07",1568,"Studio","Apartment"
"1280 E 17th Ave, Denver, CO 80218","2026/07/07",2209,"1 Bed","Apartment"
"1280 E 17th Ave, Denver, CO 80218","2026/07/07",3291,"2 Beds","Apartment"
"1150 E Colfax Ave, Denver, CO 80218","2026/07/07",1588,"Studio","Apartment"
"1150 E Colfax Ave, Denver, CO 80218","2026/07/07",2031,"1 Bed","Apartment"
"1150 E Colfax Ave, Denver, CO 80218","2026/07/07",2754,"2 Beds+","Apartment"
"8525 E Hampden Ave, Denver, CO 80231","2026/07/07",1010,"Studio","Apartment"
"8525 E Hampden Ave, Denver, CO 80231","2026/07/07",995,"1 Bed","Apartment"
"8525 E Hampden Ave, Denver, CO 80231","2026/07/07",1475,"2 Beds+","Apartment"
"1755 S Beeler St, Denver, CO 80247","2026/07/07",1606,"1 Bed","Apartment"
"1755 S Beeler St, Denver, CO 80247","2026/07/07",1782,"2 Beds","Apartment"
"1755 S Beeler St, Denver, CO 80247","2026/07/07",3090,"3 Beds","Apartment"
"8501 E Alameda Ave, Denver, CO 80230","2026/07/07",1405,"Studio","Apartment"
"8501 E Alameda Ave, Denver, CO 80230","2026/07/07",1507,"1 Bed","Apartment"
"8501 E Alameda Ave, Denver, CO 80230","2026/07/07",1786,"2 Beds+","Apartment"
"1504 Detroit St, Denver, CO 80206","2026/07/07",890,"Studio","Apartment"
"1504 Detroit St, Denver, CO 80206","2026/07/07",1300,"2 Beds","Apartment"
"2828 Zuni St, Denver, CO 80211","2026/07/07",2082,"1 Bed","Apartment"
"2828 Zuni St, Denver, CO 80211","2026/07/07",2396,"2 Beds","Apartment"
"4697 E Louisiana Ave, Denver, CO 80246","2026/07/07",1177,"Studio","Apartment"
"4697 E Louisiana Ave, Denver, CO 80246","2026/07/07",1251,"1 Bed","Apartment"
"4697 E Louisiana Ave, Denver, CO 80246","2026/07/07",1243,"2 Beds","Apartment"
"2930 W Cornell Ave, Denver, CO 80236","2026/07/07",995,"1 Bed","Apartment"
"2930 W Cornell Ave, Denver, CO 80236","2026/07/07",1249,"2 Beds","Apartment"
"7201 Leetsdale Dr, Denver, CO 80224","2026/07/07",846,"1 Bed","Apartment"
"7201 Leetsdale Dr, Denver, CO 80224","2026/07/07",1086,"2 Beds","Apartment"
"2270 S University Blvd, Denver, CO 80210","2026/07/07",1571,"Studio","Apartment"
"2270 S University Blvd, Denver, CO 80210","2026/07/07",1636,"1 Bed","Apartment"
"2270 S University Blvd, Denver, CO 80210","2026/07/07",2438,"2 Beds","Apartment"
"2401 Blake St, Denver, CO 80205","2026/07/07",1402,"Studio","Apartment"
"2401 Blake St, Denver, CO 80205","2026/07/07",1622,"1 Bed","Apartment"
"2401 Blake St, Denver, CO 80205","2026/07/07",2420,"2 Beds","Apartment"
"1441 Little Raven St, Denver, CO 80202","2026/07/07",1867,"Studio","Apartment"
"1441 Little Raven St, Denver, CO 80202","2026/07/07",2253,"1 Bed","Apartment"
"1441 Little Raven St, Denver, CO 80202","2026/07/07",3478,"2 Beds+","Apartment"
"1777 Chestnut Pl, Denver, CO 80202","2026/07/07",1651,"Studio","Apartment"
"1777 Chestnut Pl, Denver, CO 80202","2026/07/07",2283,"1 Bed","Apartment"
"1777 Chestnut Pl, Denver, CO 80202","2026/07/07",2484,"2 Beds+","Apartment"
"2853 Roslyn St, Denver, CO 80238","2026/07/07",1441,"1 Bed","Apartment"
"2853 Roslyn St, Denver, CO 80238","2026/07/07",2048,"2 Beds","Apartment"
"2853 Roslyn St, Denver, CO 80238","2026/07/07",2791,"3 Beds","Apartment"
"2135 S Depew St, Denver, CO 80227","2026/07/07",995,"1 Bed","Apartment"
"2135 S Depew St, Denver, CO 80227","2026/07/07",1250,"2 Beds","Apartment"
"321 E 18th Ave, Denver, CO 80203","2026/07/07",835,"Studio","Apartment"
"321 E 18th Ave, Denver, CO 80203","2026/07/07",940,"1 Bed","Apartment"
"321 E 18th Ave, Denver, CO 80203","2026/07/07",1165,"2 Beds","Apartment"
"1001 S Havana St, Denver, CO 80012","2026/07/07",950,"1 Bed","Apartment"
"1001 S Havana St, Denver, CO 80012","2026/07/07",1536,"2 Beds","Apartment"
"3609 Wynkoop St, Denver, CO 80216","2026/07/07",1151,"2 Beds",NA
"1260 S Bellaire St, Denver, CO 80246","2026/07/07",1158,"Studio","Apartment"
"1260 S Bellaire St, Denver, CO 80246","2026/07/07",1092,"1 Bed","Apartment"
"1260 S Bellaire St, Denver, CO 80246","2026/07/07",1333,"2 Beds","Apartment"
"2785 N Speer Blvd, Denver, CO 80211","2026/07/07",1751,"1 Bed","Apartment"
"2785 N Speer Blvd, Denver, CO 80211","2026/07/07",2572,"2 Beds","Apartment"
"9758 E Colorado Ave, Denver, CO 80247","2026/07/07",1200,"1 Bed","Apartment"
"9758 E Colorado Ave, Denver, CO 80247","2026/07/07",1800,"2 Beds","Apartment"
"5650 N Argonne St, Denver, CO 80249","2026/07/07",1479,"1 Bed","Apartment"
"5650 N Argonne St, Denver, CO 80249","2026/07/07",1922,"2 Beds","Apartment"
"300 E 17th Ave, Denver, CO 80203","2026/07/07",1257,"Studio","Apartment"
"300 E 17th Ave, Denver, CO 80203","2026/07/07",1405,"1 Bed","Apartment"
"300 E 17th Ave, Denver, CO 80203","2026/07/07",1494,"2 Beds","Apartment"
"5048 Morrison Rd, Denver, CO 80219","2026/07/07",1199,"1 Bed","Apartment"
"5048 Morrison Rd, Denver, CO 80219","2026/07/07",1299,"2 Beds","Apartment"
"5048 Morrison Rd, Denver, CO 80219","2026/07/07",1899,"3 Beds","Apartment"
"9888 E Vassar Dr, Denver, CO 80231","2026/07/07",1520,"1 Bed","Apartment"
"9888 E Vassar Dr, Denver, CO 80231","2026/07/07",1643,"2 Beds","Apartment"
"4363 S Quebec St, Denver, CO 80237","2026/07/07",1174,"1 Bed","Apartment"
"4363 S Quebec St, Denver, CO 80237","2026/07/07",1620,"2 Beds","Apartment"
"600 S Dayton St, Denver, CO 80247","2026/07/07",905,"Studio","Apartment"
"600 S Dayton St, Denver, CO 80247","2026/07/07",1061,"1 Bed","Apartment"
"600 S Dayton St, Denver, CO 80247","2026/07/07",1210,"2 Beds+","Apartment"
"10050 E Harvard Ave, Denver, CO 80231","2026/07/07",1151,"1 Bed","Apartment"
"10050 E Harvard Ave, Denver, CO 80231","2026/07/07",1534,"2 Beds","Apartment"
"728 S Lipan St, Denver, CO 80223","2026/07/07",1350,"1 Bed","Apartment"
"728 S Lipan St, Denver, CO 80223","2026/07/07",1625,"2 Beds","Apartment"
"728 S Lipan St, Denver, CO 80223","2026/07/07",1891,"3 Beds","Apartment"
"3233 Eliot St, Denver, CO 80211","2026/07/07",1295,"Studio","Apartment"
"3233 Eliot St, Denver, CO 80211","2026/07/07",1390,"1 Bed","Apartment"
"18493 E Elmendorf Dr, Denver, CO 80249","2026/07/07",1520,"1 Bed","Apartment"
"18493 E Elmendorf Dr, Denver, CO 80249","2026/07/07",1813,"2 Beds","Apartment"
"18493 E Elmendorf Dr, Denver, CO 80249","2026/07/07",2477,"3 Beds","Apartment"
"2390 E Asbury Ave, Denver, CO 80210","2026/07/07",1070,"Studio","Apartment"
"2390 E Asbury Ave, Denver, CO 80210","2026/07/07",1220,"1 Bed","Apartment"
"2390 E Asbury Ave, Denver, CO 80210","2026/07/07",1620,"2 Beds+","Apartment"
"275 S Cherokee St, Denver, CO 80223","2026/07/07",1511,"Studio","Apartment"
"275 S Cherokee St, Denver, CO 80223","2026/07/07",1682,"1 Bed","Apartment"
"275 S Cherokee St, Denver, CO 80223","2026/07/07",2258,"2 Beds","Apartment"
"2121 E 48th Ave, Denver, CO 80216","2026/07/07",1285,"Studio","Apartment"
"2121 E 48th Ave, Denver, CO 80216","2026/07/07",1375,"1 Bed","Apartment"
"2121 E 48th Ave, Denver, CO 80216","2026/07/07",1650,"2 Beds+","Apartment"
"1275 N Sherman St, Denver, CO 80203","2026/07/07",810,"1 Bed","Apartment"
"1275 N Sherman St, Denver, CO 80203","2026/07/07",972,"2 Beds","Apartment"
"8545 W Dakota Ave, Denver, CO 80226","2026/07/07",1345,"1 Bed","Apartment"
"8545 W Dakota Ave, Denver, CO 80226","2026/07/07",1495,"2 Beds","Apartment"
"3770 Walnut St, Denver, CO 80205","2026/07/07",2400,"2 Beds",NA
"1550 Detroit St, Denver, CO 80206","2026/07/07",945,"2 Beds",NA
"7401 E 26th Ave, Denver, CO 80238","2026/07/07",1295,"1 Bed","Apartment"
"7401 E 26th Ave, Denver, CO 80238","2026/07/07",1499,"2 Beds","Apartment"
"1555 Grove St, Denver, CO 80204","2026/07/07",1305,"1 Bed","Apartment"
"1555 Grove St, Denver, CO 80204","2026/07/07",1650,"2 Beds","Apartment"
"3123 W Conejos Pl, Denver, CO 80204","2026/07/07",1205,"Studio","Apartment"
"3123 W Conejos Pl, Denver, CO 80204","2026/07/07",1314,"1 Bed","Apartment"
"3123 W Conejos Pl, Denver, CO 80204","2026/07/07",1995,"2 Beds","Apartment"
"2358 S University Blvd, Denver, CO 80210","2026/07/07",1050,"Studio","Apartment"
"2358 S University Blvd, Denver, CO 80210","2026/07/07",1250,"1 Bed","Apartment"
"2140 S Delaware St, Denver, CO 80223","2026/07/07",1099,"1 Bed",NA
"1525 Yates St, Denver, CO 80204","2026/07/07",1250,"Studio","Apartment"
"1525 Yates St, Denver, CO 80204","2026/07/07",860,"1 Bed","Apartment"
"1525 Yates St, Denver, CO 80204","2026/07/07",1220,"2 Beds","Apartment"
"1725 W Mosier Pl, Denver, CO 80223","2026/07/07",795,"2 Beds",NA
"1540 Grant St, Denver, CO 80203","2026/07/07",1025,"2 Beds",NA
"1460 Little Raven St, Denver, CO 80202","2026/07/07",1673,"Studio","Apartment"
"1460 Little Raven St, Denver, CO 80202","2026/07/07",1794,"1 Bed","Apartment"
"1460 Little Raven St, Denver, CO 80202","2026/07/07",2578,"2 Beds","Apartment"
"4550 Kittredge St, Denver, CO 80239","2026/07/07",1393,"Studio","Apartment"
"4550 Kittredge St, Denver, CO 80239","2026/07/07",1542,"1 Bed","Apartment"
"4550 Kittredge St, Denver, CO 80239","2026/07/07",1897,"2 Beds+","Apartment"
"2850 S Federal Blvd, Denver, CO 80236","2026/07/07",975,"1 Bed","Apartment"
"2850 S Federal Blvd, Denver, CO 80236","2026/07/07",1299,"2 Beds","Apartment"
"2850 S Federal Blvd, Denver, CO 80236","2026/07/07",2100,"3 Beds","Apartment"
"1881 Buchtel Blvd, Denver, CO 80210","2026/07/07",1175,"3 Beds",NA
"3131 W Mexico Ave, Denver, CO 80219","2026/07/07",1505,"2 Beds","Apartment"
"3131 W Mexico Ave, Denver, CO 80219","2026/07/07",1730,"3 Beds","Apartment"
"3131 W Mexico Ave, Denver, CO 80219","2026/07/07",2250,"5 Beds","Apartment"
"3773 Walnut St, Denver, CO 80205","2026/07/07",1199,"1 Bed","Apartment"
"3773 Walnut St, Denver, CO 80205","2026/07/07",1599,"2 Beds","Apartment"
"2300 W 76th Ave, Denver, CO 80221","2026/07/07",1297,"1 Bed","Apartment"
"2300 W 76th Ave, Denver, CO 80221","2026/07/07",1625,"2 Beds","Apartment"
"4550 E Jewell Ave, Denver, CO 80222","2026/07/07",889,"1 Bed","Apartment"
"4550 E Jewell Ave, Denver, CO 80222","2026/07/07",1350,"2 Beds","Apartment"
"1920 S University Blvd, Denver, CO 80210","2026/07/07",1125,"2 Beds","Apartment"
"1920 S University Blvd, Denver, CO 80210","2026/07/07",900,"3 Beds","Apartment"
"1920 S University Blvd, Denver, CO 80210","2026/07/07",770,"4 Beds","Apartment"
NA,NA,NA,NA,NA
"2626 Osceola St, Denver, CO 80212","2026/07/07",650,"Studio","Apartment"
"2626 Osceola St, Denver, CO 80212","2026/07/07",715,"1 Bed","Apartment"
"2626 Osceola St, Denver, CO 80212","2026/07/07",1000,"2 Beds","Apartment"
NA,NA,NA,NA,NA
"1710 Billings St, Aurora, CO 80011","2026/07/07",1053,"1 Bed","Apartment"
"1710 Billings St, Aurora, CO 80011","2026/07/07",1194,"2 Beds","Apartment"
"2038 S Vaughn Way, Aurora, CO 80014","2026/07/07",1105,"1 Bed","Apartment"
"2038 S Vaughn Way, Aurora, CO 80014","2026/07/07",1456,"2 Beds","Apartment"
"7333 W 38th Ave, Wheat Ridge, CO 80033","2026/07/07",1723,"Studio","Apartment"
"7333 W 38th Ave, Wheat Ridge, CO 80033","2026/07/07",1823,"1 Bed","Apartment"
"7333 W 38th Ave, Wheat Ridge, CO 80033","2026/07/07",2499,"2 Beds","Apartment"
"3248 S Newcombe St, Lakewood, CO 80227","2026/07/07",1787,"1 Bed","Apartment"
"3248 S Newcombe St, Lakewood, CO 80227","2026/07/07",2146,"2 Beds","Apartment"
"6333 Greenwood Plaza Blvd, Centennial, CO 80111","2026/07/07",1882,"Studio","Apartment"
"6333 Greenwood Plaza Blvd, Centennial, CO 80111","2026/07/07",2256,"1 Bed","Apartment"
"6333 Greenwood Plaza Blvd, Centennial, CO 80111","2026/07/07",2742,"2 Beds+","Apartment"
"8153 W Eastman Pl, Lakewood, CO 80227","2026/07/07",2004,"1 Bed","Apartment"
"8153 W Eastman Pl, Lakewood, CO 80227","2026/07/07",2984,"2 Beds","Apartment"
"8153 W Eastman Pl, Lakewood, CO 80227","2026/07/07",3335,"3 Beds","Apartment"
"5515 Olde Wadsworth Blvd, Arvada, CO 80002","2026/07/07",1823,"1 Bed","Apartment"
"5515 Olde Wadsworth Blvd, Arvada, CO 80002","2026/07/07",2379,"2 Beds","Apartment"
"6273 W Jewell Ave, Lakewood, CO 80232","2026/07/07",1581,"Studio","Apartment"
"6273 W Jewell Ave, Lakewood, CO 80232","2026/07/07",1581,"1 Bed","Apartment"
"6273 W Jewell Ave, Lakewood, CO 80232","2026/07/07",2548,"2 Beds","Apartment"
"11736 W Chenango Dr, Morrison, CO 80465","2026/07/07",1626,"1 Bed","Apartment"
"11736 W Chenango Dr, Morrison, CO 80465","2026/07/07",1630,"2 Beds","Apartment"
"6565 S Syracuse Way, Centennial, CO 80111","2026/07/07",1733,"1 Bed","Apartment"
"6565 S Syracuse Way, Centennial, CO 80111","2026/07/07",2166,"2 Beds","Apartment"
"5957-5977 S Gallup St, Littleton, CO 80120","2026/07/07",1336,"1 Bed","Apartment"
"5957-5977 S Gallup St, Littleton, CO 80120","2026/07/07",1489,"2 Beds","Apartment"
"5495 W 10th Ave, Lakewood, CO 80214","2026/07/07",1412,"Studio","Apartment"
"5495 W 10th Ave, Lakewood, CO 80214","2026/07/07",1612,"1 Bed","Apartment"
"953-12713 S Troy St, Aurora, CO 80012","2026/07/07",1390,"1 Bed","Apartment"
"953-12713 S Troy St, Aurora, CO 80012","2026/07/07",1299,"2 Beds","Apartment"
"953-12713 S Troy St, Aurora, CO 80012","2026/07/07",2025,"3 Beds","Apartment"
NA,NA,NA,NA,NA
"8507 W Hampden Ave, Lakewood, CO 80227","2026/07/07",1469,"1 Bed","Apartment"
"8507 W Hampden Ave, Lakewood, CO 80227","2026/07/07",1791,"2 Beds","Apartment"
"12000 E 13th Ave, Aurora, CO 80010","2026/07/07",1397,"Studio","Apartment"
"12000 E 13th Ave, Aurora, CO 80010","2026/07/07",1669,"1 Bed","Apartment"
"3324 S Field St, Lakewood, CO 80227","2026/07/07",1682,"1 Bed","Apartment"
"3324 S Field St, Lakewood, CO 80227","2026/07/07",1818,"2 Beds","Apartment"
"3324 S Field St, Lakewood, CO 80227","2026/07/07",2786,"3 Beds","Apartment"
"3501 Wadsworth Blvd, Wheat Ridge, CO 80033","2026/07/07",1702,"1 Bed","Apartment"
"3501 Wadsworth Blvd, Wheat Ridge, CO 80033","2026/07/07",2312,"2 Beds","Apartment"
"1605 Sheridan Blvd, Lakewood, CO 80214","2026/07/07",1413,"Studio","Apartment"
"1605 Sheridan Blvd, Lakewood, CO 80214","2026/07/07",1624,"1 Bed","Apartment"
NA,NA,NA,NA,NA
NA,NA,NA,NA,NA
"5351 S Delaware St, Littleton, CO 80120","2026/07/07",1235,"Studio","Apartment"
"5351 S Delaware St, Littleton, CO 80120","2026/07/07",1380,"1 Bed","Apartment"
"5425 S Federal Cir, Littleton, CO 80123","2026/07/07",1439,"1 Bed","Apartment"
"5425 S Federal Cir, Littleton, CO 80123","2026/07/07",1705,"2 Beds","Apartment"
"3400 S Platte River Dr, Sheridan, CO 80110","2026/07/07",1525,"1 Bed","Apartment"
"3400 S Platte River Dr, Sheridan, CO 80110","2026/07/07",1781,"2 Beds","Apartment"
"6875 W 56th Ave, Arvada, CO 80002","2026/07/07",1911,"1 Bed","Apartment"
"6875 W 56th Ave, Arvada, CO 80002","2026/07/07",2532,"2 Beds","Apartment"
"6875 W 56th Ave, Arvada, CO 80002","2026/07/07",3621,"3 Beds","Apartment"
"7750 W 61st Ave, Arvada, CO 80004","2026/07/07",1650,"3 Beds",NA
"4601 S Balsam Way, Littleton, CO 80123","2026/07/07",1452,"1 Bed","Apartment"
"4601 S Balsam Way, Littleton, CO 80123","2026/07/07",2046,"2 Beds","Apartment"
"4601 S Balsam Way, Littleton, CO 80123","2026/07/07",2673,"3 Beds","Apartment"
"3540 S Pearl St, Englewood, CO 80113","2026/07/07",1149,"3 Beds",NA
"11255 E Alameda Ave, Aurora, CO 80012","2026/07/07",964,"1 Bed","Apartment"
"11255 E Alameda Ave, Aurora, CO 80012","2026/07/07",1449,"2 Beds","Apartment"
"5500 DTC Pky, Greenwood Village, CO 80111","2026/07/07",1805,"1 Bed","Apartment"
"5500 DTC Pky, Greenwood Village, CO 80111","2026/07/07",2359,"2 Beds","Apartment"
"11102 E 16th Ave, Aurora, CO 80010","2026/07/07",1050,"1 Bed","Apartment"
"11102 E 16th Ave, Aurora, CO 80010","2026/07/07",1250,"2 Beds","Apartment"
"679 S Reed Ct, Lakewood, CO 80226","2026/07/07",1186,"1 Bed","Apartment"
"679 S Reed Ct, Lakewood, CO 80226","2026/07/07",1503,"2 Beds","Apartment"
"456 S Ironton St, Aurora, CO 80012","2026/07/07",995,"1 Bed","Apartment"
"456 S Ironton St, Aurora, CO 80012","2026/07/07",1395,"2 Beds","Apartment"
"456 S Ironton St, Aurora, CO 80012","2026/07/07",2105,"3 Beds","Apartment"
"2240 Dallas St, Aurora, CO 80010","2026/07/07",819,"Studio","Apartment"
"2240 Dallas St, Aurora, CO 80010","2026/07/07",984,"1 Bed","Apartment"
"2240 Dallas St, Aurora, CO 80010","2026/07/07",1271,"2 Beds","Apartment"
"5891 S Nevada St, Littleton, CO 80120","2026/07/07",1100,"1 Bed","Apartment"
"5891 S Nevada St, Littleton, CO 80120","2026/07/07",1316,"2 Beds","Apartment"
"5891 S Nevada St, Littleton, CO 80120","2026/07/07",1685,"3 Beds","Apartment"
"6777 W 19th Pl, Lakewood, CO 80214","2026/07/07",1535,"1 Bed","Apartment"
"6777 W 19th Pl, Lakewood, CO 80214","2026/07/07",1452,"2 Beds","Apartment"
"6600 E 60th Pl, Commerce City, CO 80022","2026/07/07",989,"1 Bed","Apartment"
"6600 E 60th Pl, Commerce City, CO 80022","2026/07/07",1467,"2 Beds","Apartment"
"6550 S Dayton St, Centennial, CO 80111","2026/07/07",1472,"1 Bed","Apartment"
"6550 S Dayton St, Centennial, CO 80111","2026/07/07",1650,"2 Beds","Apartment"
"6550 S Dayton St, Centennial, CO 80111","2026/07/07",2240,"3 Beds","Apartment"
"8223 W Floyd Ave, Lakewood, CO 80227","2026/07/07",1227,"1 Bed","Apartment"
"8223 W Floyd Ave, Lakewood, CO 80227","2026/07/07",1668,"2 Beds","Apartment"
"5330 W 11th Ave, Lakewood, CO 80214","2026/07/07",1099,"1 Bed","Apartment"
"5330 W 11th Ave, Lakewood, CO 80214","2026/07/07",1599,"2 Beds","Apartment"
"5330 W 11th Ave, Lakewood, CO 80214","2026/07/07",1899,"3 Beds","Apartment"
"5529 S Windermere St, Littleton, CO 80120","2026/07/07",1185,"1 Bed","Apartment"
"5529 S Windermere St, Littleton, CO 80120","2026/07/07",1410,"2 Beds","Apartment"
"200 S Ironton St, Aurora, CO 80012","2026/07/07",1080,"1 Bed","Apartment"
"200 S Ironton St, Aurora, CO 80012","2026/07/07",1296,"2 Beds","Apartment"
"13222 E Iliff Ave, Aurora, CO 80014","2026/07/07",1100,"Studio","Apartment"
"13222 E Iliff Ave, Aurora, CO 80014","2026/07/07",1320,"1 Bed","Apartment"
"13222 E Iliff Ave, Aurora, CO 80014","2026/07/07",1575,"2 Beds+","Apartment"
"3401 S Broadway, Englewood, CO 80113","2026/07/07",1599,"2 Beds+",NA
"3910 Salida St, Aurora, CO 80011","2026/07/07",1439,"Studio","Apartment"
"3910 Salida St, Aurora, CO 80011","2026/07/07",1560,"1 Bed","Apartment"
"3910 Salida St, Aurora, CO 80011","2026/07/07",1798,"2 Beds+","Apartment"
"9801 E Colfax Ave, Aurora, CO 80010","2026/07/07",1150,"1 Bed","Apartment"
"9801 E Colfax Ave, Aurora, CO 80010","2026/07/07",1150,"2 Beds","Apartment"
NA,NA,NA,NA,NA
"14475 Montview Blvd, Aurora, CO 80011","2026/07/07",1199,"1 Bed","Apartment"
"14475 Montview Blvd, Aurora, CO 80011","2026/07/07",1859,"2 Beds","Apartment"
"14475 Montview Blvd, Aurora, CO 80011","2026/07/07",1799,"3 Beds","Apartment"
NA,NA,NA,NA,NA
"5854 Vance St, Arvada, CO 80003","2026/07/07",1199,"1 Bed","Apartment"
"5854 Vance St, Arvada, CO 80003","2026/07/07",1499,"2 Beds","Apartment"
"1590 Little Raven St Unit 704, Denver, CO 80202","2026/07/07",3300,"1 Bed, 2.5 Baths, 1,248 sq ft","Condo"
"3948 Julian St, Denver, CO 80211","2026/07/07",2200,"2 Beds, 1 Bath, 1,102 sq ft","Condo"
"1735 N Ogden St Unit 101, Denver, CO 80218","2026/07/07",3200,"2 Beds, 2 Baths, 1,352 sq ft","Condo"
"804 Xavier St, Denver, CO 80204","2026/07/07",2050,"2 Beds, 1 Bath, 983 sq ft","Condo"
"1020 15th St Unit 35C, Denver, CO 80202","2026/07/07",3000,"2 Beds, 3 Baths, 1,400 sq ft","Condo"
"1304 S Parker Rd Unit Parker Rd Condo, Denver, CO 80231","2026/07/07",1250,"1 Bed, 1 Bath, 625 sq ft","Condo"
"1625 Larimer St Unit 1903, Denver, CO 80202","2026/07/07",2750,"2 Beds, 2 Baths, 1,283 sq ft","Condo"
"2011 N Vine St, Denver, CO 80205","2026/07/07",2300,"2 Beds, 1.5 Baths, 1,510 sq ft","Condo"
"3732 Quivas St, Denver, CO 80211","2026/07/07",3300,"2 Beds, 2 Baths, 1,575 sq ft","Condo"
"1995 S Logan St, Denver, CO 80210","2026/07/07",765,"2 Beds, 2 Baths, 1,575 sq ft","Condo"
"7804 E Hampden Cir, Denver, CO 80237","2026/07/07",415,"2 Beds, 2 Baths, 1,575 sq ft","Condo"
"2964 W 40th Ave, Denver, CO 80211","2026/07/07",415,"2 Beds, 2 Baths, 1,575 sq ft","Condo"
"1547 Emerson St, Denver, CO 80218","2026/07/07",655,"2 Beds, 2 Baths, 1,575 sq ft","Condo"
"2001 S Grant St, Denver, CO 80210","2026/07/07",355,"2 Beds, 2 Baths, 1,575 sq ft","Condo"
"2605 Milwaukee St, Denver, CO 80205","2026/07/07",465,"2 Beds, 2 Baths, 1,575 sq ft","Condo"
"1265 Stuart St, Denver, CO 80204","2026/07/07",600,"2 Beds, 2 Baths, 1,575 sq ft","Condo"
"4225 Mariposa St, Denver, CO 80211","2026/07/07",515,"2 Beds, 2 Baths, 1,575 sq ft","Condo"
"175 S Meade St, Denver, CO 80219","2026/07/07",575,"2 Beds, 2 Baths, 1,575 sq ft","Condo"
"3791 Meade St, Denver, CO 80211","2026/07/07",595,"2 Beds, 2 Baths, 1,575 sq ft","Condo"
"2698 S Jasmine St, Denver, CO 80222","2026/07/07",425,"2 Beds, 2 Baths, 1,575 sq ft","Condo"
"777 S Logan St, Denver, CO 80209","2026/07/07",790,"2 Beds, 2 Baths, 1,575 sq ft","Condo"
"841 Mariposa St, Denver, CO 80204","2026/07/07",710,"2 Beds, 2 Baths, 1,575 sq ft","Condo"
"275 S Harrison St Unit 505, Denver, CO 80209","2026/07/07",1995,"1 Bed, 1 Bath, 866 sq ft","Condo"
"18331 E 71st Ave, Denver, CO 80249","2026/07/07",2399,"1 Bed, 1 Bath, 866 sq ft","Condo"
"61 S Gray St, Lakewood, CO 80226","2026/07/07",2300,"2 Beds, 2 Baths, 997 sq ft","Condo"
"1934 Depew St, Lakewood, CO 80214","2026/07/07",2800,"3 Beds, 2.5 Baths, 1,302 sq ft","Condo"
"2185 Upham St, Lakewood, CO 80214","2026/07/07",355,"3 Beds, 2.5 Baths, 1,302 sq ft","Condo"
"7393 W Jefferson Ave, Lakewood, CO 80235","2026/07/07",1649,"3 Beds, 2.5 Baths, 1,302 sq ft","Condo"
"4444 Leetsdale Dr, Glendale, CO 80246","2026/07/07",1949,"3 Beds, 2.5 Baths, 1,302 sq ft","Condo"
"15105 E 38th Ave, Aurora, CO 80011","2026/07/07",1949,"3 Beds, 2.5 Baths, 1,302 sq ft","Condo"
"19909 E 61st Dr, Aurora, CO 80019","2026/07/07",975,"1 Bed, 1 Bath, 2,703 sq ft","Condo"
"13941 E Harvard Ave, Aurora, CO 80014","2026/07/07",1799,"1 Bed, 1 Bath, 2,703 sq ft","Condo"
"14095 E Evans Ave, Aurora, CO 80014","2026/07/07",1979,"1 Bed, 1 Bath, 2,703 sq ft","Condo"
"5200 S Quebec St, Greenwood Village, CO 80111","2026/07/07",1859,"1 Bed, 1 Bath, 2,703 sq ft","Condo"
"2313 Peoria St Unit 2313 Peoria Street, Aurora, CO 80010","2026/07/07",2450,"3 Beds, 2 Baths, 1,900 sq ft","Condo"
"1605 St Paul St Unit 1, Denver, CO 80206","2026/07/07",1395,"1 Bed, 1 Bath, 600 sq ft","Condo"
"1640 Detroit St, Denver, CO 80206","2026/07/07",1090,"The Sir Richard","Apartment"
NA,NA,NA,NA,NA
"1325 Madison St, Denver, CO 80206","2026/07/07",1256,"Studio","Apartment"
"1325 Madison St, Denver, CO 80206","2026/07/07",1452,"1 Bed","Apartment"
"764-794 Cherry St, Denver, CO 80220","2026/07/07",1064,"1 Bed","Apartment"
"764-794 Cherry St, Denver, CO 80220","2026/07/07",1395,"2 Beds","Apartment"
"1535 Grant St, Denver, CO 80203","2026/07/07",815,"The Barrister","Apartment"
"1202 Logan St, Denver, CO 80203","2026/07/07",1245,"1202 Logan","Apartment"
"1109 N Marion St, Denver, CO 80218","2026/07/07",1327,"Studio","Apartment"
"1109 N Marion St, Denver, CO 80218","2026/07/07",1312,"1 Bed","Apartment"
NA,NA,NA,NA,NA
"1120 Logan St, Denver, CO 80203","2026/07/07",1101,"Studio","Apartment"
"1120 Logan St, Denver, CO 80203","2026/07/07",1217,"1 Bed","Apartment"
NA,NA,NA,NA,NA
NA,NA,NA,NA,NA
"1515 Vine St, Denver, CO 80206","2026/07/07",1025,"Studio","Apartment"
"1515 Vine St, Denver, CO 80206","2026/07/07",1185,"1 Bed","Apartment"
"1663 Steele St, Denver, CO 80206","2026/07/07",2282,"Studio","Apartment"
"1663 Steele St, Denver, CO 80206","2026/07/07",2446,"1 Bed","Apartment"
"1663 Steele St, Denver, CO 80206","2026/07/07",2935,"2 Beds","Apartment"
"95 Clarkson St, Denver, CO 80218","2026/07/07",1100,"95 Clarkson St","Apartment"
"1084 Clarkson St, Denver, CO 80218","2026/07/07",1025,"Camelot Apartments","Apartment"
"2595 S Federal Blvd, Denver, CO 80219","2026/07/07",1223,"All Saints Apartments","Apartment"
"8600 E Jefferson Ave, Denver, CO 80237","2026/07/07",1550,"2 Beds","Apartment"
"8600 E Jefferson Ave, Denver, CO 80237","2026/07/07",1991,"3 Beds","Apartment"
"1125-1135 Josephine St, Denver, CO 80206","2026/07/07",987,"Candlewood Apartments","Apartment"
"300 S Logan St, Denver, CO 80209","2026/07/07",1695,"300 S Logan","Apartment"
"1321 Yosemite St, Denver, CO 80220","2026/07/07",750,"Studio","Apartment"
"1321 Yosemite St, Denver, CO 80220","2026/07/07",1050,"1 Bed","Apartment"
"1321 Yosemite St, Denver, CO 80220","2026/07/07",1250,"2 Beds","Apartment"
NA,NA,NA,NA,NA
NA,NA,NA,NA,NA
NA,NA,NA,NA,NA
NA,NA,NA,NA,NA
NA,NA,NA,NA,NA
NA,NA,NA,NA,NA
NA,NA,NA,NA,NA
NA,NA,NA,NA,NA
NA,NA,NA,NA,NA
NA,NA,NA,NA,NA
"2180 S Colorado Blvd, Denver, CO 80222","2026/07/07",2222,"Unit 359 at Deco Apartments","Apartment"
NA,NA,NA,NA,NA
NA,NA,NA,NA,NA
NA,NA,NA,NA,NA
NA,NA,NA,NA,NA
NA,NA,NA,NA,NA
