"Address","Date","Rent","Aprt_Type","Building_Type"
"2650 Woodley Rd NW, Washington, DC 20008","2026/06/02",3932,"1 Bed","Apartment"
"2650 Woodley Rd NW, Washington, DC 20008","2026/06/02",5102,"2 Beds","Apartment"
"2650 Woodley Rd NW, Washington, DC 20008","2026/06/02",8367,"3 Beds","Apartment"
"2228 Martin Luther King Jr Ave SE, Washington, DC 20020","2026/06/02",1784,"3 Beds",NA
"800 Kenilworth Ave NE, Washington, DC 20019","2026/06/02",1779,"1 Bed","Apartment"
"800 Kenilworth Ave NE, Washington, DC 20019","2026/06/02",1230,"2 Beds","Apartment"
"800 Kenilworth Ave NE, Washington, DC 20019","2026/06/02",2449,"3 Beds","Apartment"
"2323 Pennsylvania Ave SE, Washington, DC 20020","2026/06/02",1781,"3 Beds",NA
"1777 Columbia Rd NW, Washington, DC 20009","2026/06/02",2031,"Studio","Apartment"
"1777 Columbia Rd NW, Washington, DC 20009","2026/06/02",2468,"1 Bed","Apartment"
"8750 Georgia Ave, Silver Spring, MD 20910","2026/06/02",1450,"Studio","Apartment"
"8750 Georgia Ave, Silver Spring, MD 20910","2026/06/02",1575,"1 Bed","Apartment"
"8750 Georgia Ave, Silver Spring, MD 20910","2026/06/02",2000,"2 Beds","Apartment"
"600 Howard Rd SE, Washington, DC 20020","2026/06/02",1947,"Studio","Apartment"
"600 Howard Rd SE, Washington, DC 20020","2026/06/02",2440,"1 Bed","Apartment"
"600 Howard Rd SE, Washington, DC 20020","2026/06/02",4224,"2 Beds","Apartment"
"650 Howard Rd SE, Washington, DC 20020","2026/06/02",1944,"Studio","Apartment"
"650 Howard Rd SE, Washington, DC 20020","2026/06/02",2564,"1 Bed","Apartment"
"650 Howard Rd SE, Washington, DC 20020","2026/06/02",4374,"2 Beds","Apartment"
"2601 Calvert St NW, Washington, DC 20008","2026/06/02",2358,"Studio","Apartment"
"2601 Calvert St NW, Washington, DC 20008","2026/06/02",2853,"1 Bed","Apartment"
"2601 Calvert St NW, Washington, DC 20008","2026/06/02",4857,"2 Beds+","Apartment"
"3636 16th St NW, Washington, DC 20010","2026/06/02",1248,"Studio","Apartment"
"3636 16th St NW, Washington, DC 20010","2026/06/02",1990,"1 Bed","Apartment"
"443 New York Ave NW, Washington, DC 20001","2026/06/02",2011,"Studio","Apartment"
"443 New York Ave NW, Washington, DC 20001","2026/06/02",2235,"1 Bed","Apartment"
"443 New York Ave NW, Washington, DC 20001","2026/06/02",3313,"2 Beds","Apartment"
"1240 3rd St NE, Washington, DC 20002","2026/06/02",1846,"Studio","Apartment"
"1240 3rd St NE, Washington, DC 20002","2026/06/02",2315,"1 Bed","Apartment"
"1240 3rd St NE, Washington, DC 20002","2026/06/02",4306,"2 Beds","Apartment"
"44 Banner Ln, Washington, DC 20001","2026/06/02",1694,"Studio","Apartment"
"44 Banner Ln, Washington, DC 20001","2026/06/02",1738,"1 Bed","Apartment"
"44 Banner Ln, Washington, DC 20001","2026/06/02",2536,"2 Beds","Apartment"
"4000 Wisconsin Ave NW, Washington, DC 20016","2026/06/02",2373,"1 Bed","Apartment"
"4000 Wisconsin Ave NW, Washington, DC 20016","2026/06/02",3619,"2 Beds","Apartment"
"4000 Wisconsin Ave NW, Washington, DC 20016","2026/06/02",9004,"3 Beds","Apartment"
"300 12th St SW, Washington, DC 20024","2026/06/02",2101,"Studio","Apartment"
"300 12th St SW, Washington, DC 20024","2026/06/02",2313,"1 Bed","Apartment"
"300 12th St SW, Washington, DC 20024","2026/06/02",4100,"2 Beds","Apartment"
"7 M St NE, Washington, DC 20002","2026/06/02",1530,"Studio","Apartment"
"7 M St NE, Washington, DC 20002","2026/06/02",1737,"1 Bed","Apartment"
"7 M St NE, Washington, DC 20002","2026/06/02",1909,"2 Beds+","Apartment"
"113 Potomac Ave SW, Washington, DC 20024","2026/06/02",2132,"Studio","Apartment"
"113 Potomac Ave SW, Washington, DC 20024","2026/06/02",2309,"1 Bed","Apartment"
"113 Potomac Ave SW, Washington, DC 20024","2026/06/02",3196,"2 Beds+","Apartment"
"1100 Dahlia St NW, Washington, DC 20012","2026/06/02",1816,"Studio","Apartment"
"1100 Dahlia St NW, Washington, DC 20012","2026/06/02",1823,"1 Bed","Apartment"
"1100 Dahlia St NW, Washington, DC 20012","2026/06/02",2667,"2 Beds","Apartment"
"6830-6896 Laurel St NW, Washington, DC 20012","2026/06/02",1420,"Studio","Apartment"
"6830-6896 Laurel St NW, Washington, DC 20012","2026/06/02",1510,"1 Bed","Apartment"
"6830-6896 Laurel St NW, Washington, DC 20012","2026/06/02",1510,"2 Beds","Apartment"
"150 I St SE, Washington, DC 20003","2026/06/02",1875,"Studio","Apartment"
"150 I St SE, Washington, DC 20003","2026/06/02",2331,"1 Bed","Apartment"
"150 I St SE, Washington, DC 20003","2026/06/02",3051,"2 Beds","Apartment"
"440 Penn St NE, Washington, DC 20002","2026/06/02",2089,"1 Bed","Apartment"
"440 Penn St NE, Washington, DC 20002","2026/06/02",3586,"2 Beds","Apartment"
"440 Penn St NE, Washington, DC 20002","2026/06/02",5471,"3 Beds","Apartment"
"1701 H St NE, Washington, DC 20002","2026/06/02",1595,"Studio","Apartment"
"1701 H St NE, Washington, DC 20002","2026/06/02",1729,"1 Bed","Apartment"
"1701 H St NE, Washington, DC 20002","2026/06/02",3295,"2 Beds","Apartment"
"630 Kenilworth Ter NE, Washington, DC 20019","2026/06/02",1615,"Studio","Apartment"
"630 Kenilworth Ter NE, Washington, DC 20019","2026/06/02",1630,"1 Bed","Apartment"
"630 Kenilworth Ter NE, Washington, DC 20019","2026/06/02",2460,"2 Beds","Apartment"
"1700 H St NE, Washington, DC 20002","2026/06/02",1640,"Studio","Apartment"
"1700 H St NE, Washington, DC 20002","2026/06/02",1945,"1 Bed","Apartment"
"1700 H St NE, Washington, DC 20002","2026/06/02",2325,"2 Beds","Apartment"
"733 15th St NW, Washington, DC 20005","2026/06/02",2580,"Studio","Apartment"
"733 15th St NW, Washington, DC 20005","2026/06/02",3430,"1 Bed","Apartment"
"733 15th St NW, Washington, DC 20005","2026/06/02",4560,"2 Beds","Apartment"
"4000 Massachusetts Ave NW, Washington, DC 20016","2026/06/02",1400,"Studio","Apartment"
"4000 Massachusetts Ave NW, Washington, DC 20016","2026/06/02",1700,"1 Bed","Apartment"
"4000 Massachusetts Ave NW, Washington, DC 20016","2026/06/02",2400,"2 Beds","Apartment"
"713 Lamont St NW, Washington, DC 20010","2026/06/02",1579,"Studio","Apartment"
"713 Lamont St NW, Washington, DC 20010","2026/06/02",1960,"1 Bed","Apartment"
"713 Lamont St NW, Washington, DC 20010","2026/06/02",3167,"2 Beds","Apartment"
"2400 14th St NW, Washington, DC 20009","2026/06/02",2020,"Studio","Apartment"
"2400 14th St NW, Washington, DC 20009","2026/06/02",2494,"1 Bed","Apartment"
"2400 14th St NW, Washington, DC 20009","2026/06/02",3959,"2 Beds","Apartment"
"2300 Marion Barry Ave SE, Washington, DC 20020","2026/06/02",950,"1 Bed","Apartment"
"2300 Marion Barry Ave SE, Washington, DC 20020","2026/06/02",1320,"2 Beds","Apartment"
"1234 Massachusetts Ave NW, Washington, DC 20005","2026/06/02",1595,"Studio","Apartment"
"1234 Massachusetts Ave NW, Washington, DC 20005","2026/06/02",1900,"1 Bed","Apartment"
"1234 Massachusetts Ave NW, Washington, DC 20005","2026/06/02",3500,"2 Beds","Apartment"
"1 Florida Ave NE, Washington, DC 20002","2026/06/02",1755,"Studio","Apartment"
"1 Florida Ave NE, Washington, DC 20002","2026/06/02",1982,"1 Bed","Apartment"
"1 Florida Ave NE, Washington, DC 20002","2026/06/02",3205,"2 Beds","Apartment"
"1200 14th St NW, Washington, DC 20005","2026/06/02",2199,"Studio","Apartment"
"1200 14th St NW, Washington, DC 20005","2026/06/02",2962,"1 Bed","Apartment"
"1200 14th St NW, Washington, DC 20005","2026/06/02",3699,"2 Beds","Apartment"
"2303 14th St NW, Washington, DC 20009","2026/06/02",1874,"Studio","Apartment"
"2303 14th St NW, Washington, DC 20009","2026/06/02",2081,"1 Bed","Apartment"
"1301 M St NW, Washington, DC 20005","2026/06/02",2777,"1 Bed","Apartment"
"1301 M St NW, Washington, DC 20005","2026/06/02",4524,"2 Beds","Apartment"
"1301 M St NW, Washington, DC 20005","2026/06/02",6255,"3 Beds","Apartment"
"301 M St SW, Washington, DC 20024","2026/06/02",2159,"1 Bed","Apartment"
"301 M St SW, Washington, DC 20024","2026/06/02",2829,"2 Beds","Apartment"
"2800 Quebec St NW, Washington, DC 20008","2026/06/02",1623,"Studio","Apartment"
"2800 Quebec St NW, Washington, DC 20008","2026/06/02",2100,"1 Bed","Apartment"
"1255 25th St NW, Washington, DC 20037","2026/06/02",2810,"Studio","Apartment"
"1255 25th St NW, Washington, DC 20037","2026/06/02",3128,"1 Bed","Apartment"
"1255 25th St NW, Washington, DC 20037","2026/06/02",5812,"2 Beds","Apartment"
"2 M St NE, Washington, DC 20002","2026/06/02",1600,"Studio","Apartment"
"2 M St NE, Washington, DC 20002","2026/06/02",1875,"1 Bed","Apartment"
"2 M St NE, Washington, DC 20002","2026/06/02",3100,"2 Beds","Apartment"
"907 6th St SW, Washington, DC 20024","2026/06/02",1962,"Studio","Apartment"
"907 6th St SW, Washington, DC 20024","2026/06/02",1862,"1 Bed","Apartment"
"907 6th St SW, Washington, DC 20024","2026/06/02",2699,"2 Beds","Apartment"
"1845 Summit Pl NW, Washington, DC 20009","2026/06/02",1662,"Studio","Apartment"
"1845 Summit Pl NW, Washington, DC 20009","2026/06/02",2080,"1 Bed","Apartment"
"1215 N Fayette St, Alexandria, VA 22314","2026/06/02",2395,"1 Bed","Apartment"
"1215 N Fayette St, Alexandria, VA 22314","2026/06/02",3375,"2 Beds","Apartment"
"1055 N Fairfax St, Alexandria, VA 22314","2026/06/02",2492,"1 Bed","Apartment"
"1055 N Fairfax St, Alexandria, VA 22314","2026/06/02",4922,"2 Beds","Apartment"
"1055 N Fairfax St, Alexandria, VA 22314","2026/06/02",5692,"3 Beds","Apartment"
"801 15th St S, Arlington, VA 22202","2026/06/02",1980,"Studio","Apartment"
"801 15th St S, Arlington, VA 22202","2026/06/02",1963,"1 Bed","Apartment"
"801 15th St S, Arlington, VA 22202","2026/06/02",2685,"2 Beds","Apartment"
"1600 S Eads St, Arlington, VA 22202","2026/06/02",1964,"Studio","Apartment"
"1600 S Eads St, Arlington, VA 22202","2026/06/02",2409,"1 Bed","Apartment"
"1600 S Eads St, Arlington, VA 22202","2026/06/02",2984,"2 Beds+","Apartment"
"5443 16th Ave, Hyattsville, MD 20782","2026/06/02",1315,"1 Bed","Apartment"
"5443 16th Ave, Hyattsville, MD 20782","2026/06/02",1583,"2 Beds","Apartment"
"5443 16th Ave, Hyattsville, MD 20782","2026/06/02",1901,"3 Beds","Apartment"
"1425 S Eads St, Arlington, VA 22202","2026/06/02",2454,"1 Bed","Apartment"
"1425 S Eads St, Arlington, VA 22202","2026/06/02",2917,"2 Beds","Apartment"
"1550 N Clarendon Blvd, Arlington, VA 22209","2026/06/02",2415,"1 Bed","Apartment"
"1550 N Clarendon Blvd, Arlington, VA 22209","2026/06/02",3623,"2 Beds","Apartment"
"1221-1331 S Eads St, Arlington, VA 22202","2026/06/02",2126,"Studio","Apartment"
"1221-1331 S Eads St, Arlington, VA 22202","2026/06/02",2478,"1 Bed","Apartment"
"1221-1331 S Eads St, Arlington, VA 22202","2026/06/02",2981,"2 Beds","Apartment"
"5400 Livingston Rd, Oxon Hill, MD 20745","2026/06/02",1325,"1 Bed","Apartment"
"5400 Livingston Rd, Oxon Hill, MD 20745","2026/06/02",1450,"2 Beds","Apartment"
"5400 Livingston Rd, Oxon Hill, MD 20745","2026/06/02",1890,"3 Beds","Apartment"
"180 High Park Ln, Silver Spring, MD 20910","2026/06/02",2320,"1 Bed","Apartment"
"180 High Park Ln, Silver Spring, MD 20910","2026/06/02",3338,"2 Beds","Apartment"
"180 High Park Ln, Silver Spring, MD 20910","2026/06/02",4049,"3 Beds","Apartment"
"1401 Blair Mill Rd, Silver Spring, MD 20910","2026/06/02",1464,"Studio","Apartment"
"1401 Blair Mill Rd, Silver Spring, MD 20910","2026/06/02",1731,"1 Bed","Apartment"
"1401 Blair Mill Rd, Silver Spring, MD 20910","2026/06/02",2155,"2 Beds+","Apartment"
"2512 Q St, Washington, DC 20007","2026/06/02",2125,"Studio","Apartment"
"2512 Q St, Washington, DC 20007","2026/06/02",2165,"1 Bed","Apartment"
"2512 Q St, Washington, DC 20007","2026/06/02",3644,"2 Beds","Apartment"
"801-901 H St NE, Washington, DC 20002","2026/06/02",1740,"Studio","Apartment"
"801-901 H St NE, Washington, DC 20002","2026/06/02",1935,"1 Bed","Apartment"
"801-901 H St NE, Washington, DC 20002","2026/06/02",2785,"2 Beds","Apartment"
"35 E St NW, Washington, DC 20001","2026/06/02",1475,"Studio","Apartment"
"35 E St NW, Washington, DC 20001","2026/06/02",2123,"1 Bed","Apartment"
"1320 4th St NE, Washington, DC 20002","2026/06/02",2020,"1 Bed","Apartment"
"1320 4th St NE, Washington, DC 20002","2026/06/02",3296,"2 Beds","Apartment"
"853 New Jersey Ave SE, Washington, DC 20003","2026/06/02",1878,"Studio","Apartment"
"853 New Jersey Ave SE, Washington, DC 20003","2026/06/02",2335,"1 Bed","Apartment"
"853 New Jersey Ave SE, Washington, DC 20003","2026/06/02",2435,"2 Beds+","Apartment"
"3201 8th St NE, Washington, DC 20017","2026/06/02",2079,"Studio","Apartment"
"3201 8th St NE, Washington, DC 20017","2026/06/02",1970,"1 Bed","Apartment"
"3201 8th St NE, Washington, DC 20017","2026/06/02",2726,"2 Beds+","Apartment"
"801 New Jersey Ave NW, Washington, DC 20001","2026/06/02",2015,"Studio","Apartment"
"801 New Jersey Ave NW, Washington, DC 20001","2026/06/02",2302,"1 Bed","Apartment"
"801 New Jersey Ave NW, Washington, DC 20001","2026/06/02",3807,"2 Beds","Apartment"
"60 I St SW, Washington, DC 20024","2026/06/02",1838,"Studio","Apartment"
"60 I St SW, Washington, DC 20024","2026/06/02",2173,"1 Bed","Apartment"
"60 I St SW, Washington, DC 20024","2026/06/02",2673,"2 Beds","Apartment"
"5300 Wisconsin Ave NW, Washington, DC 20015","2026/06/02",2369,"Studio","Apartment"
"5300 Wisconsin Ave NW, Washington, DC 20015","2026/06/02",2717,"1 Bed","Apartment"
"5300 Wisconsin Ave NW, Washington, DC 20015","2026/06/02",3588,"2 Beds+","Apartment"
"300 Neal Pl NE, Washington, DC 20002","2026/06/02",2080,"Studio","Apartment"
"300 Neal Pl NE, Washington, DC 20002","2026/06/02",2236,"1 Bed","Apartment"
"300 Neal Pl NE, Washington, DC 20002","2026/06/02",3566,"2 Beds+","Apartment"
"1280 Union St NE, Washington, DC 20002","2026/06/02",2736,"1 Bed","Apartment"
"1280 Union St NE, Washington, DC 20002","2026/06/02",3408,"2 Beds","Apartment"
"1280 Union St NE, Washington, DC 20002","2026/06/02",6692,"3 Beds","Apartment"
"1425 New York Ave NW, Washington, DC 20005","2026/06/02",2804,"Studio","Apartment"
"1425 New York Ave NW, Washington, DC 20005","2026/06/02",3157,"1 Bed","Apartment"
"1425 New York Ave NW, Washington, DC 20005","2026/06/02",4341,"2 Beds+","Apartment"
"800 P St NW, Washington, DC 20001","2026/06/02",2131,"Studio","Apartment"
"800 P St NW, Washington, DC 20001","2026/06/02",2417,"1 Bed","Apartment"
"800 P St NW, Washington, DC 20001","2026/06/02",3746,"2 Beds","Apartment"
"300 Massachusetts Ave NW, Washington, DC 20001","2026/06/02",1994,"Studio","Apartment"
"300 Massachusetts Ave NW, Washington, DC 20001","2026/06/02",2312,"1 Bed","Apartment"
"300 Massachusetts Ave NW, Washington, DC 20001","2026/06/02",3401,"2 Beds","Apartment"
NA,NA,NA,NA,NA
"1160 1st St NE, Washington, DC 20002","2026/06/02",2033,"Studio","Apartment"
"1160 1st St NE, Washington, DC 20002","2026/06/02",2383,"1 Bed","Apartment"
"1160 1st St NE, Washington, DC 20002","2026/06/02",2768,"2 Beds","Apartment"
"701 2nd St NE, Washington, DC 20002","2026/06/02",2097,"Studio","Apartment"
"701 2nd St NE, Washington, DC 20002","2026/06/02",2529,"1 Bed","Apartment"
"701 2nd St NE, Washington, DC 20002","2026/06/02",3237,"2 Beds","Apartment"
"64 H St SW, Washington, DC 20024","2026/06/02",1734,"Studio","Apartment"
"64 H St SW, Washington, DC 20024","2026/06/02",2016,"1 Bed","Apartment"
"64 H St SW, Washington, DC 20024","2026/06/02",3309,"2 Beds+","Apartment"
"625 Monroe St NE, Washington, DC 20017","2026/06/02",1849,"Studio","Apartment"
"625 Monroe St NE, Washington, DC 20017","2026/06/02",2068,"1 Bed","Apartment"
"625 Monroe St NE, Washington, DC 20017","2026/06/02",2972,"2 Beds","Apartment"
"4849 Connecticut Ave NW, Washington, DC 20008","2026/06/02",1499,"Studio","Apartment"
"4849 Connecticut Ave NW, Washington, DC 20008","2026/06/02",1729,"1 Bed","Apartment"
"4849 Connecticut Ave NW, Washington, DC 20008","2026/06/02",2549,"2 Beds","Apartment"
"77 H St NW, Washington, DC 20001","2026/06/02",2108,"Studio","Apartment"
"77 H St NW, Washington, DC 20001","2026/06/02",2218,"1 Bed","Apartment"
"77 H St NW, Washington, DC 20001","2026/06/02",3463,"2 Beds","Apartment"
"1011 4th St NW, Washington, DC 20001","2026/06/02",1801,"Studio","Apartment"
"1011 4th St NW, Washington, DC 20001","2026/06/02",2049,"1 Bed","Apartment"
"625 H St NE, Washington, DC 20002","2026/06/02",1790,"Studio","Apartment"
"625 H St NE, Washington, DC 20002","2026/06/02",2035,"1 Bed","Apartment"
"625 H St NE, Washington, DC 20002","2026/06/02",3131,"2 Beds","Apartment"
"600 H St NE, Washington, DC 20002","2026/06/02",1893,"Studio","Apartment"
"600 H St NE, Washington, DC 20002","2026/06/02",2206,"1 Bed","Apartment"
"600 H St NE, Washington, DC 20002","2026/06/02",2777,"2 Beds+","Apartment"
"2901 Connecticut Ave NW, Washington, DC 20008","2026/06/02",1609,"Studio","Apartment"
"2901 Connecticut Ave NW, Washington, DC 20008","2026/06/02",1699,"1 Bed","Apartment"
"2901 Connecticut Ave NW, Washington, DC 20008","2026/06/02",2386,"2 Beds","Apartment"
"1920-1934 14Th St NW, Washington, DC 20009","2026/06/02",1872,"Studio","Apartment"
"1920-1934 14Th St NW, Washington, DC 20009","2026/06/02",2942,"1 Bed","Apartment"
"1920-1934 14Th St NW, Washington, DC 20009","2026/06/02",3812,"2 Beds","Apartment"
"1676 Maryland Ave NE, Washington, DC 20002","2026/06/02",1380,"Studio","Apartment"
"1676 Maryland Ave NE, Washington, DC 20002","2026/06/02",1503,"1 Bed","Apartment"
"1676 Maryland Ave NE, Washington, DC 20002","2026/06/02",1941,"2 Beds","Apartment"
"1315 W St NW, Washington, DC 20009","2026/06/02",2085,"Studio","Apartment"
"1315 W St NW, Washington, DC 20009","2026/06/02",2303,"1 Bed","Apartment"
"1315 W St NW, Washington, DC 20009","2026/06/02",3652,"2 Beds","Apartment"
"1263 First St SE, Washington, DC 20003","2026/06/02",1735,"Studio","Apartment"
"1263 First St SE, Washington, DC 20003","2026/06/02",2065,"1 Bed","Apartment"
"1263 First St SE, Washington, DC 20003","2026/06/02",2954,"2 Beds","Apartment"
"70 I St SE, Washington, DC 20003","2026/06/02",1832,"Studio","Apartment"
"70 I St SE, Washington, DC 20003","2026/06/02",1739,"1 Bed","Apartment"
"70 I St SE, Washington, DC 20003","2026/06/02",2809,"2 Beds","Apartment"
"82 I St SE, Washington, DC 20003","2026/06/02",1828,"Studio","Apartment"
"82 I St SE, Washington, DC 20003","2026/06/02",2065,"1 Bed","Apartment"
"82 I St SE, Washington, DC 20003","2026/06/02",3398,"2 Beds","Apartment"
"2201 N St, Washington, DC 20037","2026/06/02",2111,"Studio","Apartment"
"2201 N St, Washington, DC 20037","2026/06/02",2583,"1 Bed","Apartment"
"2201 N St, Washington, DC 20037","2026/06/02",4496,"2 Beds","Apartment"
"3201 Wisconsin Ave NW, Washington, DC 20016","2026/06/02",1499,"Studio","Apartment"
"3201 Wisconsin Ave NW, Washington, DC 20016","2026/06/02",1799,"1 Bed","Apartment"
"3201 Wisconsin Ave NW, Washington, DC 20016","2026/06/02",2899,"2 Beds","Apartment"
"51 M St NE, Washington, DC 20002","2026/06/02",1823,"Studio","Apartment"
"51 M St NE, Washington, DC 20002","2026/06/02",2074,"1 Bed","Apartment"
"51 M St NE, Washington, DC 20002","2026/06/02",3278,"2 Beds+","Apartment"
"900 7th St SW, Washington, DC 20024","2026/06/02",2023,"Studio","Apartment"
"900 7th St SW, Washington, DC 20024","2026/06/02",2391,"1 Bed","Apartment"
"1250 Half St SE, Washington, DC 20003","2026/06/02",1820,"Studio","Apartment"
"1250 Half St SE, Washington, DC 20003","2026/06/02",2082,"1 Bed","Apartment"
"1250 Half St SE, Washington, DC 20003","2026/06/02",2560,"2 Beds","Apartment"
"465 M St SW, Washington, DC 20024","2026/06/02",1617,"Studio","Apartment"
"465 M St SW, Washington, DC 20024","2026/06/02",1899,"1 Bed","Apartment"
"465 M St SW, Washington, DC 20024","2026/06/02",2395,"2 Beds","Apartment"
"1900 Half St SW, Washington, DC 20002","2026/06/02",1379,"Studio","Apartment"
"1900 Half St SW, Washington, DC 20002","2026/06/02",1864,"1 Bed","Apartment"
"1900 Half St SW, Washington, DC 20002","2026/06/02",2791,"2 Beds+","Apartment"
"949 First St SE, Washington, DC 20003","2026/06/02",1955,"Studio","Apartment"
"949 First St SE, Washington, DC 20003","2026/06/02",2103,"1 Bed","Apartment"
"949 First St SE, Washington, DC 20003","2026/06/02",3715,"2 Beds+","Apartment"
"331 N St NE, Washington, DC 20002","2026/06/02",2056,"Studio","Apartment"
"331 N St NE, Washington, DC 20002","2026/06/02",2252,"1 Bed","Apartment"
"331 N St NE, Washington, DC 20002","2026/06/02",2894,"2 Beds","Apartment"
"1501 Harry Thomas Way NE, Washington, DC 20002","2026/06/02",1725,"Studio","Apartment"
"1501 Harry Thomas Way NE, Washington, DC 20002","2026/06/02",1857,"1 Bed","Apartment"
"1501 Harry Thomas Way NE, Washington, DC 20002","2026/06/02",3366,"2 Beds","Apartment"
"2607 Reed St NE, Washington, DC 20018","2026/06/02",1646,"Studio","Apartment"
"2607 Reed St NE, Washington, DC 20018","2026/06/02",1815,"1 Bed","Apartment"
"2607 Reed St NE, Washington, DC 20018","2026/06/02",2723,"2 Beds","Apartment"
"350 Maple Dr SW, Washington, DC 20024","2026/06/02",1823,"Studio","Apartment"
"350 Maple Dr SW, Washington, DC 20024","2026/06/02",2245,"1 Bed","Apartment"
"350 Maple Dr SW, Washington, DC 20024","2026/06/02",4068,"2 Beds","Apartment"
"202 Florida Ave NE, Washington, DC 20002","2026/06/02",1901,"Studio","Apartment"
"202 Florida Ave NE, Washington, DC 20002","2026/06/02",2317,"1 Bed","Apartment"
"202 Florida Ave NE, Washington, DC 20002","2026/06/02",3020,"2 Beds","Apartment"
"20 Ridge Square NW, Washington, DC 20016","2026/06/02",2353,"1 Bed","Apartment"
"20 Ridge Square NW, Washington, DC 20016","2026/06/02",3867,"2 Beds","Apartment"
"40 Patterson St NE, Washington, DC 20002","2026/06/02",1937,"Studio","Apartment"
"40 Patterson St NE, Washington, DC 20002","2026/06/02",2169,"1 Bed","Apartment"
"40 Patterson St NE, Washington, DC 20002","2026/06/02",2854,"2 Beds","Apartment"
"1155 Dahlia St NW, Washington, DC 20012","2026/06/02",1650,"2 Beds","Apartment"
"1155 Dahlia St NW, Washington, DC 20012","2026/06/02",950,"3 Beds","Apartment"
"1155 Dahlia St NW, Washington, DC 20012","2026/06/02",1325,"4 Beds+","Apartment"
"601 24th St NW, Washington, DC 20037","2026/06/02",980,"4 Beds+",NA
"400 Florida Ave NE, Washington, DC 20002","2026/06/02",1379,"2 Beds","Apartment"
"400 Florida Ave NE, Washington, DC 20002","2026/06/02",1359,"3 Beds","Apartment"
"2615 Bladensburg Rd, Washington, DC 20018","2026/06/02",1735,"1 Bed","Apartment"
"2615 Bladensburg Rd, Washington, DC 20018","2026/06/02",2085,"2 Beds","Apartment"
"7150 12th St NW, Washington, DC 20012","2026/06/02",1737,"Studio","Apartment"
"7150 12th St NW, Washington, DC 20012","2026/06/02",2064,"1 Bed","Apartment"
"7150 12th St NW, Washington, DC 20012","2026/06/02",3217,"2 Beds","Apartment"
"1400 Montana Ave NE, Washington, DC 20018","2026/06/02",1735,"1 Bed","Apartment"
"1400 Montana Ave NE, Washington, DC 20018","2026/06/02",2592,"2 Beds","Apartment"
"1000 29th St NW, Washington, DC 20007","2026/06/02",2724,"Studio","Apartment"
"1000 29th St NW, Washington, DC 20007","2026/06/02",2999,"1 Bed","Apartment"
"1000 29th St NW, Washington, DC 20007","2026/06/02",10000,"3 Beds","Apartment"
"1331 Yards Pl SE, Washington, DC 20003","2026/06/02",1967,"Studio","Apartment"
"1331 Yards Pl SE, Washington, DC 20003","2026/06/02",2139,"1 Bed","Apartment"
"1331 Yards Pl SE, Washington, DC 20003","2026/06/02",3253,"2 Beds","Apartment"
"1319 S Capitol St SW, Washington, DC 20003","2026/06/02",1665,"Studio","Apartment"
"1319 S Capitol St SW, Washington, DC 20003","2026/06/02",1866,"1 Bed","Apartment"
"1319 S Capitol St SW, Washington, DC 20003","2026/06/02",2921,"2 Beds+","Apartment"
"300 K St NW, Washington, DC 20001","2026/06/02",2068,"Studio","Apartment"
"300 K St NW, Washington, DC 20001","2026/06/02",2771,"1 Bed","Apartment"
"300 K St NW, Washington, DC 20001","2026/06/02",3775,"2 Beds","Apartment"
"2116 Kalorama Rd NW, Washington, DC 20008","2026/06/02",2474,"2 Beds",NA
"1214 Bladensburg Rd NE, Washington, DC 20002","2026/06/02",1600,"Studio","Apartment"
"1214 Bladensburg Rd NE, Washington, DC 20002","2026/06/02",1810,"1 Bed","Apartment"
NA,NA,NA,NA,NA
"501 Kennedy St NW, Washington, DC 20011","2026/06/02",1561,"1 Bed","Apartment"
"501 Kennedy St NW, Washington, DC 20011","2026/06/02",3200,"2 Beds","Apartment"
"1625 Massachusetts Ave NW, Washington, DC 20036","2026/06/02",2475,"Studio","Apartment"
"1625 Massachusetts Ave NW, Washington, DC 20036","2026/06/02",2900,"1 Bed","Apartment"
"1625 Massachusetts Ave NW, Washington, DC 20036","2026/06/02",5645,"2 Beds","Apartment"
"1125 15th St NW, Washington, DC 20005","2026/06/02",2600,"Studio","Apartment"
"1125 15th St NW, Washington, DC 20005","2026/06/02",3000,"1 Bed","Apartment"
"1125 15th St NW, Washington, DC 20005","2026/06/02",5110,"2 Beds","Apartment"
"1500 Massachusetts Ave NW, Washington, DC 20005","2026/06/02",1637,"Studio","Apartment"
"1500 Massachusetts Ave NW, Washington, DC 20005","2026/06/02",2048,"1 Bed","Apartment"
"200 Rhode Island Ave NE, Washington, DC 20002","2026/06/02",1799,"1 Bed","Apartment"
"200 Rhode Island Ave NE, Washington, DC 20002","2026/06/02",2299,"2 Beds","Apartment"
"4100 Massachusetts Ave NW, Washington, DC 20016","2026/06/02",1996,"Studio","Apartment"
"4100 Massachusetts Ave NW, Washington, DC 20016","2026/06/02",2115,"1 Bed","Apartment"
"4100 Massachusetts Ave NW, Washington, DC 20016","2026/06/02",3119,"2 Beds","Apartment"
"1336 Missouri Ave NW, Washington, DC 20011","2026/06/02",1899,"1 Bed","Apartment"
"1336 Missouri Ave NW, Washington, DC 20011","2026/06/02",2149,"2 Beds","Apartment"
"2112 New Hampshire Ave NW, Washington, DC 20009","2026/06/02",1850,"2 Beds",NA
"1650 Harvard St NW, Washington, DC 20009","2026/06/02",3899,"2 Beds",NA
"1100 1st St SE, Washington, DC 20003","2026/06/02",1665,"Studio","Apartment"
"1100 1st St SE, Washington, DC 20003","2026/06/02",1772,"1 Bed","Apartment"
"1100 1st St SE, Washington, DC 20003","2026/06/02",2229,"2 Beds","Apartment"
"3130 Wisconsin Ave NW, Washington, DC 20016","2026/06/02",1429,"Studio","Apartment"
"3130 Wisconsin Ave NW, Washington, DC 20016","2026/06/02",1609,"1 Bed","Apartment"
"3130 Wisconsin Ave NW, Washington, DC 20016","2026/06/02",2530,"2 Beds","Apartment"
"1499 Massachusetts Ave NW, Washington, DC 20005","2026/06/02",1945,"Studio","Apartment"
"1499 Massachusetts Ave NW, Washington, DC 20005","2026/06/02",3000,"1 Bed","Apartment"
"1499 Massachusetts Ave NW, Washington, DC 20005","2026/06/02",4420,"2 Beds+","Apartment"
"1445 P St NW, Washington, DC 20005","2026/06/02",3960,"2 Beds+",NA
"222 M St SW, Washington, DC 20024","2026/06/02",1905,"Studio","Apartment"
"222 M St SW, Washington, DC 20024","2026/06/02",2265,"1 Bed","Apartment"
"222 M St SW, Washington, DC 20024","2026/06/02",3545,"2 Beds","Apartment"
"1825 7th St NW, Washington, DC 20001","2026/06/02",1593,"Studio","Apartment"
"1825 7th St NW, Washington, DC 20001","2026/06/02",2046,"1 Bed","Apartment"
"1825 7th St NW, Washington, DC 20001","2026/06/02",3071,"2 Beds","Apartment"
"2828 Connecticut Ave NW, Washington, DC 20008","2026/06/02",2119,"1 Bed","Apartment"
"2828 Connecticut Ave NW, Washington, DC 20008","2026/06/02",3231,"2 Beds","Apartment"
"2122 Massachusetts Ave NW, Washington, DC 20008","2026/06/02",1545,"Studio","Apartment"
"2122 Massachusetts Ave NW, Washington, DC 20008","2026/06/02",2200,"1 Bed","Apartment"
"925 25th St NW, Washington, DC 20037","2026/06/02",1771,"Studio","Apartment"
"925 25th St NW, Washington, DC 20037","2026/06/02",2182,"1 Bed","Apartment"
"1005 1st St NE, Washington, DC 20002","2026/06/02",1849,"Studio","Apartment"
"1005 1st St NE, Washington, DC 20002","2026/06/02",2128,"1 Bed","Apartment"
"1005 1st St NE, Washington, DC 20002","2026/06/02",3566,"2 Beds","Apartment"
NA,NA,NA,NA,NA
"300 M St NE, Washington, DC 20002","2026/06/02",1973,"Studio","Apartment"
"300 M St NE, Washington, DC 20002","2026/06/02",1917,"1 Bed","Apartment"
"300 M St NE, Washington, DC 20002","2026/06/02",2856,"2 Beds+","Apartment"
"2501 Q St NW, Washington, DC 20007","2026/06/02",1470,"2 Beds+",NA
"5323 Connecticut Ave NW, Washington, DC 20015","2026/06/02",1250,"Studio","Apartment"
"5323 Connecticut Ave NW, Washington, DC 20015","2026/06/02",1700,"1 Bed","Apartment"
"1510-1514 7th St NW, Washington, DC 20001","2026/06/02",2078,"Studio","Apartment"
"1510-1514 7th St NW, Washington, DC 20001","2026/06/02",2289,"1 Bed","Apartment"
"1510-1514 7th St NW, Washington, DC 20001","2026/06/02",3514,"2 Beds+","Apartment"
"3900 16th St NW, Washington, DC 20011","2026/06/02",1502,"Studio","Apartment"
"3900 16th St NW, Washington, DC 20011","2026/06/02",1899,"1 Bed","Apartment"
"3900 16th St NW, Washington, DC 20011","2026/06/02",2499,"2 Beds","Apartment"
"2400 Pennsylvania Ave NW, Washington, DC 20037","2026/06/02",1897,"Studio","Apartment"
"2400 Pennsylvania Ave NW, Washington, DC 20037","2026/06/02",2225,"1 Bed","Apartment"
"201 I St SW, Washington, DC 20024","2026/06/02",1722,"Studio","Apartment"
"201 I St SW, Washington, DC 20024","2026/06/02",1845,"1 Bed","Apartment"
"201 I St SW, Washington, DC 20024","2026/06/02",2214,"2 Beds","Apartment"
"2651 16th St NW, Washington, DC 20009","2026/06/02",1999,"2 Beds",NA
"2325 15th St NW, Washington, DC 20009","2026/06/02",1600,"Studio","Apartment"
"2325 15th St NW, Washington, DC 20009","2026/06/02",1900,"1 Bed","Apartment"
"3725 Macomb St NW, Washington, DC 20016","2026/06/02",1600,"Studio","Apartment"
"3725 Macomb St NW, Washington, DC 20016","2026/06/02",1800,"1 Bed","Apartment"
"3725 Macomb St NW, Washington, DC 20016","2026/06/02",2750,"2 Beds","Apartment"
"2633 16th St NW, Washington, DC 20009","2026/06/02",2096,"Studio","Apartment"
"2633 16th St NW, Washington, DC 20009","2026/06/02",2230,"1 Bed","Apartment"
"2633 16th St NW, Washington, DC 20009","2026/06/02",3020,"2 Beds","Apartment"
"3003 Van Ness St NW, Washington, DC 20008","2026/06/02",1518,"Studio","Apartment"
"3003 Van Ness St NW, Washington, DC 20008","2026/06/02",1635,"1 Bed","Apartment"
"3003 Van Ness St NW, Washington, DC 20008","2026/06/02",2407,"2 Beds","Apartment"
"4500 Connecticut Ave NW, Washington, DC 20008","2026/06/02",1999,"1 Bed","Apartment"
"4500 Connecticut Ave NW, Washington, DC 20008","2026/06/02",2989,"2 Beds","Apartment"
"950 24th St NW, Washington, DC 20037","2026/06/02",2280,"Studio","Apartment"
"950 24th St NW, Washington, DC 20037","2026/06/02",2462,"1 Bed","Apartment"
"950 24th St NW, Washington, DC 20037","2026/06/02",4418,"2 Beds+","Apartment"
"1804-1817 New Jersey Ave NW, Washington, DC 20001","2026/06/02",1700,"1 Bed","Apartment"
"1804-1817 New Jersey Ave NW, Washington, DC 20001","2026/06/02",2325,"2 Beds","Apartment"
"1804-1817 New Jersey Ave NW, Washington, DC 20001","2026/06/02",2799,"3 Beds","Apartment"
"4850 Connecticut Ave NW, Washington, DC 20008","2026/06/02",1453,"Studio","Apartment"
"4850 Connecticut Ave NW, Washington, DC 20008","2026/06/02",1655,"1 Bed","Apartment"
"4850 Connecticut Ave NW, Washington, DC 20008","2026/06/02",2365,"2 Beds","Apartment"
"2562 Naylor Rd SE, Washington, DC 20020","2026/06/02",1535,"1 Bed","Apartment"
"2562 Naylor Rd SE, Washington, DC 20020","2026/06/02",1685,"2 Beds","Apartment"
"2400 Virginia Ave NW, Washington, DC 20037","2026/06/02",1850,"Studio","Apartment"
"2400 Virginia Ave NW, Washington, DC 20037","2026/06/02",2581,"1 Bed","Apartment"
"2400 Virginia Ave NW, Washington, DC 20037","2026/06/02",3821,"2 Beds","Apartment"
"2020 F St NW, Washington, DC 20006","2026/06/02",1890,"Studio","Apartment"
"2020 F St NW, Washington, DC 20006","2026/06/02",2341,"1 Bed","Apartment"
"1221 24th St NW, Washington, DC 20037","2026/06/02",3115,"1 Bed","Apartment"
"1221 24th St NW, Washington, DC 20037","2026/06/02",4470,"2 Beds","Apartment"
"1421 Massachusetts Ave NW, Washington, DC 20005","2026/06/02",1649,"2 Beds",NA
"2401 Calvert St NW, Washington, DC 20008","2026/06/02",1816,"Studio","Apartment"
"2401 Calvert St NW, Washington, DC 20008","2026/06/02",2836,"1 Bed","Apartment"
"3146 16th St NW, Washington, DC 20010","2026/06/02",1950,"Studio","Apartment"
"3146 16th St NW, Washington, DC 20010","2026/06/02",1899,"1 Bed","Apartment"
"3146 16th St NW, Washington, DC 20010","2026/06/02",2599,"2 Beds","Apartment"
"4000 47th St NW, Washington, DC 20016","2026/06/02",1600,"1 Bed","Apartment"
"4000 47th St NW, Washington, DC 20016","2026/06/02",3000,"2 Beds","Apartment"
"4000 47th St NW, Washington, DC 20016","2026/06/02",4500,"3 Beds","Apartment"
"1924 8th St NW, Washington, DC 20001","2026/06/02",1900,"Studio","Apartment"
"1924 8th St NW, Washington, DC 20001","2026/06/02",2255,"1 Bed","Apartment"
"1924 8th St NW, Washington, DC 20001","2026/06/02",3515,"2 Beds","Apartment"
"1150 4th St SW, Washington, DC 20024","2026/06/02",1920,"Studio","Apartment"
"1150 4th St SW, Washington, DC 20024","2026/06/02",1639,"1 Bed","Apartment"
"1150 4th St SW, Washington, DC 20024","2026/06/02",2049,"2 Beds","Apartment"
"1829 Summit Pl NW, Washington, DC 20009","2026/06/02",1549,"Studio","Apartment"
"1829 Summit Pl NW, Washington, DC 20009","2026/06/02",1699,"1 Bed","Apartment"
"1829 Summit Pl NW, Washington, DC 20009","2026/06/02",2550,"2 Beds","Apartment"
"1600 Pennsylvania Ave SE, Washington, DC 20003","2026/06/02",1720,"1 Bed","Apartment"
"1600 Pennsylvania Ave SE, Washington, DC 20003","2026/06/02",2675,"2 Beds","Apartment"
"2130 P St NW, Washington, DC 20037","2026/06/02",2246,"Studio","Apartment"
"2130 P St NW, Washington, DC 20037","2026/06/02",2734,"1 Bed","Apartment"
"151 Q St NE, Washington, DC 20002","2026/06/02",1070,"Studio","Apartment"
"151 Q St NE, Washington, DC 20002","2026/06/02",1735,"1 Bed","Apartment"
"151 Q St NE, Washington, DC 20002","2026/06/02",2181,"2 Beds","Apartment"
"315 H St NE, Washington, DC 20002","2026/06/02",2020,"Studio","Apartment"
"315 H St NE, Washington, DC 20002","2026/06/02",2350,"1 Bed","Apartment"
"315 H St NE, Washington, DC 20002","2026/06/02",3080,"2 Beds","Apartment"
"1100 2nd Pl SE, Washington, DC 20003","2026/06/02",1574,"1 Bed","Apartment"
"1100 2nd Pl SE, Washington, DC 20003","2026/06/02",2424,"2 Beds","Apartment"
"1100 2nd Pl SE, Washington, DC 20003","2026/06/02",5888,"3 Beds","Apartment"
"3750 Jamison St NE, Washington, DC 20018","2026/06/02",1974,"1 Bed","Apartment"
"3750 Jamison St NE, Washington, DC 20018","2026/06/02",2399,"2 Beds","Apartment"
"618 T St NW, Washington, DC 20001","2026/06/02",2130,"1 Bed","Apartment"
"618 T St NW, Washington, DC 20001","2026/06/02",3317,"2 Beds","Apartment"
"2121 1st St SW, Washington, DC 20024","2026/06/02",1442,"Studio","Apartment"
"2121 1st St SW, Washington, DC 20024","2026/06/02",1869,"1 Bed","Apartment"
"2121 1st St SW, Washington, DC 20024","2026/06/02",3102,"2 Beds","Apartment"
"1315 Clifton St NW, Washington, DC 20009","2026/06/02",2034,"Studio","Apartment"
"1315 Clifton St NW, Washington, DC 20009","2026/06/02",2261,"1 Bed","Apartment"
"1315 Clifton St NW, Washington, DC 20009","2026/06/02",2944,"2 Beds","Apartment"
"6800 Georgia Ave NW, Washington, DC 20012","2026/06/02",2122,"1 Bed","Apartment"
"6800 Georgia Ave NW, Washington, DC 20012","2026/06/02",3123,"2 Beds","Apartment"
"600 4th St SW, Washington, DC 20024","2026/06/02",1791,"Studio","Apartment"
"600 4th St SW, Washington, DC 20024","2026/06/02",1890,"1 Bed","Apartment"
"600 4th St SW, Washington, DC 20024","2026/06/02",2958,"2 Beds","Apartment"
"4800 Addison Rd, Capitol Heights, MD 20743","2026/06/02",1795,"1 Bed","Apartment"
"4800 Addison Rd, Capitol Heights, MD 20743","2026/06/02",2151,"2 Beds","Apartment"
"4800 Addison Rd, Capitol Heights, MD 20743","2026/06/02",2573,"3 Beds","Apartment"
"2051 S Bell St, Arlington, VA 22202","2026/06/02",1855,"Studio","Apartment"
"2051 S Bell St, Arlington, VA 22202","2026/06/02",2120,"1 Bed","Apartment"
"2051 S Bell St, Arlington, VA 22202","2026/06/02",3630,"2 Beds","Apartment"
"2055 15th St N, Arlington, VA 22201","2026/06/02",2355,"Studio","Apartment"
"2055 15th St N, Arlington, VA 22201","2026/06/02",2693,"1 Bed","Apartment"
"2055 15th St N, Arlington, VA 22201","2026/06/02",3923,"2 Beds","Apartment"
"1919 N Nash St, Arlington, VA 22209","2026/06/02",1935,"Studio","Apartment"
"1919 N Nash St, Arlington, VA 22209","2026/06/02",2425,"1 Bed","Apartment"
"1919 N Nash St, Arlington, VA 22209","2026/06/02",3595,"2 Beds+","Apartment"
"2025 Clarendon Blvd, Arlington, VA 22201","2026/06/02",2711,"Studio","Apartment"
"2025 Clarendon Blvd, Arlington, VA 22201","2026/06/02",3037,"1 Bed","Apartment"
"2025 Clarendon Blvd, Arlington, VA 22201","2026/06/02",5797,"2 Beds+","Apartment"
"5685 Little Branch Run, Hyattsville, MD 20782","2026/06/02",1916,"Studio","Apartment"
"5685 Little Branch Run, Hyattsville, MD 20782","2026/06/02",1792,"1 Bed","Apartment"
"5685 Little Branch Run, Hyattsville, MD 20782","2026/06/02",2425,"2 Beds+","Apartment"
"1601 Clarendon Blvd, Arlington, VA 22209","2026/06/02",2173,"Studio","Apartment"
"1601 Clarendon Blvd, Arlington, VA 22209","2026/06/02",1652,"1 Bed","Apartment"
"1601 Clarendon Blvd, Arlington, VA 22209","2026/06/02",3495,"2 Beds+","Apartment"
"1201-1301 S Joyce Street Suite C, Arlington, VA 22202","2026/06/02",1955,"Studio","Apartment"
"1201-1301 S Joyce Street Suite C, Arlington, VA 22202","2026/06/02",2240,"1 Bed","Apartment"
"1201-1301 S Joyce Street Suite C, Arlington, VA 22202","2026/06/02",2825,"2 Beds","Apartment"
"901 S 15th St, Arlington, VA 22202","2026/06/02",2365,"Studio","Apartment"
"901 S 15th St, Arlington, VA 22202","2026/06/02",2453,"1 Bed","Apartment"
"901 S 15th St, Arlington, VA 22202","2026/06/02",3376,"2 Beds+","Apartment"
"8621 Georgia Ave, Silver Spring, MD 20910","2026/06/02",1592,"Studio","Apartment"
"8621 Georgia Ave, Silver Spring, MD 20910","2026/06/02",1882,"1 Bed","Apartment"
"8621 Georgia Ave, Silver Spring, MD 20910","2026/06/02",2377,"2 Beds","Apartment"
"505 18th St S, Arlington, VA 22202","2026/06/02",2434,"Studio","Apartment"
"505 18th St S, Arlington, VA 22202","2026/06/02",2521,"1 Bed","Apartment"
"505 18th St S, Arlington, VA 22202","2026/06/02",3229,"2 Beds","Apartment"
"710 12th St S, Arlington, VA 22202","2026/06/02",2231,"Studio","Apartment"
"710 12th St S, Arlington, VA 22202","2026/06/02",2721,"1 Bed","Apartment"
"710 12th St S, Arlington, VA 22202","2026/06/02",4616,"2 Beds+","Apartment"
"3601 Gallatin St, Hyattsville, MD 20782","2026/06/02",1431,"1 Bed","Apartment"
"3601 Gallatin St, Hyattsville, MD 20782","2026/06/02",1854,"2 Beds","Apartment"
"731 Seaton Ave, Alexandria, VA 22305","2026/06/02",2347,"Studio","Apartment"
"731 Seaton Ave, Alexandria, VA 22305","2026/06/02",2351,"1 Bed","Apartment"
"731 Seaton Ave, Alexandria, VA 22305","2026/06/02",3001,"2 Beds","Apartment"
"1510 Clarendon Blvd, Arlington, VA 22209","2026/06/02",2348,"Studio","Apartment"
"1510 Clarendon Blvd, Arlington, VA 22209","2026/06/02",2405,"1 Bed","Apartment"
"1510 Clarendon Blvd, Arlington, VA 22209","2026/06/02",3740,"2 Beds","Apartment"
"1804 N Quinn St, Arlington, VA 22209","2026/06/02",2691,"1 Bed","Apartment"
"1804 N Quinn St, Arlington, VA 22209","2026/06/02",3119,"2 Beds","Apartment"
"8021 Georgia Ave, Silver Spring, MD 20910","2026/06/02",1855,"Studio","Apartment"
"8021 Georgia Ave, Silver Spring, MD 20910","2026/06/02",1640,"1 Bed","Apartment"
"8021 Georgia Ave, Silver Spring, MD 20910","2026/06/02",2397,"2 Beds","Apartment"
"4300 Langston Blvd, Arlington, VA 22207","2026/06/02",2053,"1 Bed","Apartment"
"4300 Langston Blvd, Arlington, VA 22207","2026/06/02",2801,"2 Beds","Apartment"
"4300 Langston Blvd, Arlington, VA 22207","2026/06/02",3637,"3 Beds","Apartment"
"400 Army Navy Dr, Arlington, VA 22202","2026/06/02",2221,"Studio","Apartment"
"400 Army Navy Dr, Arlington, VA 22202","2026/06/02",2323,"1 Bed","Apartment"
"400 Army Navy Dr, Arlington, VA 22202","2026/06/02",3257,"2 Beds+","Apartment"
"1515 Richmond Hwy, Arlington, VA 22202","2026/06/02",2236,"Studio","Apartment"
"1515 Richmond Hwy, Arlington, VA 22202","2026/06/02",2485,"1 Bed","Apartment"
"1515 Richmond Hwy, Arlington, VA 22202","2026/06/02",3692,"2 Beds","Apartment"
"2000 N Adams St, Arlington, VA 22201","2026/06/02",1876,"Studio","Apartment"
"2000 N Adams St, Arlington, VA 22201","2026/06/02",1775,"1 Bed","Apartment"
"2000 N Adams St, Arlington, VA 22201","2026/06/02",2438,"2 Beds","Apartment"
NA,NA,NA,NA,NA
"1215 E West Hwy, Silver Spring, MD 20910","2026/06/02",1814,"Studio","Apartment"
"1215 E West Hwy, Silver Spring, MD 20910","2026/06/02",1912,"1 Bed","Apartment"
"1215 E West Hwy, Silver Spring, MD 20910","2026/06/02",2322,"2 Beds","Apartment"
"1947 N Uhle St, Arlington, VA 22201","2026/06/02",2565,"Studio","Apartment"
"1947 N Uhle St, Arlington, VA 22201","2026/06/02",2595,"1 Bed","Apartment"
"1947 N Uhle St, Arlington, VA 22201","2026/06/02",3564,"2 Beds","Apartment"
"1353 N Rolfe St, Arlington, VA 22209","2026/06/02",2419,"Studio","Apartment"
"1353 N Rolfe St, Arlington, VA 22209","2026/06/02",2193,"1 Bed","Apartment"
"1353 N Rolfe St, Arlington, VA 22209","2026/06/02",3421,"2 Beds","Apartment"
"1771 N Pierce St, Arlington, VA 22209","2026/06/02",2343,"Studio","Apartment"
"1771 N Pierce St, Arlington, VA 22209","2026/06/02",2508,"1 Bed","Apartment"
"1771 N Pierce St, Arlington, VA 22209","2026/06/02",3944,"2 Beds+","Apartment"
"400 Wythe St, Alexandria, VA 22314","2026/06/02",2407,"Studio","Apartment"
"400 Wythe St, Alexandria, VA 22314","2026/06/02",3116,"1 Bed","Apartment"
"400 Wythe St, Alexandria, VA 22314","2026/06/02",4345,"2 Beds","Apartment"
"480 11th St S, Arlington, VA 22202","2026/06/02",2098,"Studio","Apartment"
"480 11th St S, Arlington, VA 22202","2026/06/02",2304,"1 Bed","Apartment"
"480 11th St S, Arlington, VA 22202","2026/06/02",3083,"2 Beds","Apartment"
"8560 2nd Ave, Silver Spring, MD 20910","2026/06/02",1535,"Studio","Apartment"
"8560 2nd Ave, Silver Spring, MD 20910","2026/06/02",1705,"1 Bed","Apartment"
"8560 2nd Ave, Silver Spring, MD 20910","2026/06/02",2210,"2 Beds","Apartment"
"1155 Ripley St, Silver Spring, MD 20910","2026/06/02",1605,"Studio","Apartment"
"1155 Ripley St, Silver Spring, MD 20910","2026/06/02",1711,"1 Bed","Apartment"
"1155 Ripley St, Silver Spring, MD 20910","2026/06/02",2472,"2 Beds","Apartment"
"3103-3107 Good Hope Ave, Temple Hills, MD 20748","2026/06/02",1492,"Studio","Apartment"
"3103-3107 Good Hope Ave, Temple Hills, MD 20748","2026/06/02",1584,"1 Bed","Apartment"
"3103-3107 Good Hope Ave, Temple Hills, MD 20748","2026/06/02",2121,"2 Beds+","Apartment"
"7000 Wisconsin Ave, Bethesda, MD 20815","2026/06/02",2225,"Studio","Apartment"
"7000 Wisconsin Ave, Bethesda, MD 20815","2026/06/02",2595,"1 Bed","Apartment"
"7000 Wisconsin Ave, Bethesda, MD 20815","2026/06/02",3940,"2 Beds","Apartment"
"4710 Bethesda Ave, Bethesda, MD 20814","2026/06/02",1875,"Studio","Apartment"
"4710 Bethesda Ave, Bethesda, MD 20814","2026/06/02",2525,"1 Bed","Apartment"
"8600 16th St, Silver Spring, MD 20910","2026/06/02",1760,"Studio","Apartment"
"8600 16th St, Silver Spring, MD 20910","2026/06/02",1649,"1 Bed","Apartment"
"8600 16th St, Silver Spring, MD 20910","2026/06/02",2350,"2 Beds","Apartment"
"1002 Kennebec St, Oxon Hill, MD 20745","2026/06/02",1200,"Studio","Apartment"
"1002 Kennebec St, Oxon Hill, MD 20745","2026/06/02",1250,"1 Bed","Apartment"
"1002 Kennebec St, Oxon Hill, MD 20745","2026/06/02",1408,"2 Beds+","Apartment"
"1200 N Veitch St, Arlington, VA 22201","2026/06/02",2245,"Studio","Apartment"
"1200 N Veitch St, Arlington, VA 22201","2026/06/02",2565,"1 Bed","Apartment"
"1200 N Veitch St, Arlington, VA 22201","2026/06/02",4235,"2 Beds+","Apartment"
"3807 Rhode Island Ave, Brentwood, MD 20722","2026/06/02",1895,"1 Bed","Apartment"
"3807 Rhode Island Ave, Brentwood, MD 20722","2026/06/02",2295,"2 Beds","Apartment"
"3807 Rhode Island Ave, Brentwood, MD 20722","2026/06/02",3095,"3 Beds","Apartment"
"8484 16th St, Silver Spring, MD 20910","2026/06/02",1435,"Studio","Apartment"
"8484 16th St, Silver Spring, MD 20910","2026/06/02",1525,"1 Bed","Apartment"
"8484 16th St, Silver Spring, MD 20910","2026/06/02",1682,"2 Beds+","Apartment"
"1203 Fidler Ln, Silver Spring, MD 20910","2026/06/02",1475,"Studio","Apartment"
"1203 Fidler Ln, Silver Spring, MD 20910","2026/06/02",2180,"1 Bed","Apartment"
"1203 Fidler Ln, Silver Spring, MD 20910","2026/06/02",2300,"2 Beds","Apartment"
"1200 E -West Hwy, Silver Spring, MD 20910","2026/06/02",1837,"1 Bed","Apartment"
"1200 E -West Hwy, Silver Spring, MD 20910","2026/06/02",2280,"2 Beds","Apartment"
"4400 East-West Hwy, Bethesda, MD 20814","2026/06/02",1819,"Studio","Apartment"
"4400 East-West Hwy, Bethesda, MD 20814","2026/06/02",2047,"1 Bed","Apartment"
"4400 East-West Hwy, Bethesda, MD 20814","2026/06/02",2703,"2 Beds+","Apartment"
"5603 Cypress Creek Dr, Hyattsville, MD 20782","2026/06/02",1423,"1 Bed","Apartment"
"5603 Cypress Creek Dr, Hyattsville, MD 20782","2026/06/02",1730,"2 Beds","Apartment"
"5603 Cypress Creek Dr, Hyattsville, MD 20782","2026/06/02",2233,"3 Beds","Apartment"
"4523 Sangamore Rd, Bethesda, MD 20816","2026/06/02",1981,"1 Bed","Apartment"
"4523 Sangamore Rd, Bethesda, MD 20816","2026/06/02",2199,"2 Beds","Apartment"
"8000 Eastern Dr, Silver Spring, MD 20910","2026/06/02",1845,"1 Bed","Apartment"
"8000 Eastern Dr, Silver Spring, MD 20910","2026/06/02",2365,"2 Beds","Apartment"
"2009 14th St N, Arlington, VA 22201","2026/06/02",2055,"Studio","Apartment"
"2009 14th St N, Arlington, VA 22201","2026/06/02",2615,"1 Bed","Apartment"
"2009 14th St N, Arlington, VA 22201","2026/06/02",3783,"2 Beds","Apartment"
"2701 Calvert St NW, Washington, DC 20008","2026/06/02",2270,"Studio","Apartment"
"2701 Calvert St NW, Washington, DC 20008","2026/06/02",2700,"1 Bed","Apartment"
"2701 Calvert St NW, Washington, DC 20008","2026/06/02",4121,"2 Beds","Apartment"
"22 M St NE, Washington, DC 20002","2026/06/02",1817,"Studio","Apartment"
"22 M St NE, Washington, DC 20002","2026/06/02",2299,"1 Bed","Apartment"
"22 M St NE, Washington, DC 20002","2026/06/02",3145,"2 Beds","Apartment"
"1011 1st St SE, Washington, DC 20003","2026/06/02",1763,"Studio","Apartment"
"1011 1st St SE, Washington, DC 20003","2026/06/02",1970,"1 Bed","Apartment"
"1011 1st St SE, Washington, DC 20003","2026/06/02",3100,"2 Beds","Apartment"
NA,NA,NA,NA,NA
"300 Morse St NE, Washington, DC 20002","2026/06/02",1943,"Studio","Apartment"
"300 Morse St NE, Washington, DC 20002","2026/06/02",2228,"1 Bed","Apartment"
"300 Morse St NE, Washington, DC 20002","2026/06/02",4081,"2 Beds","Apartment"
"1150 1st St NE, Washington, DC 20002","2026/06/02",1847,"Studio","Apartment"
"1150 1st St NE, Washington, DC 20002","2026/06/02",2156,"1 Bed","Apartment"
"1150 1st St NE, Washington, DC 20002","2026/06/02",3071,"2 Beds","Apartment"
"1953 19th Pl SE, Washington, DC 20020","2026/06/02",5301,"3 Beds","Apartment"
"1953 19th Pl SE, Washington, DC 20020","2026/06/02",7365,"6 Beds","Apartment"
"716 L St SE, Washington, DC 20003","2026/06/02",2125,"6 Beds",NA
"2210 Wisconsin Ave NW, Washington, DC 20007","2026/06/02",2695,"1 Bed","Apartment"
"2210 Wisconsin Ave NW, Washington, DC 20007","2026/06/02",3645,"2 Beds","Apartment"
"3200 16th St NW, Washington, DC 20010","2026/06/02",1621,"Studio","Apartment"
"3200 16th St NW, Washington, DC 20010","2026/06/02",2524,"1 Bed","Apartment"
"3200 16th St NW, Washington, DC 20010","2026/06/02",2399,"2 Beds","Apartment"
"3621 Newark St NW, Washington, DC 20016","2026/06/02",1990,"Studio","Apartment"
"3621 Newark St NW, Washington, DC 20016","2026/06/02",1599,"1 Bed","Apartment"
"850 Quincy St NW, Washington, DC 20011","2026/06/02",2190,"1 Bed","Apartment"
"850 Quincy St NW, Washington, DC 20011","2026/06/02",3820,"2 Beds","Apartment"
"3040 Idaho Ave NW, Washington, DC 20016","2026/06/02",1569,"2 Beds",NA
"3801 Connecticut Ave NW, Washington, DC 20008","2026/06/02",1649,"Studio","Apartment"
"3801 Connecticut Ave NW, Washington, DC 20008","2026/06/02",1999,"1 Bed","Apartment"
"750 Kenilworth Ter NE, Washington, DC 20019","2026/06/02",1575,"Studio","Apartment"
"750 Kenilworth Ter NE, Washington, DC 20019","2026/06/02",1750,"1 Bed","Apartment"
"750 Kenilworth Ter NE, Washington, DC 20019","2026/06/02",2450,"2 Beds","Apartment"
"510 21st St NW, Washington, DC 20006","2026/06/02",1763,"Studio","Apartment"
"510 21st St NW, Washington, DC 20006","2026/06/02",2275,"1 Bed","Apartment"
"2009 8th St NW, Washington, DC 20001","2026/06/02",2015,"Studio","Apartment"
"2009 8th St NW, Washington, DC 20001","2026/06/02",1937,"1 Bed","Apartment"
"2009 8th St NW, Washington, DC 20001","2026/06/02",3862,"2 Beds","Apartment"
"2101 Wisconsin Ave NW, Washington, DC 20007","2026/06/02",2903,"Studio","Apartment"
"2101 Wisconsin Ave NW, Washington, DC 20007","2026/06/02",3191,"1 Bed","Apartment"
"2101 Wisconsin Ave NW, Washington, DC 20007","2026/06/02",4923,"2 Beds+","Apartment"
"41 L St SE, Washington, DC 20003","2026/06/02",1732,"Studio","Apartment"
"41 L St SE, Washington, DC 20003","2026/06/02",2101,"1 Bed","Apartment"
"41 L St SE, Washington, DC 20003","2026/06/02",3035,"2 Beds","Apartment"
"1966 9 1/2 St NW, Washington, DC 20001","2026/06/02",2149,"2 Beds",NA
"2505 13th St NW, Washington, DC 20009","2026/06/02",1561,"Studio","Apartment"
"2505 13th St NW, Washington, DC 20009","2026/06/02",2274,"1 Bed","Apartment"
"2505 13th St NW, Washington, DC 20009","2026/06/02",2725,"2 Beds","Apartment"
"1600 16th St NW, Washington, DC 20009","2026/06/02",1799,"Studio","Apartment"
"1600 16th St NW, Washington, DC 20009","2026/06/02",2120,"1 Bed","Apartment"
"2005 11th St NW, Washington, DC 20001","2026/06/02",2200,"1 Bed","Apartment"
"2005 11th St NW, Washington, DC 20001","2026/06/02",3200,"2 Beds","Apartment"
"5415 Connecticut Ave NW, Washington, DC 20015","2026/06/02",1378,"Studio","Apartment"
"5415 Connecticut Ave NW, Washington, DC 20015","2026/06/02",1490,"1 Bed","Apartment"
"5415 Connecticut Ave NW, Washington, DC 20015","2026/06/02",2662,"2 Beds","Apartment"
"325 P St SW, Washington, DC 20024","2026/06/02",1350,"Studio","Apartment"
"325 P St SW, Washington, DC 20024","2026/06/02",1550,"1 Bed","Apartment"
"325 P St SW, Washington, DC 20024","2026/06/02",2200,"2 Beds","Apartment"
"7051 Spring Pl, Washington, DC 20012","2026/06/02",1375,"Studio","Apartment"
"7051 Spring Pl, Washington, DC 20012","2026/06/02",1490,"1 Bed","Apartment"
"7051 Spring Pl, Washington, DC 20012","2026/06/02",2025,"2 Beds","Apartment"
"2324 41st St NW, Washington, DC 20007","2026/06/02",1422,"Studio","Apartment"
"2324 41st St NW, Washington, DC 20007","2026/06/02",1693,"1 Bed","Apartment"
"2324 41st St NW, Washington, DC 20007","2026/06/02",2234,"2 Beds","Apartment"
"1820 N Quinn St, Arlington, VA 22209","2026/06/02",2475,"1 Bed","Apartment"
"1820 N Quinn St, Arlington, VA 22209","2026/06/02",3038,"2 Beds","Apartment"
"1420 W Abingdon Dr, Alexandria, VA 22314","2026/06/02",1580,"Studio","Apartment"
"1420 W Abingdon Dr, Alexandria, VA 22314","2026/06/02",1795,"1 Bed","Apartment"
"1420 W Abingdon Dr, Alexandria, VA 22314","2026/06/02",2195,"2 Beds","Apartment"
"1260 Braddock Pl, Alexandria, VA 22314","2026/06/02",1973,"Studio","Apartment"
"1260 Braddock Pl, Alexandria, VA 22314","2026/06/02",2444,"1 Bed","Apartment"
"620 N Fayette St, Alexandria, VA 22314","2026/06/02",2173,"Studio","Apartment"
"620 N Fayette St, Alexandria, VA 22314","2026/06/02",2513,"1 Bed","Apartment"
"620 N Fayette St, Alexandria, VA 22314","2026/06/02",3239,"2 Beds","Apartment"
"269 19th Ct S, Arlington, VA 22202","2026/06/02",2235,"Studio","Apartment"
"269 19th Ct S, Arlington, VA 22202","2026/06/02",2505,"1 Bed","Apartment"
"269 19th Ct S, Arlington, VA 22202","2026/06/02",4630,"2 Beds","Apartment"
"305 10th St S, Arlington, VA 22202","2026/06/02",2170,"Studio","Apartment"
"305 10th St S, Arlington, VA 22202","2026/06/02",2400,"1 Bed","Apartment"
"305 10th St S, Arlington, VA 22202","2026/06/02",3033,"2 Beds","Apartment"
"1500 Arlington Blvd, Arlington, VA 22209","2026/06/02",1770,"Studio","Apartment"
"1500 Arlington Blvd, Arlington, VA 22209","2026/06/02",2075,"1 Bed","Apartment"
"2100 N Pierce St, Arlington, VA 22209","2026/06/02",2040,"1 Bed","Apartment"
"2100 N Pierce St, Arlington, VA 22209","2026/06/02",2592,"2 Beds","Apartment"
"401 S 12th St, Arlington, VA 22202","2026/06/02",2155,"Studio","Apartment"
"401 S 12th St, Arlington, VA 22202","2026/06/02",1990,"1 Bed","Apartment"
"401 S 12th St, Arlington, VA 22202","2026/06/02",2540,"2 Beds","Apartment"
"650 Potomac Ave, Alexandria, VA 22301","2026/06/02",2139,"1 Bed","Apartment"
"650 Potomac Ave, Alexandria, VA 22301","2026/06/02",3069,"2 Beds","Apartment"
NA,NA,NA,NA,NA
"2445 Lyttonsville Rd, Silver Spring, MD 20910","2026/06/02",1438,"Studio","Apartment"
"2445 Lyttonsville Rd, Silver Spring, MD 20910","2026/06/02",1831,"1 Bed","Apartment"
"2445 Lyttonsville Rd, Silver Spring, MD 20910","2026/06/02",2378,"2 Beds","Apartment"
"8711 Georgia Ave, Silver Spring, MD 20910","2026/06/02",1615,"Studio","Apartment"
"8711 Georgia Ave, Silver Spring, MD 20910","2026/06/02",1745,"1 Bed","Apartment"
"8711 Georgia Ave, Silver Spring, MD 20910","2026/06/02",2825,"2 Beds","Apartment"
"4403 23rd Pky, Temple Hills, MD 20748","2026/06/02",1325,"1 Bed","Apartment"
"4403 23rd Pky, Temple Hills, MD 20748","2026/06/02",1499,"2 Beds","Apartment"
"4403 23rd Pky, Temple Hills, MD 20748","2026/06/02",1875,"3 Beds","Apartment"
"3930 Suitland Rd, Suitland, MD 20746","2026/06/02",1240,"1 Bed","Apartment"
"3930 Suitland Rd, Suitland, MD 20746","2026/06/02",1450,"2 Beds","Apartment"
"3416 Curtis Dr, Suitland, MD 20746","2026/06/02",1215,"1 Bed","Apartment"
"3416 Curtis Dr, Suitland, MD 20746","2026/06/02",1496,"2 Beds","Apartment"
"3416 Curtis Dr, Suitland, MD 20746","2026/06/02",1917,"3 Beds","Apartment"
"1901-1939 Brooks Dr, Capitol Heights, MD 20743","2026/06/02",1230,"1 Bed","Apartment"
"1901-1939 Brooks Dr, Capitol Heights, MD 20743","2026/06/02",1350,"2 Beds","Apartment"
"790 Fairview Ave, Takoma Park, MD 20912","2026/06/02",1399,"1 Bed","Apartment"
"790 Fairview Ave, Takoma Park, MD 20912","2026/06/02",1599,"2 Beds","Apartment"
"2100 Brooks Dr, Forestville, MD 20747","2026/06/02",1009,"Studio","Apartment"
"2100 Brooks Dr, Forestville, MD 20747","2026/06/02",1139,"1 Bed","Apartment"
"2100 Brooks Dr, Forestville, MD 20747","2026/06/02",1459,"2 Beds","Apartment"
"1201 Benning Rd, Capitol Heights, MD 20743","2026/06/02",1108,"1 Bed","Apartment"
"1201 Benning Rd, Capitol Heights, MD 20743","2026/06/02",1098,"2 Beds","Apartment"
"1201 Benning Rd, Capitol Heights, MD 20743","2026/06/02",1580,"3 Beds","Apartment"
"909 New Jersey Ave SE, Washington, DC 20003","2026/06/02",1865,"Studio","Apartment"
"909 New Jersey Ave SE, Washington, DC 20003","2026/06/02",2225,"1 Bed","Apartment"
"909 New Jersey Ave SE, Washington, DC 20003","2026/06/02",3394,"2 Beds","Apartment"
"750 3rd St NW, Washington, DC 20001","2026/06/02",5551,"2 Beds","Apartment"
"750 3rd St NW, Washington, DC 20001","2026/06/02",7608,"3 Beds","Apartment"
"1325 5th St NE, Washington, DC 20002","2026/06/02",2118,"Studio","Apartment"
"1325 5th St NE, Washington, DC 20002","2026/06/02",2257,"1 Bed","Apartment"
"1325 5th St NE, Washington, DC 20002","2026/06/02",3759,"2 Beds","Apartment"
"1401 S St NW, Washington, DC 20009","2026/06/02",2244,"Studio","Apartment"
"1401 S St NW, Washington, DC 20009","2026/06/02",2824,"1 Bed","Apartment"
"1401 S St NW, Washington, DC 20009","2026/06/02",4664,"2 Beds","Apartment"
"235-255 Carroll St NW, Washington, DC 20012","2026/06/02",1653,"Studio","Apartment"
"235-255 Carroll St NW, Washington, DC 20012","2026/06/02",1896,"1 Bed","Apartment"
"235-255 Carroll St NW, Washington, DC 20012","2026/06/02",3029,"2 Beds","Apartment"
"2601 14th St NW, Washington, DC 20009","2026/06/02",2473,"Studio","Apartment"
"2601 14th St NW, Washington, DC 20009","2026/06/02",2465,"1 Bed","Apartment"
"2601 14th St NW, Washington, DC 20009","2026/06/02",4535,"2 Beds","Apartment"
"1301 U St NW, Washington, DC 20009","2026/06/02",2372,"1 Bed","Apartment"
"1301 U St NW, Washington, DC 20009","2026/06/02",3973,"2 Beds","Apartment"
"1750-1754 P St NW, Washington, DC 20036","2026/06/02",3142,"1 Bed","Apartment"
"1750-1754 P St NW, Washington, DC 20036","2026/06/02",4576,"2 Beds","Apartment"
"101 V St SW, Washington, DC 20024","2026/06/02",1809,"Studio","Apartment"
"101 V St SW, Washington, DC 20024","2026/06/02",2119,"1 Bed","Apartment"
"101 V St SW, Washington, DC 20024","2026/06/02",4177,"2 Beds","Apartment"
"5333 Connecticut Ave NW, Washington, DC 20015","2026/06/02",2211,"Studio","Apartment"
"5333 Connecticut Ave NW, Washington, DC 20015","2026/06/02",2321,"1 Bed","Apartment"
"44 M St NE, Washington, DC 20002","2026/06/02",2072,"Studio","Apartment"
"44 M St NE, Washington, DC 20002","2026/06/02",2344,"1 Bed","Apartment"
"44 M St NE, Washington, DC 20002","2026/06/02",4259,"2 Beds+","Apartment"
"3435 Holmead Pl NW, Washington, DC 20010","2026/06/02",1370,"Studio","Apartment"
"3435 Holmead Pl NW, Washington, DC 20010","2026/06/02",1580,"1 Bed","Apartment"
"3435 Holmead Pl NW, Washington, DC 20010","2026/06/02",1790,"2 Beds","Apartment"
"1326 Florida Ave NE, Washington, DC 20002","2026/06/02",1585,"1 Bed","Apartment"
"1326 Florida Ave NE, Washington, DC 20002","2026/06/02",2150,"2 Beds","Apartment"
"2112 8th St NW, Washington, DC 20001","2026/06/02",1910,"1 Bed","Apartment"
"2112 8th St NW, Washington, DC 20001","2026/06/02",4102,"2 Beds","Apartment"
"2000 2nd St SW, Washington, DC 20024","2026/06/02",2105,"Studio","Apartment"
"2000 2nd St SW, Washington, DC 20024","2026/06/02",2207,"1 Bed","Apartment"
"2000 2nd St SW, Washington, DC 20024","2026/06/02",3952,"2 Beds","Apartment"
"33 N St NE, Washington, DC 20002","2026/06/02",1888,"Studio","Apartment"
"33 N St NE, Washington, DC 20002","2026/06/02",2149,"1 Bed","Apartment"
"33 N St NE, Washington, DC 20002","2026/06/02",3235,"2 Beds","Apartment"
"2 I St SE, Washington, DC 20003","2026/06/02",1970,"Studio","Apartment"
"2 I St SE, Washington, DC 20003","2026/06/02",2175,"1 Bed","Apartment"
"2 I St SE, Washington, DC 20003","2026/06/02",2652,"2 Beds+","Apartment"
"100 Florida Ave NE, Washington, DC 20002","2026/06/02",1878,"Studio","Apartment"
"100 Florida Ave NE, Washington, DC 20002","2026/06/02",1978,"1 Bed","Apartment"
"100 Florida Ave NE, Washington, DC 20002","2026/06/02",3543,"2 Beds","Apartment"
"201 I St NE, Washington, DC 20002","2026/06/02",2050,"Studio","Apartment"
"201 I St NE, Washington, DC 20002","2026/06/02",2219,"1 Bed","Apartment"
"201 I St NE, Washington, DC 20002","2026/06/02",2805,"2 Beds","Apartment"
"1441 U St NW, Washington, DC 20009","2026/06/02",2157,"Studio","Apartment"
"1441 U St NW, Washington, DC 20009","2026/06/02",2515,"1 Bed","Apartment"
"1441 U St NW, Washington, DC 20009","2026/06/02",3823,"2 Beds","Apartment"
"1400 W St NW, Washington, DC 20009","2026/06/02",1963,"Studio","Apartment"
"1400 W St NW, Washington, DC 20009","2026/06/02",2290,"1 Bed","Apartment"
"1400 W St NW, Washington, DC 20009","2026/06/02",2944,"2 Beds","Apartment"
"1221 Van St SE, Washington, DC 20003","2026/06/02",2002,"1 Bed","Apartment"
"1221 Van St SE, Washington, DC 20003","2026/06/02",2815,"2 Beds","Apartment"
"318 I St NE, Washington, DC 20002","2026/06/02",1897,"Studio","Apartment"
"318 I St NE, Washington, DC 20002","2026/06/02",2127,"1 Bed","Apartment"
"318 I St NE, Washington, DC 20002","2026/06/02",2772,"2 Beds","Apartment"
"2601 16th St NW, Washington, DC 20009","2026/06/02",2087,"Studio","Apartment"
"2601 16th St NW, Washington, DC 20009","2026/06/02",2260,"1 Bed","Apartment"
"2601 16th St NW, Washington, DC 20009","2026/06/02",4075,"2 Beds","Apartment"
"3401 38th St NW, Washington, DC 20016","2026/06/02",1819,"Studio","Apartment"
"3401 38th St NW, Washington, DC 20016","2026/06/02",1846,"1 Bed","Apartment"
"3401 38th St NW, Washington, DC 20016","2026/06/02",3680,"2 Beds","Apartment"
"200 Florida Ave NE, Washington, DC 20002","2026/06/02",2099,"1 Bed","Apartment"
"200 Florida Ave NE, Washington, DC 20002","2026/06/02",3034,"2 Beds","Apartment"
"200 Florida Ave NE, Washington, DC 20002","2026/06/02",4928,"3 Beds","Apartment"
"2221 I St NW, Washington, DC 20037","2026/06/02",3225,"Studio","Apartment"
"2221 I St NW, Washington, DC 20037","2026/06/02",3513,"1 Bed","Apartment"
"2221 I St NW, Washington, DC 20037","2026/06/02",5298,"2 Beds","Apartment"
"806 Channing Place NE, Washington, DC 20018","2026/06/02",1769,"Studio","Apartment"
"806 Channing Place NE, Washington, DC 20018","2026/06/02",1824,"1 Bed","Apartment"
"806 Channing Place NE, Washington, DC 20018","2026/06/02",2392,"2 Beds","Apartment"
"770 5th St NW, Washington, DC 20001","2026/06/02",2415,"Studio","Apartment"
"770 5th St NW, Washington, DC 20001","2026/06/02",2389,"1 Bed","Apartment"
"770 5th St NW, Washington, DC 20001","2026/06/02",3645,"2 Beds+","Apartment"
"565 Pennsylvania Ave NW, Washington, DC 20001","2026/06/02",2525,"Studio","Apartment"
"565 Pennsylvania Ave NW, Washington, DC 20001","2026/06/02",2854,"1 Bed","Apartment"
"565 Pennsylvania Ave NW, Washington, DC 20001","2026/06/02",4966,"2 Beds","Apartment"
"5210 3rd St NE, Washington, DC 20011","2026/06/02",1490,"Studio","Apartment"
"5210 3rd St NE, Washington, DC 20011","2026/06/02",1516,"1 Bed","Apartment"
"5210 3rd St NE, Washington, DC 20011","2026/06/02",2257,"2 Beds","Apartment"
"1325 15th St NW, Washington, DC 20005","2026/06/02",2142,"Studio","Apartment"
"1325 15th St NW, Washington, DC 20005","2026/06/02",2416,"1 Bed","Apartment"
"2099 1st St SW, Washington, DC 20024","2026/06/02",1712,"Studio","Apartment"
"2099 1st St SW, Washington, DC 20024","2026/06/02",2122,"1 Bed","Apartment"
"2099 1st St SW, Washington, DC 20024","2026/06/02",3417,"2 Beds+","Apartment"
"1 Hawaii Ave NE, Washington, DC 20011","2026/06/02",1300,"Studio","Apartment"
"1 Hawaii Ave NE, Washington, DC 20011","2026/06/02",1400,"1 Bed","Apartment"
"1 Hawaii Ave NE, Washington, DC 20011","2026/06/02",1600,"2 Beds+","Apartment"
"320 Florida Ave NE, Washington, DC 20002","2026/06/02",1344,"2 Beds","Apartment"
"320 Florida Ave NE, Washington, DC 20002","2026/06/02",1549,"3 Beds","Apartment"
"320 Florida Ave NE, Washington, DC 20002","2026/06/02",1292,"4 Beds","Apartment"
"1310 U St NW, Washington, DC 20009","2026/06/02",2976,"1 Bed","Apartment"
"1310 U St NW, Washington, DC 20009","2026/06/02",4060,"2 Beds","Apartment"
"1625-1633 Morris Rd SE, Washington, DC 20020","2026/06/02",6500,"2 Beds",NA
"313 Anacostia Rd SE, Washington, DC 20019","2026/06/02",1999,"2 Beds",NA
"1818 7th St NW, Washington, DC 20001","2026/06/02",2556,"Studio","Apartment"
"1818 7th St NW, Washington, DC 20001","2026/06/02",2716,"1 Bed","Apartment"
"1818 7th St NW, Washington, DC 20001","2026/06/02",4254,"2 Beds","Apartment"
"40 N St NE, Washington, DC 20002","2026/06/02",2312,"1 Bed","Apartment"
"40 N St NE, Washington, DC 20002","2026/06/02",3288,"2 Beds","Apartment"
"930 Kennedy St NW, Washington, DC 20011","2026/06/02",2250,"2 Beds",NA
"4455 Connecticut Ave NW, Washington, DC 20008","2026/06/02",2077,"Studio","Apartment"
"4455 Connecticut Ave NW, Washington, DC 20008","2026/06/02",2514,"1 Bed","Apartment"
"4455 Connecticut Ave NW, Washington, DC 20008","2026/06/02",3326,"2 Beds","Apartment"
"4411 Connecticut Ave NW, Washington, DC 20008","2026/06/02",2362,"1 Bed","Apartment"
"4411 Connecticut Ave NW, Washington, DC 20008","2026/06/02",3810,"2 Beds","Apartment"
"3210 Wisconsin Ave NW, Washington, DC 20016","2026/06/02",1795,"Studio","Apartment"
"3210 Wisconsin Ave NW, Washington, DC 20016","2026/06/02",2195,"1 Bed","Apartment"
"3210 Wisconsin Ave NW, Washington, DC 20016","2026/06/02",3100,"2 Beds","Apartment"
"1445 Ogden St NW, Washington, DC 20010","2026/06/02",1448,"Studio","Apartment"
"1445 Ogden St NW, Washington, DC 20010","2026/06/02",1918,"1 Bed","Apartment"
"1445 Ogden St NW, Washington, DC 20010","2026/06/02",2170,"2 Beds","Apartment"
"3133 Connecticut Ave NW, Washington, DC 20008","2026/06/02",2293,"Studio","Apartment"
"3133 Connecticut Ave NW, Washington, DC 20008","2026/06/02",3885,"1 Bed","Apartment"
"3133 Connecticut Ave NW, Washington, DC 20008","2026/06/02",5152,"2 Beds","Apartment"
NA,NA,NA,NA,NA
"1629 Columbia Rd NW, Washington, DC 20009","2026/06/02",1777,"Studio","Apartment"
"1629 Columbia Rd NW, Washington, DC 20009","2026/06/02",2432,"1 Bed","Apartment"
"4545 Connecticut Ave NW, Washington, DC 20008","2026/06/02",2000,"1 Bed","Apartment"
"4545 Connecticut Ave NW, Washington, DC 20008","2026/06/02",2599,"2 Beds","Apartment"
"4545 Connecticut Ave NW, Washington, DC 20008","2026/06/02",3800,"3 Beds+","Apartment"
"1331 4th St SE, Washington, DC 20003","2026/06/02",1931,"Studio","Apartment"
"1331 4th St SE, Washington, DC 20003","2026/06/02",2164,"1 Bed","Apartment"
"1331 4th St SE, Washington, DC 20003","2026/06/02",3351,"2 Beds","Apartment"
"1925 14th St NW, Washington, DC 20009","2026/06/02",2214,"2 Beds",NA
"3903 Davis Pl NW, Washington, DC 20007","2026/06/02",1745,"1 Bed","Apartment"
"3903 Davis Pl NW, Washington, DC 20007","2026/06/02",2351,"2 Beds","Apartment"
"915 L St NW, Washington, DC 20001","2026/06/02",2222,"Studio","Apartment"
"915 L St NW, Washington, DC 20001","2026/06/02",2512,"1 Bed","Apartment"
"915 L St NW, Washington, DC 20001","2026/06/02",4324,"2 Beds","Apartment"
"1400 Irving St NW, Washington, DC 20010","2026/06/02",1693,"Studio","Apartment"
"1400 Irving St NW, Washington, DC 20010","2026/06/02",2047,"1 Bed","Apartment"
"1400 Irving St NW, Washington, DC 20010","2026/06/02",3066,"2 Beds","Apartment"
"4601 Connecticut Ave NW, Washington, DC 20008","2026/06/02",2185,"1 Bed","Apartment"
"4601 Connecticut Ave NW, Washington, DC 20008","2026/06/02",3180,"2 Beds","Apartment"
"1772 Church St NW, Washington, DC 20036","2026/06/02",2789,"Studio","Apartment"
"1772 Church St NW, Washington, DC 20036","2026/06/02",3170,"1 Bed","Apartment"
"1772 Church St NW, Washington, DC 20036","2026/06/02",4199,"2 Beds","Apartment"
"1358 Florida Ave NE, Washington, DC 20002","2026/06/02",1500,"2 Beds",NA
"2323 Sherman Ave NW, Washington, DC 20001","2026/06/02",1973,"Studio","Apartment"
"2323 Sherman Ave NW, Washington, DC 20001","2026/06/02",2043,"1 Bed","Apartment"
"2323 Sherman Ave NW, Washington, DC 20001","2026/06/02",4094,"2 Beds","Apartment"
"3600 Ely Pl SE, Washington, DC 20019","2026/06/02",1598,"1 Bed","Apartment"
"3600 Ely Pl SE, Washington, DC 20019","2026/06/02",1749,"2 Beds","Apartment"
"654 Girard St NW, Washington, DC 20001","2026/06/02",1624,"Studio","Apartment"
"654 Girard St NW, Washington, DC 20001","2026/06/02",1740,"1 Bed","Apartment"
"654 Girard St NW, Washington, DC 20001","2026/06/02",2089,"2 Beds","Apartment"
NA,NA,NA,NA,NA
"825-875 10th St NW, Washington, DC 20001","2026/06/02",2118,"Studio","Apartment"
"825-875 10th St NW, Washington, DC 20001","2026/06/02",2989,"1 Bed","Apartment"
"825-875 10th St NW, Washington, DC 20001","2026/06/02",1992,"2 Beds+","Apartment"
"1001 4th St SW, Washington, DC 20024","2026/06/02",2076,"1 Bed","Apartment"
"1001 4th St SW, Washington, DC 20024","2026/06/02",3870,"2 Beds","Apartment"
"2495 Alabama Ave SE, Washington, DC 20020","2026/06/02",2500,"3 Beds","Apartment"
"2495 Alabama Ave SE, Washington, DC 20020","2026/06/02",3850,"4 Beds","Apartment"
"2131 9th St NW, Washington, DC 20001","2026/06/02",1965,"Studio","Apartment"
"2131 9th St NW, Washington, DC 20001","2026/06/02",2220,"1 Bed","Apartment"
"2131 9th St NW, Washington, DC 20001","2026/06/02",3665,"2 Beds","Apartment"
"2000 N St St NW, Washington, DC 20036","2026/06/02",2305,"Studio","Apartment"
"2000 N St St NW, Washington, DC 20036","2026/06/02",2821,"1 Bed","Apartment"
"2000 N St St NW, Washington, DC 20036","2026/06/02",4314,"2 Beds","Apartment"
"3701 Massachusetts Ave NW, Washington, DC 20016","2026/06/02",1599,"Studio","Apartment"
"3701 Massachusetts Ave NW, Washington, DC 20016","2026/06/02",1999,"1 Bed","Apartment"
"1205 1/2 7th St NW, Washington, DC 20001","2026/06/02",2300,"1 Bed","Apartment"
"1205 1/2 7th St NW, Washington, DC 20001","2026/06/02",2750,"2 Beds","Apartment"
"1205 1/2 7th St NW, Washington, DC 20001","2026/06/02",3475,"3 Beds","Apartment"
"1930 Columbia Rd NW, Washington, DC 20009","2026/06/02",1750,"Studio","Apartment"
"1930 Columbia Rd NW, Washington, DC 20009","2026/06/02",2095,"1 Bed","Apartment"
"1930 Columbia Rd NW, Washington, DC 20009","2026/06/02",3680,"2 Beds","Apartment"
"1400-1404 14th St NW, Washington, DC 20005","2026/06/02",2250,"2 Beds",NA
"1111 Massachusetts Ave NW, Washington, DC 20005","2026/06/02",1435,"2 Beds",NA
"3220 Prospect St NW, Washington, DC 20007","2026/06/02",2400,"Studio","Apartment"
"3220 Prospect St NW, Washington, DC 20007","2026/06/02",2400,"1 Bed","Apartment"
"5508 7th St NW, Washington, DC 20011","2026/06/02",1600,"Studio","Apartment"
"5508 7th St NW, Washington, DC 20011","2026/06/02",1650,"1 Bed","Apartment"
"5508 7th St NW, Washington, DC 20011","2026/06/02",2375,"2 Beds","Apartment"
"2413 14th St NE, Washington, DC 20018","2026/06/02",1352,"1 Bed","Apartment"
"2413 14th St NE, Washington, DC 20018","2026/06/02",2100,"3 Beds","Apartment"
"2413 14th St NE, Washington, DC 20018","2026/06/02",2600,"4 Beds+","Apartment"
"1825 R St NW, Washington, DC 20009","2026/06/02",2391,"1 Bed","Apartment"
"1825 R St NW, Washington, DC 20009","2026/06/02",1763,"2 Beds","Apartment"
"1825 R St NW, Washington, DC 20009","2026/06/02",1998,"3 Beds+","Apartment"
"3333 Wisconsin Ave NW, Washington, DC 20016","2026/06/02",2300,"Studio","Apartment"
"3333 Wisconsin Ave NW, Washington, DC 20016","2026/06/02",2200,"1 Bed","Apartment"
"3333 Wisconsin Ave NW, Washington, DC 20016","2026/06/02",3200,"2 Beds","Apartment"
"5702-5708 Georgia Ave NW, Washington, DC 20011","2026/06/02",1999,"1 Bed","Apartment"
"5702-5708 Georgia Ave NW, Washington, DC 20011","2026/06/02",3945,"4 Beds","Apartment"
"1224 M St NW, Washington, DC 20005","2026/06/02",2425,"1 Bed","Apartment"
"1224 M St NW, Washington, DC 20005","2026/06/02",3995,"2 Beds","Apartment"
"1490 7th St NW, Washington, DC 20001","2026/06/02",1457,"2 Beds",NA
"100 Michigan Ave NE, Washington, DC 20017","2026/06/02",1667,"1 Bed","Apartment"
"100 Michigan Ave NE, Washington, DC 20017","2026/06/02",2258,"2 Beds","Apartment"
"100 Michigan Ave NE, Washington, DC 20017","2026/06/02",5148,"3 Beds","Apartment"
"2333 Skyland Pl SE, Washington, DC 20020","2026/06/02",1145,"1 Bed","Apartment"
"2333 Skyland Pl SE, Washington, DC 20020","2026/06/02",1525,"2 Beds","Apartment"
"2333 Skyland Pl SE, Washington, DC 20020","2026/06/02",1715,"3 Beds","Apartment"
"323 62nd St NE, Washington, DC 20019","2026/06/02",1299,"1 Bed","Apartment"
"323 62nd St NE, Washington, DC 20019","2026/06/02",1599,"2 Beds","Apartment"
"323 62nd St NE, Washington, DC 20019","2026/06/02",2395,"3 Beds","Apartment"
"2725 30th St SE, Washington, DC 20020","2026/06/02",1050,"1 Bed","Apartment"
"2725 30th St SE, Washington, DC 20020","2026/06/02",1225,"2 Beds","Apartment"
"2725 30th St SE, Washington, DC 20020","2026/06/02",1650,"3 Beds","Apartment"
"610 Park Rd NW, Washington, DC 20010","2026/06/02",1275,"Studio","Apartment"
"610 Park Rd NW, Washington, DC 20010","2026/06/02",1447,"1 Bed","Apartment"
"610 Park Rd NW, Washington, DC 20010","2026/06/02",1969,"2 Beds","Apartment"
"3598 Hayes St NE, Washington, DC 20019","2026/06/02",900,"1 Bed","Apartment"
"3598 Hayes St NE, Washington, DC 20019","2026/06/02",1200,"2 Beds","Apartment"
"3598 Hayes St NE, Washington, DC 20019","2026/06/02",1508,"3 Beds+","Apartment"
"611 Edgewood St NE, Washington, DC 20017","2026/06/02",1619,"1 Bed","Apartment"
"611 Edgewood St NE, Washington, DC 20017","2026/06/02",1959,"2 Beds","Apartment"
"625 E Monroe Ave, Alexandria, VA 22301","2026/06/02",2469,"1 Bed","Apartment"
"625 E Monroe Ave, Alexandria, VA 22301","2026/06/02",3881,"2 Beds","Apartment"
"500 Madison St, Alexandria, VA 22314","2026/06/02",2918,"1 Bed","Apartment"
"500 Madison St, Alexandria, VA 22314","2026/06/02",4654,"2 Beds","Apartment"
"1919 Clarendon Blvd, Arlington, VA 22201","2026/06/02",2257,"Studio","Apartment"
"1919 Clarendon Blvd, Arlington, VA 22201","2026/06/02",2672,"1 Bed","Apartment"
"1919 Clarendon Blvd, Arlington, VA 22201","2026/06/02",4757,"2 Beds","Apartment"
"575 12th Rd S, Arlington, VA 22202","2026/06/02",2242,"Studio","Apartment"
"575 12th Rd S, Arlington, VA 22202","2026/06/02",2387,"1 Bed","Apartment"
"575 12th Rd S, Arlington, VA 22202","2026/06/02",3522,"2 Beds","Apartment"
"1200 N Rolfe St, Arlington, VA 22209","2026/06/02",2791,"1 Bed","Apartment"
"1200 N Rolfe St, Arlington, VA 22209","2026/06/02",3526,"2 Beds","Apartment"
"1260 Spring St, Silver Spring, MD 20910","2026/06/02",1892,"Studio","Apartment"
"1260 Spring St, Silver Spring, MD 20910","2026/06/02",1987,"1 Bed","Apartment"
"1260 Spring St, Silver Spring, MD 20910","2026/06/02",3231,"2 Beds","Apartment"
"1221 N Pierce St, Arlington, VA 22209","2026/06/02",2334,"1 Bed","Apartment"
"1221 N Pierce St, Arlington, VA 22209","2026/06/02",3355,"2 Beds","Apartment"
"2800 Clarendon Blvd, Arlington, VA 22201","2026/06/02",2578,"Studio","Apartment"
"2800 Clarendon Blvd, Arlington, VA 22201","2026/06/02",2573,"1 Bed","Apartment"
"2800 Clarendon Blvd, Arlington, VA 22201","2026/06/02",3683,"2 Beds","Apartment"
"615 Swann Ave, Alexandria, VA 22301","2026/06/02",2061,"Studio","Apartment"
"615 Swann Ave, Alexandria, VA 22301","2026/06/02",2424,"1 Bed","Apartment"
"615 Swann Ave, Alexandria, VA 22301","2026/06/02",3568,"2 Beds","Apartment"
"590 S 15th St, Arlington, VA 22202","2026/06/02",2225,"Studio","Apartment"
"590 S 15th St, Arlington, VA 22202","2026/06/02",2384,"1 Bed","Apartment"
"590 S 15th St, Arlington, VA 22202","2026/06/02",3296,"2 Beds","Apartment"
"2250 Clarendon Blvd, Arlington, VA 22201","2026/06/02",2527,"1 Bed","Apartment"
"2250 Clarendon Blvd, Arlington, VA 22201","2026/06/02",3646,"2 Beds","Apartment"
NA,NA,NA,NA,NA
"8455 Fenton St, Silver Spring, MD 20910","2026/06/02",1795,"Studio","Apartment"
"8455 Fenton St, Silver Spring, MD 20910","2026/06/02",1991,"1 Bed","Apartment"
"701 N Wayne St, Arlington, VA 22201","2026/06/02",1869,"Studio","Apartment"
"701 N Wayne St, Arlington, VA 22201","2026/06/02",2084,"1 Bed","Apartment"
"701 N Wayne St, Arlington, VA 22201","2026/06/02",3044,"2 Beds","Apartment"
"4615 N Park Ave, Chevy Chase, MD 20815","2026/06/02",1835,"1 Bed","Apartment"
"4615 N Park Ave, Chevy Chase, MD 20815","2026/06/02",2970,"2 Beds","Apartment"
"4615 N Park Ave, Chevy Chase, MD 20815","2026/06/02",5043,"3 Beds","Apartment"
"2500 Clarendon Blvd, Arlington, VA 22201","2026/06/02",2130,"Studio","Apartment"
"2500 Clarendon Blvd, Arlington, VA 22201","2026/06/02",2390,"1 Bed","Apartment"
"2500 Clarendon Blvd, Arlington, VA 22201","2026/06/02",3495,"2 Beds","Apartment"
"7170 Woodmont Ave, Bethesda, MD 20815","2026/06/02",3475,"2 Beds","Apartment"
"7170 Woodmont Ave, Bethesda, MD 20815","2026/06/02",7257,"3 Beds","Apartment"
"8605 Cameron St, Silver Spring, MD 20910","2026/06/02",1780,"Studio","Apartment"
"8605 Cameron St, Silver Spring, MD 20910","2026/06/02",1900,"1 Bed","Apartment"
"8605 Cameron St, Silver Spring, MD 20910","2026/06/02",2400,"2 Beds","Apartment"
"1111 N Belle Pre Way, Alexandria, VA 22314","2026/06/02",2294,"1 Bed","Apartment"
"1111 N Belle Pre Way, Alexandria, VA 22314","2026/06/02",3066,"2 Beds","Apartment"
"550 14th Rd S, Arlington, VA 22202","2026/06/02",2560,"Studio","Apartment"
"550 14th Rd S, Arlington, VA 22202","2026/06/02",2428,"1 Bed","Apartment"
"550 14th Rd S, Arlington, VA 22202","2026/06/02",3400,"2 Beds","Apartment"
"520 12th St S, Arlington, VA 22202","2026/06/02",2328,"Studio","Apartment"
"520 12th St S, Arlington, VA 22202","2026/06/02",2393,"1 Bed","Apartment"
"520 12th St S, Arlington, VA 22202","2026/06/02",3959,"2 Beds+","Apartment"
"915 Silver Spring Ave, Silver Spring, MD 20910","2026/06/02",1652,"Studio","Apartment"
"915 Silver Spring Ave, Silver Spring, MD 20910","2026/06/02",1907,"1 Bed","Apartment"
"915 Silver Spring Ave, Silver Spring, MD 20910","2026/06/02",2857,"2 Beds","Apartment"
"2200 12th Ct, Arlington, VA 22201","2026/06/02",2811,"1 Bed","Apartment"
"2200 12th Ct, Arlington, VA 22201","2026/06/02",3754,"2 Beds","Apartment"
"1301 N Troy St, Arlington, VA 22201","2026/06/02",2798,"1 Bed","Apartment"
"1301 N Troy St, Arlington, VA 22201","2026/06/02",3771,"2 Beds","Apartment"
"1301 N Troy St, Arlington, VA 22201","2026/06/02",5244,"3 Beds","Apartment"
"4701 Willard Ave, Chevy Chase, MD 20815","2026/06/02",1743,"Studio","Apartment"
"4701 Willard Ave, Chevy Chase, MD 20815","2026/06/02",2014,"1 Bed","Apartment"
"4701 Willard Ave, Chevy Chase, MD 20815","2026/06/02",2822,"2 Beds+","Apartment"
"1320 N Veitch St, Arlington, VA 22201","2026/06/02",2391,"1 Bed","Apartment"
"1320 N Veitch St, Arlington, VA 22201","2026/06/02",3334,"2 Beds","Apartment"
"5325 Westbard Ave, Bethesda, MD 20816","2026/06/02",1914,"Studio","Apartment"
"5325 Westbard Ave, Bethesda, MD 20816","2026/06/02",2103,"1 Bed","Apartment"
"5325 Westbard Ave, Bethesda, MD 20816","2026/06/02",2398,"2 Beds","Apartment"
"8710 Cameron St, Silver Spring, MD 20910","2026/06/02",1616,"Studio","Apartment"
"8710 Cameron St, Silver Spring, MD 20910","2026/06/02",1920,"1 Bed","Apartment"
"8710 Cameron St, Silver Spring, MD 20910","2026/06/02",2723,"2 Beds","Apartment"
"5401 Westbard Ave, Bethesda, MD 20816","2026/06/02",1510,"Studio","Apartment"
"5401 Westbard Ave, Bethesda, MD 20816","2026/06/02",1740,"1 Bed","Apartment"
"5401 Westbard Ave, Bethesda, MD 20816","2026/06/02",2470,"2 Beds","Apartment"
"8708 1st Ave, Silver Spring, MD 20910","2026/06/02",2000,"1 Bed","Apartment"
"8708 1st Ave, Silver Spring, MD 20910","2026/06/02",2750,"2 Beds","Apartment"
"8584 Freyman Dr, Chevy Chase, MD 20815","2026/06/02",1690,"1 Bed","Apartment"
"8584 Freyman Dr, Chevy Chase, MD 20815","2026/06/02",1805,"2 Beds","Apartment"
"3801 Kenilworth Ave, Bladensburg, MD 20710","2026/06/02",1453,"1 Bed","Apartment"
"3801 Kenilworth Ave, Bladensburg, MD 20710","2026/06/02",1651,"2 Beds","Apartment"
"3801 Kenilworth Ave, Bladensburg, MD 20710","2026/06/02",1998,"3 Beds","Apartment"
"555 Thayer Ave, Silver Spring, MD 20910","2026/06/02",1299,"Studio","Apartment"
"555 Thayer Ave, Silver Spring, MD 20910","2026/06/02",1599,"1 Bed","Apartment"
"555 Thayer Ave, Silver Spring, MD 20910","2026/06/02",1799,"2 Beds+","Apartment"
"620 Jefferson St, Alexandria, VA 22314","2026/06/02",1709,"Studio","Apartment"
"620 Jefferson St, Alexandria, VA 22314","2026/06/02",1999,"1 Bed","Apartment"
"620 Jefferson St, Alexandria, VA 22314","2026/06/02",2640,"2 Beds+","Apartment"
NA,NA,NA,NA,NA
"1316 Fenwick Ln, Silver Spring, MD 20910","2026/06/02",1435,"Studio","Apartment"
"1316 Fenwick Ln, Silver Spring, MD 20910","2026/06/02",1699,"1 Bed","Apartment"
"1316 Fenwick Ln, Silver Spring, MD 20910","2026/06/02",1938,"2 Beds","Apartment"
"903 Glen Willow Dr, Seat Pleasant, MD 20743","2026/06/02",1347,"1 Bed","Apartment"
"903 Glen Willow Dr, Seat Pleasant, MD 20743","2026/06/02",1599,"2 Beds","Apartment"
"903 Glen Willow Dr, Seat Pleasant, MD 20743","2026/06/02",1950,"3 Beds","Apartment"
"700 Sligo Ave, Silver Spring, MD 20910","2026/06/02",1740,"1 Bed","Apartment"
"700 Sligo Ave, Silver Spring, MD 20910","2026/06/02",1885,"2 Beds","Apartment"
"700 Sligo Ave, Silver Spring, MD 20910","2026/06/02",2345,"3 Beds","Apartment"
"2316 Brooks Dr, Suitland, MD 20746","2026/06/02",1125,"Studio","Apartment"
"2316 Brooks Dr, Suitland, MD 20746","2026/06/02",1365,"1 Bed","Apartment"
"2316 Brooks Dr, Suitland, MD 20746","2026/06/02",1794,"2 Beds+","Apartment"
"1310 N Oak St, Arlington, VA 22209","2026/06/02",2175,"2 Beds+",NA
"501 Chillum Rd, Hyattsville, MD 20783","2026/06/02",1400,"1 Bed","Apartment"
"501 Chillum Rd, Hyattsville, MD 20783","2026/06/02",1607,"2 Beds","Apartment"
"2600 Queens Chapel Rd, Hyattsville, MD 20782","2026/06/02",1495,"1 Bed","Apartment"
"2600 Queens Chapel Rd, Hyattsville, MD 20782","2026/06/02",1880,"2 Beds","Apartment"
"2600 Queens Chapel Rd, Hyattsville, MD 20782","2026/06/02",2445,"3 Beds","Apartment"
"1315 Apple Ave, Silver Spring, MD 20910","2026/06/02",1685,"3 Beds",NA
"1400 Oronoco St, Alexandria, VA 22314","2026/06/02",2750,"2 Beds","Apartment"
"1400 Oronoco St, Alexandria, VA 22314","2026/06/02",3850,"3 Beds","Apartment"
"2120 N Monroe St, Arlington, VA 22207","2026/06/02",1925,"1 Bed","Apartment"
"2120 N Monroe St, Arlington, VA 22207","2026/06/02",2085,"2 Beds","Apartment"
"2120 N Monroe St, Arlington, VA 22207","2026/06/02",3045,"3 Beds","Apartment"
"3200 Curtis Dr, Temple Hills, MD 20748","2026/06/02",1106,"Studio","Apartment"
"3200 Curtis Dr, Temple Hills, MD 20748","2026/06/02",1118,"1 Bed","Apartment"
"3200 Curtis Dr, Temple Hills, MD 20748","2026/06/02",1610,"2 Beds","Apartment"
"4110 Suitland Rd, Suitland, MD 20746","2026/06/02",1348,"1 Bed","Apartment"
"4110 Suitland Rd, Suitland, MD 20746","2026/06/02",1556,"2 Beds","Apartment"
"4110 Suitland Rd, Suitland, MD 20746","2026/06/02",2013,"3 Beds","Apartment"
"1108 Kennebec St, Oxon Hill, MD 20745","2026/06/02",1338,"1 Bed","Apartment"
"1108 Kennebec St, Oxon Hill, MD 20745","2026/06/02",1535,"2 Beds","Apartment"
"1108 Kennebec St, Oxon Hill, MD 20745","2026/06/02",1955,"3 Beds","Apartment"
"3901 Suitland Rd, Suitland, MD 20746","2026/06/02",1335,"1 Bed","Apartment"
"3901 Suitland Rd, Suitland, MD 20746","2026/06/02",1555,"2 Beds","Apartment"
"3901 Suitland Rd, Suitland, MD 20746","2026/06/02",1840,"3 Beds","Apartment"
"1439 Southern Ave, Oxon Hill, MD 20745","2026/06/02",1327,"1 Bed","Apartment"
"1439 Southern Ave, Oxon Hill, MD 20745","2026/06/02",1621,"2 Beds","Apartment"
"1439 Southern Ave, Oxon Hill, MD 20745","2026/06/02",1970,"3 Beds","Apartment"
"4101 Kaywood Pl, Mount Rainier, MD 20712","2026/06/02",1120,"Studio","Apartment"
"4101 Kaywood Pl, Mount Rainier, MD 20712","2026/06/02",1139,"1 Bed","Apartment"
"4101 Kaywood Pl, Mount Rainier, MD 20712","2026/06/02",1554,"2 Beds","Apartment"
"2641 Shadyside Ave, Suitland, MD 20746","2026/06/02",1450,"2 Beds",NA
"3907 23rd Pky, Temple Hills, MD 20748","2026/06/02",1148,"Studio","Apartment"
"3907 23rd Pky, Temple Hills, MD 20748","2026/06/02",1363,"1 Bed","Apartment"
"3907 23rd Pky, Temple Hills, MD 20748","2026/06/02",1358,"2 Beds+","Apartment"
"3301 Chillum Rd, Mount Rainier, MD 20712","2026/06/02",1352,"1 Bed","Apartment"
"3301 Chillum Rd, Mount Rainier, MD 20712","2026/06/02",1293,"2 Beds","Apartment"
"2731 Nicholson St, Hyattsville, MD 20782","2026/06/02",1248,"Studio","Apartment"
"2731 Nicholson St, Hyattsville, MD 20782","2026/06/02",1341,"1 Bed","Apartment"
"2731 Nicholson St, Hyattsville, MD 20782","2026/06/02",1462,"2 Beds","Apartment"
"4301 23rd Pky, Temple Hills, MD 20748","2026/06/02",1098,"Studio","Apartment"
"4301 23rd Pky, Temple Hills, MD 20748","2026/06/02",968,"1 Bed","Apartment"
"4301 23rd Pky, Temple Hills, MD 20748","2026/06/02",1298,"2 Beds+","Apartment"
"625 Audrey Ln, Oxon Hill, MD 20745","2026/06/02",985,"Studio","Apartment"
"625 Audrey Ln, Oxon Hill, MD 20745","2026/06/02",1184,"1 Bed","Apartment"
"625 Audrey Ln, Oxon Hill, MD 20745","2026/06/02",1300,"2 Beds+","Apartment"
"1531 N Pierce St, Arlington, VA 22209","2026/06/02",1670,"Studio","Apartment"
"1531 N Pierce St, Arlington, VA 22209","2026/06/02",1773,"1 Bed","Apartment"
"1531 N Pierce St, Arlington, VA 22209","2026/06/02",1990,"2 Beds+","Apartment"
NA,NA,NA,NA,NA
NA,NA,NA,NA,NA
"3 Tingey Sq SE, Washington, DC 20003","2026/06/02",2560,"2 Beds+","Apartment"
NA,NA,NA,NA,NA
NA,NA,NA,NA,NA
"632 Howard Rd SE, Washington, DC 20020","2026/06/02",3862,"2 Beds+","Apartment"
NA,NA,NA,NA,NA
"1620 C St SE, Washington, DC 20003","2026/06/02",1600,"1 Bed","Apartment"
"1620 C St SE, Washington, DC 20003","2026/06/02",1975,"2 Beds","Apartment"
"2101 New Hampshire Ave NW, Washington, DC 20009","2026/06/02",1745,"Studio","Apartment"
"2101 New Hampshire Ave NW, Washington, DC 20009","2026/06/02",1740,"1 Bed","Apartment"
"1701 Mass Ave NW, Washington, DC 20036","2026/06/02",1525,"Studio","Apartment"
"1701 Mass Ave NW, Washington, DC 20036","2026/06/02",2250,"1 Bed","Apartment"
"2702 Wisconsin Ave NW, Washington, DC 20007","2026/06/02",1295,"Studio","Apartment"
"2702 Wisconsin Ave NW, Washington, DC 20007","2026/06/02",1675,"1 Bed","Apartment"
"1720 Trenton Pl SE, Washington, DC 20020","2026/06/02",1175,"1 Bed","Apartment"
"1720 Trenton Pl SE, Washington, DC 20020","2026/06/02",1335,"2 Beds","Apartment"
"711-719 49th St, Washington, DC 20019","2026/06/02",2544,"2 Beds","Apartment"
"2727 29th St NW, Washington, DC 20008","2026/06/02",2294,"2 Beds","Apartment"
"1936 Naylor Rd SE, Washington, DC 20020","2026/06/02",1159,"1 Bed","Apartment"
"1936 Naylor Rd SE, Washington, DC 20020","2026/06/02",1155,"2 Beds","Apartment"
"2020 Shepherd St NE, Washington, DC 20018","2026/06/02",2882,"2 Beds","Apartment"
"2020 Shepherd St NE, Washington, DC 20018","2026/06/02",3197,"3 Beds","Apartment"
"21 Riggs Rd NE, Washington, DC 20011","2026/06/02",1450,"1 Bed","Apartment"
"21 Riggs Rd NE, Washington, DC 20011","2026/06/02",2300,"2 Beds","Apartment"
"2407 15th St NW, Washington, DC 20009","2026/06/02",2215,"2 Beds","Apartment"
"3557-3559 Georgia Ave NW, Washington, DC 20010","2026/06/02",1970,"1 Bed","Apartment"
"3557-3559 Georgia Ave NW, Washington, DC 20010","2026/06/02",2360,"2 Beds","Apartment"
"811 Quincy St NW, Washington, DC 20011","2026/06/02",1575,"Studio","Apartment"
"811 Quincy St NW, Washington, DC 20011","2026/06/02",1850,"1 Bed","Apartment"
"3220 Connecticut Ave NW, Washington, DC 20008","2026/06/02",1795,"1 Bed","Apartment"
"5401 Connecticut Ave NW, Washington, DC 20015","2026/06/02",2000,"1 Bed","Apartment"
"5401 Connecticut Ave NW, Washington, DC 20015","2026/06/02",3300,"2 Beds","Apartment"
"1036 Newton St NE, Washington, DC 20017","2026/06/02",1275,"2 Beds","Apartment"
"801 3rd St NW, Washington, DC 20001","2026/06/02",2367,"Studio","Apartment"
"801 3rd St NW, Washington, DC 20001","2026/06/02",2572,"1 Bed","Apartment"
"801 3rd St NW, Washington, DC 20001","2026/06/02",3802,"2 Beds","Apartment"
"7730 Eastern Ave NW, Washington, DC 20012","2026/06/02",1725,"1 Bed","Apartment"
"7730 Eastern Ave NW, Washington, DC 20012","2026/06/02",1850,"2 Beds","Apartment"
"2601 Woodley Pl NW, Washington, DC 20008","2026/06/02",1999,"Studio","Apartment"
"2601 Woodley Pl NW, Washington, DC 20008","2026/06/02",2906,"1 Bed","Apartment"
"2601 Woodley Pl NW, Washington, DC 20008","2026/06/02",3098,"2 Beds","Apartment"
"1722 19th St NW, Washington, DC 20009","2026/06/02",1799,"Studio","Apartment"
"1722 19th St NW, Washington, DC 20009","2026/06/02",2449,"1 Bed","Apartment"
"4607 Connecticut Ave NW, Washington, DC 20008","2026/06/02",1550,"Studio","Apartment"
"4607 Connecticut Ave NW, Washington, DC 20008","2026/06/02",1752,"1 Bed","Apartment"
"2220 11th St NW, Washington, DC 20001","2026/06/02",1840,"1 Bed","Apartment"
"2220 11th St NW, Washington, DC 20001","2026/06/02",2700,"2 Beds","Apartment"
"816 E St NE, Washington, DC 20002","2026/06/02",1750,"2 Beds","Apartment"
"6101 16th St NW, Washington, DC 20011","2026/06/02",1899,"1 Bed","Apartment"
"6101 16th St NW, Washington, DC 20011","2026/06/02",3034,"2 Beds","Apartment"
"1230 New Hampshire Ave NW, Washington, DC 20036","2026/06/02",2250,"Studio","Apartment"
"1230 New Hampshire Ave NW, Washington, DC 20036","2026/06/02",3000,"1 Bed","Apartment"
"1230 New Hampshire Ave NW, Washington, DC 20036","2026/06/02",3950,"2 Beds","Apartment"
NA,NA,NA,NA,NA
"745 Gresham Pl NW, Washington, DC 20001","2026/06/02",1300,"2 Beds","Apartment"
"1717 R St NW, Washington, DC 20009","2026/06/02",1499,"Studio","Apartment"
"1717 R St NW, Washington, DC 20009","2026/06/02",1999,"1 Bed","Apartment"
"220 2nd St SE, Washington, DC 20003","2026/06/02",2250,"1 Bed","Room"
"400 Taylor St NE, Washington, DC 20017","2026/06/02",1656,"1 Bed","Apartment"
"400 Taylor St NE, Washington, DC 20017","2026/06/02",1952,"2 Beds","Apartment"
"3726 Connecticut Ave NW, Washington, DC 20008","2026/06/02",1560,"Studio","Apartment"
"3726 Connecticut Ave NW, Washington, DC 20008","2026/06/02",1699,"1 Bed","Apartment"
"1001 Spring Rd NW, Washington, DC 20010","2026/06/02",1929,"1 Bed","Apartment"
"1001 Spring Rd NW, Washington, DC 20010","2026/06/02",2275,"2 Beds","Apartment"
"331 15th St NE, Washington, DC 20002","2026/06/02",1150,"2 Beds","Room"
"2929 Connecticut Ave NW, Washington, DC 20008","2026/06/02",1499,"Studio","Apartment"
"2929 Connecticut Ave NW, Washington, DC 20008","2026/06/02",1899,"1 Bed","Apartment"
"2929 Connecticut Ave NW, Washington, DC 20008","2026/06/02",2699,"2 Beds","Apartment"
"2620 13th St NW, Washington, DC 20009","2026/06/02",1949,"2 Beds","Apartment"
"2620 13th St NW, Washington, DC 20009","2026/06/02",2770,"3 Beds","Apartment"
"2620 13th St NW, Washington, DC 20009","2026/06/02",5083,"4 Beds","Apartment"
"3431 13th St NW, Washington, DC 20010","2026/06/02",1100,"4 Beds","Room"
"3048 Stanton Rd SE, Washington, DC 20020","2026/06/02",1613,"1 Bed","Apartment"
"3048 Stanton Rd SE, Washington, DC 20020","2026/06/02",1964,"2 Beds","Apartment"
"3048 Stanton Rd SE, Washington, DC 20020","2026/06/02",2494,"3 Beds","Apartment"
"1530 16th St NW, Washington, DC 20036","2026/06/02",1595,"3 Beds","Room"
"2900 Adams Mill Rd NW, Washington, DC 20009","2026/06/02",2699,"3 Beds","Room"
"1125 Spring Rd NW, Washington, DC 20010","2026/06/02",948,"1 Bed","Apartment"
"1125 Spring Rd NW, Washington, DC 20010","2026/06/02",1383,"2 Beds","Apartment"
"2213 14th St NW, Washington, DC 20009","2026/06/02",2000,"Studio","Apartment"
"2213 14th St NW, Washington, DC 20009","2026/06/02",868,"1 Bed","Apartment"
"2213 14th St NW, Washington, DC 20009","2026/06/02",1297,"2 Beds","Apartment"
"225 Vine St NW, Washington, DC 20012","2026/06/02",1000,"2 Beds","Room"
"435 Edgewood St NE, Washington, DC 20017","2026/06/02",1430,"Studio","Apartment"
"435 Edgewood St NE, Washington, DC 20017","2026/06/02",1504,"1 Bed","Apartment"
"435 Edgewood St NE, Washington, DC 20017","2026/06/02",1840,"2 Beds","Apartment"
"2549 Elvans Rd SE, Washington, DC 20020","2026/06/02",1841,"1 Bed","Apartment"
"2549 Elvans Rd SE, Washington, DC 20020","2026/06/02",2005,"2 Beds","Apartment"
"2549 Elvans Rd SE, Washington, DC 20020","2026/06/02",2562,"3 Beds+","Apartment"
"525 Montgomery St, Alexandria, VA 22314","2026/06/02",2510,"Studio","Apartment"
"525 Montgomery St, Alexandria, VA 22314","2026/06/02",2639,"1 Bed","Apartment"
"525 Montgomery St, Alexandria, VA 22314","2026/06/02",4587,"2 Beds","Apartment"
"5902 31st Ave, Hyattsville, MD 20782","2026/06/02",1343,"1 Bed","Apartment"
"5902 31st Ave, Hyattsville, MD 20782","2026/06/02",1624,"2 Beds","Apartment"
"7025 Strathmore St, Chevy Chase, MD 20815","2026/06/02",1895,"1 Bed","Apartment"
"7025 Strathmore St, Chevy Chase, MD 20815","2026/06/02",2085,"2 Beds","Apartment"
"930 N Henry St, Alexandria, VA 22314","2026/06/02",1539,"2 Beds","Room"
"1112 First St, Alexandria, VA 22314","2026/06/02",2228,"1 Bed","Apartment"
"1112 First St, Alexandria, VA 22314","2026/06/02",3975,"2 Beds","Apartment"
"525 Thayer Ave, Silver Spring, MD 20910","2026/06/02",1350,"1 Bed","Apartment"
"525 Thayer Ave, Silver Spring, MD 20910","2026/06/02",1897,"2 Beds","Apartment"
"525 Thayer Ave, Silver Spring, MD 20910","2026/06/02",2145,"3 Beds","Apartment"
"700-708 N Washington St, Alexandria, VA 22314","2026/06/02",2550,"3 Beds","Room"
"2500 Queens Chapel Rd, Hyattsville, MD 20782","2026/06/02",1700,"3 Beds","Room"
"908 Marcy Ave, Oxon Hill, MD 20745","2026/06/02",1363,"1 Bed","Apartment"
"908 Marcy Ave, Oxon Hill, MD 20745","2026/06/02",1635,"2 Beds","Apartment"
"908 Marcy Ave, Oxon Hill, MD 20745","2026/06/02",2141,"3 Beds","Apartment"
"1220 N Queen St, Arlington, VA 22209","2026/06/02",1477,"Studio","Apartment"
"1220 N Queen St, Arlington, VA 22209","2026/06/02",1100,"1 Bed","Apartment"
"1220 N Queen St, Arlington, VA 22209","2026/06/02",2127,"2 Beds+","Apartment"
"1301 N Queen St, Arlington, VA 22209","2026/06/02",1596,"1 Bed","Apartment"
"1301 N Queen St, Arlington, VA 22209","2026/06/02",1758,"2 Beds","Apartment"
"2306 11th St N, Arlington, VA 22201","2026/06/02",1620,"Studio","Apartment"
"2306 11th St N, Arlington, VA 22201","2026/06/02",1729,"1 Bed","Apartment"
"2306 11th St N, Arlington, VA 22201","2026/06/02",2036,"2 Beds+","Apartment"
"2603 Southern Ave, Temple Hills, MD 20748","2026/06/02",900,"Studio","Apartment"
"2603 Southern Ave, Temple Hills, MD 20748","2026/06/02",1125,"1 Bed","Apartment"
"2603 Southern Ave, Temple Hills, MD 20748","2026/06/02",1255,"2 Beds+","Apartment"
"1339 E St SE, Washington, DC 20003","2026/06/02",2248,"Studio","Apartment"
"1339 E St SE, Washington, DC 20003","2026/06/02",3199,"1 Bed","Apartment"
"1339 E St SE, Washington, DC 20003","2026/06/02",3199,"2 Beds+","Apartment"
"6918 Willow St NW, Washington, DC 20012","2026/06/02",1617,"Studio","Apartment"
"6918 Willow St NW, Washington, DC 20012","2026/06/02",1633,"1 Bed","Apartment"
"6918 Willow St NW, Washington, DC 20012","2026/06/02",2759,"2 Beds","Apartment"
"1270 4th St NE, Washington, DC 20002","2026/06/02",1967,"Studio","Apartment"
"1270 4th St NE, Washington, DC 20002","2026/06/02",2180,"1 Bed","Apartment"
"1270 4th St NE, Washington, DC 20002","2026/06/02",3527,"2 Beds","Apartment"
NA,NA,NA,NA,NA
"450 K St NW, Washington, DC 20001","2026/06/02",2305,"Studio","Apartment"
"450 K St NW, Washington, DC 20001","2026/06/02",2318,"1 Bed","Apartment"
"450 K St NW, Washington, DC 20001","2026/06/02",4269,"2 Beds","Apartment"
NA,NA,NA,NA,NA
"320 Florida Ave NE, Washington, DC 20002","2026/06/02",1955,"Studio","Apartment"
"320 Florida Ave NE, Washington, DC 20002","2026/06/02",2173,"1 Bed","Apartment"
"320 Florida Ave NE, Washington, DC 20002","2026/06/02",2790,"2 Beds","Apartment"
"1240 4th St NE, Washington, DC 20002","2026/06/02",1994,"1 Bed","Apartment"
"1240 4th St NE, Washington, DC 20002","2026/06/02",2909,"2 Beds","Apartment"
"3801 Georgia Ave NW, Washington, DC 20011","2026/06/02",1795,"1 Bed","Apartment"
"3801 Georgia Ave NW, Washington, DC 20011","2026/06/02",2500,"2 Beds","Apartment"
"1111 20th St NW, Washington, DC 20036","2026/06/02",3188,"Studio","Apartment"
"1111 20th St NW, Washington, DC 20036","2026/06/02",3494,"1 Bed","Apartment"
"869 21st St NE, Washington, DC 20002","2026/06/02",1150,"1 Bed","Apartment"
"869 21st St NE, Washington, DC 20002","2026/06/02",1350,"2 Beds","Apartment"
"460 L St NW, Washington, DC 20001","2026/06/02",1987,"Studio","Apartment"
"460 L St NW, Washington, DC 20001","2026/06/02",1928,"1 Bed","Apartment"
"460 L St NW, Washington, DC 20001","2026/06/02",3185,"2 Beds","Apartment"
"2800 Woodley Rd NW, Washington, DC 20008","2026/06/02",1725,"Studio","Apartment"
"2800 Woodley Rd NW, Washington, DC 20008","2026/06/02",1920,"1 Bed","Apartment"
"2800 Woodley Rd NW, Washington, DC 20008","2026/06/02",2562,"2 Beds","Apartment"
"3401 Idaho Ave NW, Washington, DC 20016","2026/06/02",2538,"1 Bed","Apartment"
"3401 Idaho Ave NW, Washington, DC 20016","2026/06/02",8461,"3 Beds","Apartment"
"1611 Eckington Pl NE, Washington, DC 20002","2026/06/02",1568,"Studio","Apartment"
"1611 Eckington Pl NE, Washington, DC 20002","2026/06/02",1826,"1 Bed","Apartment"
"1611 Eckington Pl NE, Washington, DC 20002","2026/06/02",2283,"2 Beds","Apartment"
"1401 New York Ave NE, Washington, DC 20002","2026/06/02",1433,"Studio","Apartment"
"1401 New York Ave NE, Washington, DC 20002","2026/06/02",1057,"1 Bed","Apartment"
"1401 New York Ave NE, Washington, DC 20002","2026/06/02",2207,"2 Beds+","Apartment"
"555 E St SW, Washington, DC 20024","2026/06/02",1246,"Studio","Apartment"
"555 E St SW, Washington, DC 20024","2026/06/02",1332,"1 Bed","Apartment"
"555 E St SW, Washington, DC 20024","2026/06/02",3731,"2 Beds","Apartment"
"4900 Fort Totten Dr NE, Washington, DC 20011","2026/06/02",1427,"1 Bed","Apartment"
"4900 Fort Totten Dr NE, Washington, DC 20011","2026/06/02",2350,"2 Beds","Apartment"
NA,NA,NA,NA,NA
"501 12th St NE, Washington, DC 20002","2026/06/02",2769,"2 Beds","Room"
"3625 16TH St NW, WASHINGTON, DC 20010","2026/06/02",1600,"Studio","Apartment"
"3625 16TH St NW, WASHINGTON, DC 20010","2026/06/02",1850,"1 Bed","Apartment"
"1443 T St NW, Washington, DC 20009","2026/06/02",2300,"1 Bed","Room"
"440 K St NW, Washington, DC 20001","2026/06/02",2419,"1 Bed","Apartment"
"440 K St NW, Washington, DC 20001","2026/06/02",3649,"2 Beds","Apartment"
"2950 Van Ness St NW, Washington, DC 20008","2026/06/02",1815,"2 Beds","Room"
"1350 Florida Ave NW, Washington, DC 20009","2026/06/02",1788,"Studio","Apartment"
"1350 Florida Ave NW, Washington, DC 20009","2026/06/02",2250,"1 Bed","Apartment"
NA,NA,NA,NA,NA
"1550 First St SW, Washington, DC 20024","2026/06/02",1582,"Studio","Apartment"
"1550 First St SW, Washington, DC 20024","2026/06/02",1323,"1 Bed","Apartment"
"1550 First St SW, Washington, DC 20024","2026/06/02",1676,"2 Beds","Apartment"
"4600 Wisconsin Ave NW, Washington, DC 20016","2026/06/02",2150,"Studio","Apartment"
"4600 Wisconsin Ave NW, Washington, DC 20016","2026/06/02",2400,"1 Bed","Apartment"
"4600 Wisconsin Ave NW, Washington, DC 20016","2026/06/02",4200,"2 Beds","Apartment"
"510 8th St NE, Washington, DC 20002","2026/06/02",1800,"Studio","Apartment"
"510 8th St NE, Washington, DC 20002","2026/06/02",2200,"1 Bed","Apartment"
"100 K St NE, Washington, DC 20002","2026/06/02",1835,"Studio","Apartment"
"100 K St NE, Washington, DC 20002","2026/06/02",2250,"1 Bed","Apartment"
"100 K St NE, Washington, DC 20002","2026/06/02",3305,"2 Beds","Apartment"
"1210 Massachusetts Ave NW, Washington, DC 20005","2026/06/02",2186,"Studio","Apartment"
"1210 Massachusetts Ave NW, Washington, DC 20005","2026/06/02",2954,"1 Bed","Apartment"
"1210 Massachusetts Ave NW, Washington, DC 20005","2026/06/02",4405,"2 Beds","Apartment"
"1575 Spring Pl NW, Washington, DC 20010","2026/06/02",1850,"2 Beds","Room"
"3032 Rodman St NW, Washington, DC 20008","2026/06/02",1875,"2 Beds","Room"
"2400 16th St NW, Washington, DC 20009","2026/06/02",1659,"Studio","Apartment"
"2400 16th St NW, Washington, DC 20009","2026/06/02",2186,"1 Bed","Apartment"
"1700 Harvard St NW, Washington, DC 20009","2026/06/02",1730,"Studio","Apartment"
"1700 Harvard St NW, Washington, DC 20009","2026/06/02",1920,"1 Bed","Apartment"
"2201 Wisconsin Ave NW, Washington, DC 20007","2026/06/02",2500,"Studio","Apartment"
"2201 Wisconsin Ave NW, Washington, DC 20007","2026/06/02",2650,"1 Bed","Apartment"
"2201 Wisconsin Ave NW, Washington, DC 20007","2026/06/02",4300,"2 Beds","Apartment"
"1324 N Capitol St NW, Washington, DC 20002","2026/06/02",1399,"Studio","Apartment"
"1324 N Capitol St NW, Washington, DC 20002","2026/06/02",1599,"1 Bed","Apartment"
"1324 N Capitol St NW, Washington, DC 20002","2026/06/02",2499,"2 Beds","Apartment"
"1631 Kalorama Rd NW, Washington, DC 20009","2026/06/02",1760,"2 Beds","Room"
"2426 19th St NW, Washington, DC 20009","2026/06/02",2039,"1 Bed","Apartment"
"2426 19th St NW, Washington, DC 20009","2026/06/02",3550,"2 Beds","Apartment"
"400 K St NW, Washington, DC 20001","2026/06/02",2232,"Studio","Apartment"
"400 K St NW, Washington, DC 20001","2026/06/02",2399,"1 Bed","Apartment"
"400 K St NW, Washington, DC 20001","2026/06/02",4254,"2 Beds","Apartment"
"3614 Connecticut Ave NW, Washington, DC 20008","2026/06/02",1399,"Studio","Apartment"
"3614 Connecticut Ave NW, Washington, DC 20008","2026/06/02",1850,"1 Bed","Apartment"
"3614 Connecticut Ave NW, Washington, DC 20008","2026/06/02",2500,"2 Beds","Apartment"
"910-912 Euclid St NW, Washington, DC 20001","2026/06/02",1740,"2 Beds","Room"
"2730 Wisconsin Ave NW, Washington, DC 20007","2026/06/02",2065,"1 Bed","Apartment"
"2730 Wisconsin Ave NW, Washington, DC 20007","2026/06/02",2700,"2 Beds","Apartment"
"2730 Wisconsin Ave NW, Washington, DC 20007","2026/06/02",4795,"3 Beds","Apartment"
"3828 Georgia Ave NW, Washington, DC 20011","2026/06/02",1735,"Studio","Apartment"
"3828 Georgia Ave NW, Washington, DC 20011","2026/06/02",2195,"1 Bed","Apartment"
"3828 Georgia Ave NW, Washington, DC 20011","2026/06/02",3125,"2 Beds","Apartment"
"207 Mississippi Ave SE, Washington, DC 20032","2026/06/02",1299,"1 Bed","Apartment"
"207 Mississippi Ave SE, Washington, DC 20032","2026/06/02",1549,"2 Beds","Apartment"
"4530 Fort Totten Dr NE, Washington, DC 20011","2026/06/02",1499,"1 Bed","Apartment"
"4530 Fort Totten Dr NE, Washington, DC 20011","2026/06/02",1999,"2 Beds","Apartment"
"3647 6th St SE, Washington, DC 20032","2026/06/02",1373,"1 Bed","Apartment"
"3647 6th St SE, Washington, DC 20032","2026/06/02",1652,"2 Beds","Apartment"
"3647 6th St SE, Washington, DC 20032","2026/06/02",1936,"3 Beds","Apartment"
"5182 Eastern Ave NE, Washington, DC 20011","2026/06/02",1499,"1 Bed","Apartment"
"5182 Eastern Ave NE, Washington, DC 20011","2026/06/02",1828,"2 Beds","Apartment"
"5182 Eastern Ave NE, Washington, DC 20011","2026/06/02",2599,"3 Beds","Apartment"
"2607 Bowen Rd SE, Washington, DC 20020","2026/06/02",1436,"1 Bed","Apartment"
"2607 Bowen Rd SE, Washington, DC 20020","2026/06/02",1786,"2 Beds","Apartment"
"2219 Town Center Dr SE, Washington, DC 20020","2026/06/02",1995,"2 Beds","Room"
NA,NA,NA,NA,NA
"501 H St NE, Washington, DC 20002","2026/06/02",1994,"Studio","Apartment"
"501 H St NE, Washington, DC 20002","2026/06/02",2099,"1 Bed","Apartment"
"501 H St NE, Washington, DC 20002","2026/06/02",2900,"2 Beds","Apartment"
"2724-2740 Porter St NW, Washington, DC 20008","2026/06/02",1350,"Studio","Apartment"
"2724-2740 Porter St NW, Washington, DC 20008","2026/06/02",1699,"1 Bed","Apartment"
"2724-2740 Porter St NW, Washington, DC 20008","2026/06/02",2349,"2 Beds","Apartment"
"550 Morse St NE, Washington, DC 20002","2026/06/02",2259,"1 Bed","Apartment"
"550 Morse St NE, Washington, DC 20002","2026/06/02",3176,"2 Beds","Apartment"
"950 3rd St NW, Washington, DC 20001","2026/06/02",2520,"1 Bed","Apartment"
"950 3rd St NW, Washington, DC 20001","2026/06/02",3895,"2 Beds","Apartment"
"950 3rd St NW, Washington, DC 20001","2026/06/02",5900,"3 Beds","Apartment"
"2745-2749 Ordway St NW, Washington, DC 20008","2026/06/02",1249,"Studio","Apartment"
"2745-2749 Ordway St NW, Washington, DC 20008","2026/06/02",1950,"1 Bed","Apartment"
"2745-2749 Ordway St NW, Washington, DC 20008","2026/06/02",2600,"2 Beds","Apartment"
"3825-3829 Georgia Ave NW, Washington, DC 20011","2026/06/02",1375,"Studio","Apartment"
"3825-3829 Georgia Ave NW, Washington, DC 20011","2026/06/02",1306,"1 Bed","Apartment"
"6701-6707 14th St NW, Washington, DC 20012","2026/06/02",2500,"1 Bed","Apartment"
"6701-6707 14th St NW, Washington, DC 20012","2026/06/02",3240,"2 Beds","Apartment"
"6701-6707 14th St NW, Washington, DC 20012","2026/06/02",2500,"3 Beds","Apartment"
"4540 Macarthur Blvd NW, Washington, DC 20007","2026/06/02",1700,"1 Bed","Apartment"
"4540 Macarthur Blvd NW, Washington, DC 20007","2026/06/02",2200,"2 Beds","Apartment"
"3709 New Hampshire Ave NW, Washington, DC 20010","2026/06/02",3995,"2 Beds","Room"
"1630 Euclid St NW, Washington, DC 20009","2026/06/02",1650,"Studio","Apartment"
"1630 Euclid St NW, Washington, DC 20009","2026/06/02",1699,"1 Bed","Apartment"
"1630 Euclid St NW, Washington, DC 20009","2026/06/02",2899,"2 Beds","Apartment"
"425 8th St NW, Washington, DC 20004","2026/06/02",2950,"1 Bed","Apartment"
"425 8th St NW, Washington, DC 20004","2026/06/02",3900,"2 Beds","Apartment"
"2700 Q St NW, Washington, DC 20007","2026/06/02",1983,"Studio","Apartment"
"2700 Q St NW, Washington, DC 20007","2026/06/02",2407,"1 Bed","Apartment"
"1515 Ogden St NW, Washington, DC 20010","2026/06/02",1399,"Studio","Apartment"
"1515 Ogden St NW, Washington, DC 20010","2026/06/02",1500,"1 Bed","Apartment"
"1360 Peabody St NW, Washington, DC 20011","2026/06/02",1250,"Studio","Apartment"
"1360 Peabody St NW, Washington, DC 20011","2026/06/02",1300,"1 Bed","Apartment"
"1360 Peabody St NW, Washington, DC 20011","2026/06/02",1900,"2 Beds","Apartment"
"1151-1551 4th St SW, Washington, DC 20024","2026/06/02",1985,"Studio","Apartment"
"1151-1551 4th St SW, Washington, DC 20024","2026/06/02",2190,"1 Bed","Apartment"
"1151-1551 4th St SW, Washington, DC 20024","2026/06/02",3125,"2 Beds","Apartment"
"5425 Connecticut Ave NW, Washington, DC 20015","2026/06/02",1725,"Studio","Apartment"
"5425 Connecticut Ave NW, Washington, DC 20015","2026/06/02",1650,"1 Bed","Apartment"
"5425 Connecticut Ave NW, Washington, DC 20015","2026/06/02",3025,"2 Beds","Apartment"
"410 Richardson Pl NW, Washington, DC 20001","2026/06/02",1450,"2 Beds","Room"
"2420 16th St NW, Washington, DC 20009","2026/06/02",1625,"2 Beds","Room"
"1201 Perry St NE, Washington, DC 20017","2026/06/02",1150,"2 Beds","Room"
"5816 Georgia Ave NW, Washington, DC 20011","2026/06/02",1650,"1 Bed","Apartment"
"5816 Georgia Ave NW, Washington, DC 20011","2026/06/02",2150,"2 Beds","Apartment"
"5816 Georgia Ave NW, Washington, DC 20011","2026/06/02",3100,"3 Beds","Apartment"
"4196 Livingston Rd SE, Washington, DC 20032","2026/06/02",1095,"1 Bed","Apartment"
"4196 Livingston Rd SE, Washington, DC 20032","2026/06/02",1893,"3 Beds","Apartment"
"6600 Luzon Ave NW, Washington, DC 20012","2026/06/02",1424,"1 Bed","Apartment"
"6600 Luzon Ave NW, Washington, DC 20012","2026/06/02",1960,"2 Beds","Apartment"
"6600 Luzon Ave NW, Washington, DC 20012","2026/06/02",2620,"3 Beds","Apartment"
"1601 Argonne Pl NW, Washington, DC 20009","2026/06/02",1611,"Studio","Apartment"
"1601 Argonne Pl NW, Washington, DC 20009","2026/06/02",2147,"1 Bed","Apartment"
"1601 Argonne Pl NW, Washington, DC 20009","2026/06/02",3179,"2 Beds","Apartment"
"4660 Martin Luther King Jr Ave SW, Washington, DC 20032","2026/06/02",1299,"1 Bed","Apartment"
"4660 Martin Luther King Jr Ave SW, Washington, DC 20032","2026/06/02",1599,"2 Beds","Apartment"
"2385 Rhode Island Ave NE, Washington, DC 20018","2026/06/02",1999,"1 Bed","Apartment"
"2385 Rhode Island Ave NE, Washington, DC 20018","2026/06/02",2399,"2 Beds","Apartment"
"3850 Tunlaw Rd NW, Washington, DC 20007","2026/06/02",1998,"2 Beds","Room"
"820 Southern Ave SE, Washington, DC 20032","2026/06/02",1385,"2 Beds","Apartment"
"820 Southern Ave SE, Washington, DC 20032","2026/06/02",1500,"3 Beds","Apartment"
"2425 17th St NW, Washington, DC 20009","2026/06/02",1600,"Studio","Apartment"
"2425 17th St NW, Washington, DC 20009","2026/06/02",2000,"1 Bed","Apartment"
"2425 17th St NW, Washington, DC 20009","2026/06/02",3000,"2 Beds","Apartment"
"822-852 Barnaby St SE, Washington, DC 20032","2026/06/02",1400,"2 Beds","Apartment"
"822-852 Barnaby St SE, Washington, DC 20032","2026/06/02",1560,"3 Beds","Apartment"
"4801 Connecticut Ave NW, Washington, DC 20008","2026/06/02",1550,"Studio","Apartment"
"4801 Connecticut Ave NW, Washington, DC 20008","2026/06/02",1850,"1 Bed","Apartment"
"4801 Connecticut Ave NW, Washington, DC 20008","2026/06/02",2550,"2 Beds","Apartment"
"599 50th St NE, Washington, DC 20019","2026/06/02",1399,"1 Bed","Apartment"
"599 50th St NE, Washington, DC 20019","2026/06/02",2081,"2 Beds","Apartment"
"1510 Butler St SE, Washington, DC 20020","2026/06/02",1377,"2 Beds","Apartment"
"1510 Butler St SE, Washington, DC 20020","2026/06/02",1667,"3 Beds","Apartment"
"6817 Georgia Ave NW, Washington, DC 20012","2026/06/02",1475,"Studio","Apartment"
"6817 Georgia Ave NW, Washington, DC 20012","2026/06/02",1595,"1 Bed","Apartment"
"6817 Georgia Ave NW, Washington, DC 20012","2026/06/02",1925,"2 Beds","Apartment"
"908-922 Eastern Ave NE, Washington, DC 20019","2026/06/02",1300,"1 Bed","Apartment"
"908-922 Eastern Ave NE, Washington, DC 20019","2026/06/02",1500,"2 Beds","Apartment"
"1811-1815 S St NW, Washington, DC 20009","2026/06/02",1695,"2 Beds","Room"
"305 37th St SE, Washington, DC 20019","2026/06/02",1250,"1 Bed","Apartment"
"305 37th St SE, Washington, DC 20019","2026/06/02",1400,"2 Beds","Apartment"
"1813 35th St NW, Washington, DC 20007","2026/06/02",2475,"1 Bed","Apartment"
"1813 35th St NW, Washington, DC 20007","2026/06/02",2900,"2 Beds","Apartment"
"2106 Vermont Ave NW, Washington, DC 20001","2026/06/02",1639,"2 Beds","Room"
"1441 Harvard St NW, Washington, DC 20009","2026/06/02",1450,"Studio","Apartment"
"1441 Harvard St NW, Washington, DC 20009","2026/06/02",1525,"1 Bed","Apartment"
"1441 Harvard St NW, Washington, DC 20009","2026/06/02",2600,"2 Beds","Apartment"
"1908 Florida Ave NW, Washington, DC 20009","2026/06/02",1801,"2 Beds","Room"
"2416 K St NW, Washington, DC 20037","2026/06/02",2249,"2 Beds","Room"
"1617 14th St NW, Washington, DC 20009","2026/06/02",2200,"Studio","Apartment"
"1617 14th St NW, Washington, DC 20009","2026/06/02",2599,"1 Bed","Apartment"
"1617 14th St NW, Washington, DC 20009","2026/06/02",4100,"2 Beds","Apartment"
"1861 Mintwood Pl NW, Washington, DC 20009","2026/06/02",3550,"2 Beds","Room"
"1627 Lamont St NW, Washington, DC 20010","2026/06/02",1500,"2 Beds","Room"
"1803 Biltmore St NW, Washington, DC 20009","2026/06/02",1632,"Studio","Apartment"
"1803 Biltmore St NW, Washington, DC 20009","2026/06/02",2251,"1 Bed","Apartment"
"1001 3rd St SW, Washington, DC 20024","2026/06/02",1545,"Studio","Apartment"
"1001 3rd St SW, Washington, DC 20024","2026/06/02",1999,"1 Bed","Apartment"
"57 Galveston St SW, Washington, DC 20032","2026/06/02",1199,"1 Bed","Apartment"
"57 Galveston St SW, Washington, DC 20032","2026/06/02",1299,"2 Beds","Apartment"
"5429 Connecticut Ave NW, Washington, DC 20015","2026/06/02",1225,"Studio","Apartment"
"5429 Connecticut Ave NW, Washington, DC 20015","2026/06/02",1399,"1 Bed","Apartment"
"32 Chesapeake St SW, Washington, DC 20032","2026/06/02",1150,"1 Bed","Apartment"
"32 Chesapeake St SW, Washington, DC 20032","2026/06/02",1375,"2 Beds","Apartment"
"2700 Wisconsin Ave NW, Washington, DC 20007","2026/06/02",1300,"Studio","Apartment"
"2700 Wisconsin Ave NW, Washington, DC 20007","2026/06/02",1800,"1 Bed","Apartment"
"2120 16th St NW, Washington, DC 20009","2026/06/02",1645,"Studio","Apartment"
"2120 16th St NW, Washington, DC 20009","2026/06/02",2160,"1 Bed","Apartment"
"118 Galveston St SW, Washington, DC 20032","2026/06/02",1089,"Studio","Apartment"
"118 Galveston St SW, Washington, DC 20032","2026/06/02",1249,"1 Bed","Apartment"
"118 Galveston St SW, Washington, DC 20032","2026/06/02",1907,"3 Beds","Apartment"
"800 Southern Ave SE, Washington, DC 20032","2026/06/02",1275,"1 Bed","Apartment"
"800 Southern Ave SE, Washington, DC 20032","2026/06/02",1575,"2 Beds","Apartment"
"2834 Q St SE, Washington, DC 20020","2026/06/02",1226,"1 Bed","Apartment"
"2834 Q St SE, Washington, DC 20020","2026/06/02",1350,"2 Beds","Apartment"
"3300 6th St SE, Washington, DC 20032","2026/06/02",1149,"Studio","Apartment"
"3300 6th St SE, Washington, DC 20032","2026/06/02",1212,"1 Bed","Apartment"
"3300 6th St SE, Washington, DC 20032","2026/06/02",1340,"2 Beds","Apartment"
"4419 3rd St SE, Washington, DC 20032","2026/06/02",1294,"1 Bed","Apartment"
"4419 3rd St SE, Washington, DC 20032","2026/06/02",1308,"2 Beds","Apartment"
"1126 9th St NW, Washington, DC 20001","2026/06/02",1640,"2 Beds","Room"
"1717 E Capitol St SE, Washington, DC 20003","2026/06/02",1745,"Studio","Apartment"
"1717 E Capitol St SE, Washington, DC 20003","2026/06/02",1935,"1 Bed","Apartment"
"1717 E Capitol St SE, Washington, DC 20003","2026/06/02",2660,"2 Beds","Apartment"
"1631 S St NW, Washington, DC 20009","2026/06/02",1499,"Studio","Apartment"
"1631 S St NW, Washington, DC 20009","2026/06/02",2199,"1 Bed","Apartment"
"1401 N St NW, Washington, DC 20005","2026/06/02",1983,"Studio","Apartment"
"1401 N St NW, Washington, DC 20005","2026/06/02",2350,"1 Bed","Apartment"
"5661 3rd St NE, Washington, DC 20011","2026/06/02",1547,"Studio","Apartment"
"5661 3rd St NE, Washington, DC 20011","2026/06/02",1748,"1 Bed","Apartment"
"5661 3rd St NE, Washington, DC 20011","2026/06/02",2285,"2 Beds","Apartment"
"5455 Western Ave, Washington, DC 20015","2026/06/02",1384,"2 Beds","Room"
"2620 Bowen Rd SE, Washington, DC 20020","2026/06/02",1274,"1 Bed","Apartment"
"2620 Bowen Rd SE, Washington, DC 20020","2026/06/02",1519,"2 Beds","Apartment"
"2620 Bowen Rd SE, Washington, DC 20020","2026/06/02",2173,"3 Beds","Apartment"
"2601 Virginia Ave NW, Washington, DC 20037","2026/06/02",2375,"1 Bed","Apartment"
"2601 Virginia Ave NW, Washington, DC 20037","2026/06/02",2099,"2 Beds","Apartment"
"1631 Euclid St NW, Washington, DC 20009","2026/06/02",2166,"Studio","Apartment"
"1631 Euclid St NW, Washington, DC 20009","2026/06/02",2321,"1 Bed","Apartment"
"1631 Euclid St NW, Washington, DC 20009","2026/06/02",2786,"2 Beds+","Apartment"
"945 52nd St, Washington, DC 20019","2026/06/02",1750,"2 Beds","Apartment"
"945 52nd St, Washington, DC 20019","2026/06/02",1800,"3 Beds","Apartment"
"1415 Rhode Island Ave NW, Washington, DC 20005","2026/06/02",2295,"3 Beds","Room"
"700 Constitution Ave NE, Washington, DC 20002","2026/06/02",1400,"Studio","Apartment"
"700 Constitution Ave NE, Washington, DC 20002","2026/06/02",2000,"1 Bed","Apartment"
"700 Constitution Ave NE, Washington, DC 20002","2026/06/02",3100,"2 Beds","Apartment"
"4212 E Capital St NE, Washington, DC 20019","2026/06/02",1601,"1 Bed","Apartment"
"4212 E Capital St NE, Washington, DC 20019","2026/06/02",1935,"2 Beds","Apartment"
"3534 E Capitol St NE, Washington, DC 20019","2026/06/02",1455,"1 Bed","Apartment"
"3534 E Capitol St NE, Washington, DC 20019","2026/06/02",1737,"2 Beds","Apartment"
"3534 E Capitol St NE, Washington, DC 20019","2026/06/02",2003,"3 Beds","Apartment"
"1616 18th St NW, Washington, DC 20009","2026/06/02",1950,"Studio","Apartment"
"1616 18th St NW, Washington, DC 20009","2026/06/02",2650,"1 Bed","Apartment"
"1815-1831 P St SE, Washington, DC 20020","2026/06/02",925,"1 Bed","Room"
"1709 8th St NW, Washington, DC 20001","2026/06/02",1450,"1 Bed","Apartment"
"1709 8th St NW, Washington, DC 20001","2026/06/02",1750,"2 Beds","Apartment"
"1709 8th St NW, Washington, DC 20001","2026/06/02",1900,"3 Beds","Apartment"
"1754 Lanier Pl NW, Washington, DC 20009","2026/06/02",1550,"Studio","Apartment"
"1754 Lanier Pl NW, Washington, DC 20009","2026/06/02",1700,"1 Bed","Apartment"
"4200 S Capitol St SE, Washington, DC 20032","2026/06/02",1045,"1 Bed","Apartment"
"4200 S Capitol St SE, Washington, DC 20032","2026/06/02",1050,"2 Beds","Apartment"
"3232-3242 13th St SE, Washington, DC 20032","2026/06/02",963,"2 Beds","Apartment"
"3232-3242 13th St SE, Washington, DC 20032","2026/06/02",1114,"3 Beds","Apartment"
"1630 R St NW, Washington, DC 20009","2026/06/02",1699,"Studio","Apartment"
"1630 R St NW, Washington, DC 20009","2026/06/02",2399,"1 Bed","Apartment"
"1630 R St NW, Washington, DC 20009","2026/06/02",3200,"2 Beds","Apartment"
"930 M St NW, Washington, DC 20001","2026/06/02",1850,"1 Bed","Apartment"
"930 M St NW, Washington, DC 20001","2026/06/02",2330,"2 Beds","Apartment"
"2627 Jasper St SE, Washington, DC 20020","2026/06/02",1297,"1 Bed","Apartment"
"2627 Jasper St SE, Washington, DC 20020","2026/06/02",1513,"2 Beds","Apartment"
"4001 S Capitol St, Washington, DC 20032","2026/06/02",810,"Studio","Apartment"
"4001 S Capitol St, Washington, DC 20032","2026/06/02",930,"1 Bed","Apartment"
"4001 S Capitol St, Washington, DC 20032","2026/06/02",1845,"2 Beds+","Apartment"
"2343 Green St SE, Washington, DC 20020","2026/06/02",825,"1 Bed","Apartment"
"2343 Green St SE, Washington, DC 20020","2026/06/02",1100,"2 Beds","Apartment"
"2343 Green St SE, Washington, DC 20020","2026/06/02",1600,"3 Beds","Apartment"
"1436 R St NW, Washington, DC 20009","2026/06/02",1346,"Studio","Apartment"
"1436 R St NW, Washington, DC 20009","2026/06/02",825,"1 Bed","Apartment"
"1436 R St NW, Washington, DC 20009","2026/06/02",1716,"2 Beds+","Apartment"
"1800 N Lynn St, Arlington, VA 22209","2026/06/02",2173,"Studio","Apartment"
"1800 N Lynn St, Arlington, VA 22209","2026/06/02",2646,"1 Bed","Apartment"
"1800 N Lynn St, Arlington, VA 22209","2026/06/02",4274,"2 Beds","Apartment"
"1225 First St, Alexandria, VA 22314","2026/06/02",2421,"Studio","Apartment"
"1225 First St, Alexandria, VA 22314","2026/06/02",2591,"1 Bed","Apartment"
"1225 First St, Alexandria, VA 22314","2026/06/02",3466,"2 Beds","Apartment"
"1501-1505 Crystal Dr, Arlington, VA 22202","2026/06/02",2499,"1 Bed","Apartment"
"1501-1505 Crystal Dr, Arlington, VA 22202","2026/06/02",3244,"2 Beds","Apartment"
"1501-1505 Crystal Dr, Arlington, VA 22202","2026/06/02",5049,"3 Beds","Apartment"
"1100 N Fayette St, Alexandria, VA 22314","2026/06/02",2071,"Studio","Apartment"
"1100 N Fayette St, Alexandria, VA 22314","2026/06/02",2010,"1 Bed","Apartment"
"1100 N Fayette St, Alexandria, VA 22314","2026/06/02",2845,"2 Beds+","Apartment"
"1401 S Joyce St, Arlington, VA 22202","2026/06/02",2239,"Studio","Apartment"
"1401 S Joyce St, Arlington, VA 22202","2026/06/02",2452,"1 Bed","Apartment"
"1401 S Joyce St, Arlington, VA 22202","2026/06/02",2932,"2 Beds","Apartment"
"1701 N Kent St, Arlington, VA 22209","2026/06/02",1755,"Studio","Apartment"
"1701 N Kent St, Arlington, VA 22209","2026/06/02",2455,"1 Bed","Apartment"
"1701 N Kent St, Arlington, VA 22209","2026/06/02",3390,"2 Beds","Apartment"
"1401 N Taft St, Arlington, VA 22201","2026/06/02",2221,"Studio","Apartment"
"1401 N Taft St, Arlington, VA 22201","2026/06/02",2521,"1 Bed","Apartment"
"1401 N Taft St, Arlington, VA 22201","2026/06/02",3846,"2 Beds","Apartment"
"1515 N Queen St, Arlington, VA 22209","2026/06/02",2314,"Studio","Apartment"
"1515 N Queen St, Arlington, VA 22209","2026/06/02",2479,"1 Bed","Apartment"
"1515 N Queen St, Arlington, VA 22209","2026/06/02",3681,"2 Beds","Apartment"
"1800 N Oak St, Arlington, VA 22209","2026/06/02",2239,"Studio","Apartment"
"1800 N Oak St, Arlington, VA 22209","2026/06/02",2700,"1 Bed","Apartment"
"1800 N Oak St, Arlington, VA 22209","2026/06/02",2103,"2 Beds","Apartment"
"1201 S Eads St, Arlington, VA 22202","2026/06/02",1699,"Studio","Apartment"
"1201 S Eads St, Arlington, VA 22202","2026/06/02",1975,"1 Bed","Apartment"
"1201 S Eads St, Arlington, VA 22202","2026/06/02",2399,"2 Beds","Apartment"
NA,NA,NA,NA,NA
"1400 S Joyce St, Arlington, VA 22202","2026/06/02",1645,"Studio","Apartment"
"1400 S Joyce St, Arlington, VA 22202","2026/06/02",1881,"1 Bed","Apartment"
"1400 S Joyce St, Arlington, VA 22202","2026/06/02",2444,"2 Beds+","Apartment"
"1215 Fort Myer Dr, Arlington, VA 22209","2026/06/02",2600,"1 Bed","Apartment"
"1215 Fort Myer Dr, Arlington, VA 22209","2026/06/02",2350,"2 Beds","Apartment"
"929 Bonifant St, Silver Spring, MD 20910","2026/06/02",1699,"2 Beds","Condo"
"8800 Lanier Dr, Silver Spring, MD 20910","2026/06/02",1696,"2 Beds","Apartment"
"8800 Lanier Dr, Silver Spring, MD 20910","2026/06/02",2350,"3 Beds","Apartment"
"2420 16th St N, Arlington, VA 22201","2026/06/02",1800,"3 Beds","Condo"
"1501 N Rhodes St, Arlington, VA 22209","2026/06/02",2000,"3 Beds","Condo"
"1400 E West Hwy, Silver Spring, MD 20910","2026/06/02",1863,"1 Bed","Apartment"
"1400 E West Hwy, Silver Spring, MD 20910","2026/06/02",2211,"2 Beds","Apartment"
"1400 E West Hwy, Silver Spring, MD 20910","2026/06/02",4141,"3 Beds","Apartment"
"1133 East-West Hwy, Silver Spring, MD 20910","2026/06/02",1527,"Studio","Apartment"
"1133 East-West Hwy, Silver Spring, MD 20910","2026/06/02",1718,"1 Bed","Apartment"
"1133 East-West Hwy, Silver Spring, MD 20910","2026/06/02",2448,"2 Beds","Apartment"
"4743 Bradley Blvd, Chevy Chase, MD 20815","2026/06/02",1935,"1 Bed","Apartment"
"4743 Bradley Blvd, Chevy Chase, MD 20815","2026/06/02",2530,"2 Beds","Apartment"
"5105-5113 Southern Ave, Capitol Heights, MD 20743","2026/06/02",1375,"2 Beds","Apartment"
"5105-5113 Southern Ave, Capitol Heights, MD 20743","2026/06/02",1800,"3 Beds","Apartment"
"1970 Rosemary Hills Dr, Silver Spring, MD 20910","2026/06/02",1374,"1 Bed","Apartment"
"1970 Rosemary Hills Dr, Silver Spring, MD 20910","2026/06/02",1549,"2 Beds","Apartment"
"1970 Rosemary Hills Dr, Silver Spring, MD 20910","2026/06/02",2407,"3 Beds","Apartment"
"8616 2nd Ave, Silver Spring, MD 20910","2026/06/02",1938,"Studio","Apartment"
"8616 2nd Ave, Silver Spring, MD 20910","2026/06/02",2026,"1 Bed","Apartment"
"8616 2nd Ave, Silver Spring, MD 20910","2026/06/02",1836,"2 Beds+","Apartment"
"7700 Blair Rd, Takoma Park, MD 20912","2026/06/02",1395,"1 Bed","Apartment"
"7700 Blair Rd, Takoma Park, MD 20912","2026/06/02",1645,"2 Beds","Apartment"
"2602 Langston Blvd, Arlington, VA 22201","2026/06/02",1725,"2 Beds","Condo"
"7517-7521 Blair Rd, Takoma Park, MD 20912","2026/06/02",1475,"1 Bed","Apartment"
"7517-7521 Blair Rd, Takoma Park, MD 20912","2026/06/02",1860,"2 Beds","Apartment"
"702 Chaney Dr, Takoma Park, MD 20912","2026/06/02",1810,"2 Beds","Condo"
"5237 Marlboro Pike, Capitol Heights, MD 20743","2026/06/02",1322,"1 Bed","Apartment"
"5237 Marlboro Pike, Capitol Heights, MD 20743","2026/06/02",1638,"2 Beds","Apartment"
"5237 Marlboro Pike, Capitol Heights, MD 20743","2026/06/02",1890,"3 Beds","Apartment"
"5284 Marlboro Pike, Capitol Heights, MD 20743","2026/06/02",1295,"1 Bed","Apartment"
"5284 Marlboro Pike, Capitol Heights, MD 20743","2026/06/02",1506,"2 Beds","Apartment"
"5284 Marlboro Pike, Capitol Heights, MD 20743","2026/06/02",1715,"3 Beds","Apartment"
"2900 St Clair Dr, Temple Hills, MD 20748","2026/06/02",1260,"1 Bed","Apartment"
"2900 St Clair Dr, Temple Hills, MD 20748","2026/06/02",1425,"2 Beds","Apartment"
"4545 Wheeler Rd, Oxon Hill, MD 20745","2026/06/02",1180,"Studio","Apartment"
"4545 Wheeler Rd, Oxon Hill, MD 20745","2026/06/02",1450,"1 Bed","Apartment"
NA,NA,NA,NA,NA
"1317 Fort Myer Dr, Arlington, VA 22209","2026/06/02",1550,"1 Bed","Condo"
"1525 Elkwood Ln, Capitol Heights, MD 20743","2026/06/02",1049,"1 Bed","Apartment"
"1525 Elkwood Ln, Capitol Heights, MD 20743","2026/06/02",1199,"2 Beds","Apartment"
"2001 N Cleveland St, Arlington, VA 22201","2026/06/02",1033,"1 Bed","Apartment"
"2001 N Cleveland St, Arlington, VA 22201","2026/06/02",1307,"2 Beds","Apartment"
"355 I St SW Unit 355 I St SW #S320 Washington, DC 20024, Washington, DC 20024","2026/06/02",2295,"1 Bed, 1 Bath, 631 sq ft","Condo"
NA,NA,NA,NA,NA
"52 T St NW Unit A, Washington, DC 20001","2026/06/02",5050,"3 Beds, 3.5 Baths, 3,500 sq ft","Townhome"
"3418 R Street NW Unit Upper, Washington, DC 20007","2026/06/02",9700,"3 Beds, 4 Baths, 2,300 sq ft","Townhome"
NA,NA,NA,NA,NA
NA,NA,NA,NA,NA
"1420 N St NW Unit 515, Washington, DC 20005","2026/06/02",1799,"Studio, 1 Bath, 500 sq ft","Townhome"
"1420 N Capitol St NW Unit 102, Washington, DC 20002","2026/06/02",3500,"2 Beds, 2 Baths, 900 sq ft","Townhome"
"5406 Connecticut Ave NW Unit 705, Washington, DC 20015","2026/06/02",1550,"1 Bed, 1 Bath, 567 sq ft","Townhome"
"4910 Sargent Rd NE, Washington, DC 20017","2026/06/02",3300,"3 Beds, 2.5 Baths, 2,400 sq ft","Townhome"
NA,NA,NA,NA,NA
"5003 South Dakota Ave NE Unit A, Washington, DC 20017","2026/06/02",3200,"3 Beds, 2.5 Baths, 1,600 sq ft","Townhome"
"88 V St SW Unit 506, Washington, DC 20024","2026/06/02",3050,"2 Beds, 1.5 Baths, 751 sq ft","Townhome"
"1316 4th St SW, Washington, DC 20024","2026/06/02",5700,"4 Beds, 2 Baths, 1,800 sq ft","Townhome"
"1301 Delaware Ave SW Unit River Park, Washington, DC 20024","2026/06/02",1995,"Studio, 1 Bath, 600 sq ft","Townhome"
"3 Tingey Sq SE, Washington, DC 20003","2026/06/02",2510,"Studio, 1 Bath, 600 sq ft","Townhome"
NA,NA,NA,NA,NA
"1845 Burke St SE, Washington, DC 20003","2026/06/02",1510,"Studio, 1 Bath, 600 sq ft","Townhome"
"1835 Mintwood Pl NW, Washington, DC 20009","2026/06/02",1560,"Studio, 1 Bath, 600 sq ft","Townhome"
"2401 H St NW Unit 803, Washington, DC 20037","2026/06/02",2850,"1 Bed, 1 Bath, 628 sq ft","Townhome"
"1638 15th St NW Unit TopFloor, Washington, DC 20009","2026/06/02",3650,"1 Bed, 1 Bath, 980 sq ft","Townhome"
"3518 10th St NW, Washington, DC 20010","2026/06/02",855,"1 Bed, 1 Bath, 980 sq ft","Townhome"
"2235 Quincy St NE, Washington, DC 20018","2026/06/02",815,"1 Bed, 1 Bath, 980 sq ft","Townhome"
"1815 Vernon St NW, Washington, DC 20009","2026/06/02",890,"1 Bed, 1 Bath, 980 sq ft","Townhome"
"302 19th St NE, Washington, DC 20002","2026/06/02",715,"1 Bed, 1 Bath, 980 sq ft","Townhome"
"1573 N Colonial Ter Unit 301, Arlington, VA 22209","2026/06/02",2850,"2 Beds, 1 Bath, 850 sq ft","Townhome"
"1730 Arlington Blvd Unit 307, Arlington, VA 22209","2026/06/02",1895,"1 Bed, 1 Bath, 704 sq ft","Townhome"
NA,NA,NA,NA,NA
NA,NA,NA,NA,NA
NA,NA,NA,NA,NA
"1300 S Arlington Ridge Rd Unit 103, Arlington, VA 22202","2026/06/02",2100,"1 Bed, 1 Bath, 705 sq ft","Townhome"
NA,NA,NA,NA,NA
NA,NA,NA,NA,NA
NA,NA,NA,NA,NA
"67 W St NW, Washington, DC 20001","2026/06/02",4900,"4 Beds, 3.5 Baths, 2,600 sq ft","Townhome"
"3855 Rodman St NW Unit #F48, Washington, DC 20016","2026/06/02",2950,"1 Bed, 1 Bath, 1,189 sq ft","Townhome"
"4000 Tunlaw Rd NW Unit 312, Washington, DC 20007","2026/06/02",2450,"1 Bed, 1 Bath, 809 sq ft","Townhome"
"416 Division Ave NE, Washington, DC 20019","2026/06/02",2800,"3 Beds, 1.5 Baths, 1,200 sq ft","Townhome"
"2948 Albemarle St NW Unit 1, Washington, DC 20008","2026/06/02",3100,"1 Bed, 1 Bath, 1,068 sq ft","Townhome"
"1854 Mintwood Pl NW Unit #1, Washington, DC 20009","2026/06/02",3800,"2 Beds, 2 Baths, 797 sq ft","Townhome"
"3113 38th St NW Unit Cathedral Heights, Washington, DC 20016","2026/06/02",2200,"1 Bed, 1 Bath, 1,000 sq ft","Apartment"
"730 24th St NW Unit 730, Washington, DC 20037","2026/06/02",2800,"1 Bed, 1 Bath, 740 sq ft","Apartment"
"817 6th St NW Unit B, Washington, DC 20001","2026/06/02",3000,"2 Beds, 2 Baths, 1,100 sq ft","Apartment"
"4939 Call Pl SE Unit 1, Washington, DC 20019","2026/06/02",2800,"2 Beds, 1 Bath, 1,100 sq ft","Apartment"
"4004 Beecher St NW Unit 301, Washington, DC 20007","2026/06/02",2235,"1 Bed, 1 Bath, 500 sq ft","Apartment"
"4600 Kenmore Dr NW Unit Private Apartment, Washington, DC 20007","2026/06/02",3250,"1 Bed, 1.5 Baths, 1,042 sq ft","Apartment"
"600 Q St NW Unit B, Washington, DC 20001","2026/06/02",2200,"1 Bed, 1 Bath, 840 sq ft","Apartment"
"1425 4th St SW Unit A317, Washington, DC 20024","2026/06/02",2125,"Studio, 1 Bath, 550 sq ft","Apartment"
"3107 Madison St, Hyattsville, MD 20782","2026/06/02",1800,"2 Beds, 1 Bath, 750 sq ft","Apartment"
"3000 Spout Run Pkwy, Arlington, VA 22201","2026/06/02",2000,"1 Bed, 1 Bath, 759 sq ft","Apartment"
"2430 Iverson St, Temple Hills, MD 20748","2026/06/02",1750,"2 Beds, 1 Bath, 768 sq ft","Apartment"
"4312-4314 Georgia Ave NW, Washington, DC 20011","2026/06/02",1950,"Georgia Flats","Apartment"
NA,NA,NA,NA,NA
"4582 Macarthur Blvd NW, Washington, DC 20007","2026/06/02",1725,"Morrisanne Apartments","Apartment"
"2509 10th St NE, Washington, DC 20018","2026/06/02",935,"2509 10th St NE","Apartment"
"3004 Langston Blvd, Arlington, VA 22201","2026/06/02",2150,"1 Bed","Apartment"
"3004 Langston Blvd, Arlington, VA 22201","2026/06/02",2650,"2 Beds","Apartment"
"506 Easley St, Silver Spring, MD 20910","2026/06/02",1485,"1 Bed","Apartment"
"506 Easley St, Silver Spring, MD 20910","2026/06/02",1800,"2 Beds","Apartment"
"601 Edgewood St NE, Washington, DC 20017","2026/06/02",1875,"Studio","Apartment"
"601 Edgewood St NE, Washington, DC 20017","2026/06/02",1677,"1 Bed","Apartment"
"601 Edgewood St NE, Washington, DC 20017","2026/06/02",1985,"2 Beds","Apartment"
"1400 20th St NW, Washington, DC 20036","2026/06/02",1999,"Studio","Apartment"
"1400 20th St NW, Washington, DC 20036","2026/06/02",2675,"1 Bed","Apartment"
"1400 20th St NW, Washington, DC 20036","2026/06/02",3699,"2 Beds","Apartment"
"506 Longfellow St NW, Washington, DC 20011","2026/06/02",1350,"Studio","Apartment"
"506 Longfellow St NW, Washington, DC 20011","2026/06/02",1299,"1 Bed","Apartment"
"506 Longfellow St NW, Washington, DC 20011","2026/06/02",1750,"2 Beds","Apartment"
"2323 Pennsylvania Ave SE, Washington, DC 20020","2026/06/02",1781,"Unit 1-304 at The Grays on Pennsylvania","Apartment"
"1777 Columbia Rd NW, Washington, DC 20009","2026/06/02",2283,"Unit 524 at AdMo Heights","Apartment"
"2228 Martin Luther King Jr Ave SE, Washington, DC 20020","2026/06/02",1795,"Unit 1-423 at Maple View Flats","Apartment"
NA,NA,NA,NA,NA
NA,NA,NA,NA,NA
NA,NA,NA,NA,NA
NA,NA,NA,NA,NA
"2300 Marion Barry Ave SE, Washington, DC 20020","2026/06/02",1083,"Unit 302 at Langston Views","Apartment"
"1234 Massachusetts Ave NW, Washington, DC 20005","2026/06/02",1650,"Unit 0128 at Zen Apollo","Apartment"
"1200 14th St NW, Washington, DC 20005","2026/06/02",3943,"Unit N/A-0318 at Andover House","Apartment"
"1301 M St NW, Washington, DC 20005","2026/06/02",4695,"Unit N/A-1023 at 1301 Thomas Circle","Apartment"
"301 M St SW, Washington, DC 20024","2026/06/02",3039,"Unit 0901 at Artline Apartments","Apartment"
"2800 Quebec St NW, Washington, DC 20008","2026/06/02",2160,"Unit N-0122 at Quebec House Apartments","Apartment"
"1255 25th St NW, Washington, DC 20037","2026/06/02",3478,"Unit 550324 at WestEnd25","Apartment"
"2 M St NE, Washington, DC 20002","2026/06/02",1600,"Unit 1230 at Affinity at 2M","Apartment"
"907 6th St SW, Washington, DC 20024","2026/06/02",2325,"Unit N/A-608B at Waterside Towers","Apartment"
"4201 Massachusetts Ave NW, Washington, DC 20016","2026/06/02",1395,"Unit A187 at The Berkshire Apartments","Apartment"
