"Address","Date","Rent","Aprt_Type","Building_Type"
"2650 Woodley Rd NW, Washington, DC 20008","2026/07/07",3967,"1 Bed","Apartment"
"2650 Woodley Rd NW, Washington, DC 20008","2026/07/07",5167,"2 Beds","Apartment"
"2650 Woodley Rd NW, Washington, DC 20008","2026/07/07",7662,"3 Beds","Apartment"
"800 Kenilworth Ave NE, Washington, DC 20019","2026/07/07",2130,"3 Beds",NA
"2323 Pennsylvania Ave SE, Washington, DC 20020","2026/07/07",1781,"3 Beds",NA
"1777 Columbia Rd NW, Washington, DC 20009","2026/07/07",1985,"Studio","Apartment"
"1777 Columbia Rd NW, Washington, DC 20009","2026/07/07",2396,"1 Bed","Apartment"
"2228 Martin Luther King Jr Ave SE, Washington, DC 20020","2026/07/07",1784,"1 Bed",NA
"8750 Georgia Ave, Silver Spring, MD 20910","2026/07/07",1250,"Studio","Apartment"
"8750 Georgia Ave, Silver Spring, MD 20910","2026/07/07",1650,"1 Bed","Apartment"
"8750 Georgia Ave, Silver Spring, MD 20910","2026/07/07",2100,"2 Beds","Apartment"
"3636 16th St NW, Washington, DC 20010","2026/07/07",1248,"Studio","Apartment"
"3636 16th St NW, Washington, DC 20010","2026/07/07",1990,"1 Bed","Apartment"
"443 New York Ave NW, Washington, DC 20001","2026/07/07",2127,"Studio","Apartment"
"443 New York Ave NW, Washington, DC 20001","2026/07/07",2325,"1 Bed","Apartment"
"443 New York Ave NW, Washington, DC 20001","2026/07/07",3322,"2 Beds","Apartment"
"44 Banner Ln, Washington, DC 20001","2026/07/07",1708,"Studio","Apartment"
"44 Banner Ln, Washington, DC 20001","2026/07/07",1782,"1 Bed","Apartment"
"44 Banner Ln, Washington, DC 20001","2026/07/07",2611,"2 Beds","Apartment"
"4000 Wisconsin Ave NW, Washington, DC 20016","2026/07/07",2416,"1 Bed","Apartment"
"4000 Wisconsin Ave NW, Washington, DC 20016","2026/07/07",3605,"2 Beds","Apartment"
"4000 Wisconsin Ave NW, Washington, DC 20016","2026/07/07",8995,"3 Beds","Apartment"
"300 12th St SW, Washington, DC 20024","2026/07/07",2031,"Studio","Apartment"
"300 12th St SW, Washington, DC 20024","2026/07/07",2614,"1 Bed","Apartment"
"300 12th St SW, Washington, DC 20024","2026/07/07",4063,"2 Beds+","Apartment"
"7 M St NE, Washington, DC 20002","2026/07/07",1530,"Studio","Apartment"
"7 M St NE, Washington, DC 20002","2026/07/07",1737,"1 Bed","Apartment"
"7 M St NE, Washington, DC 20002","2026/07/07",1909,"2 Beds+","Apartment"
"113 Potomac Ave SW, Washington, DC 20024","2026/07/07",2131,"Studio","Apartment"
"113 Potomac Ave SW, Washington, DC 20024","2026/07/07",2315,"1 Bed","Apartment"
"113 Potomac Ave SW, Washington, DC 20024","2026/07/07",3020,"2 Beds+","Apartment"
"1100 Dahlia St NW, Washington, DC 20012","2026/07/07",1835,"Studio","Apartment"
"1100 Dahlia St NW, Washington, DC 20012","2026/07/07",1868,"1 Bed","Apartment"
"1100 Dahlia St NW, Washington, DC 20012","2026/07/07",2667,"2 Beds","Apartment"
"6830-6896 Laurel St NW, Washington, DC 20012","2026/07/07",1420,"Studio","Apartment"
"6830-6896 Laurel St NW, Washington, DC 20012","2026/07/07",1510,"1 Bed","Apartment"
"6830-6896 Laurel St NW, Washington, DC 20012","2026/07/07",1510,"2 Beds","Apartment"
"600 Howard Rd SE, Washington, DC 20020","2026/07/07",1942,"Studio","Apartment"
"600 Howard Rd SE, Washington, DC 20020","2026/07/07",2480,"1 Bed","Apartment"
"600 Howard Rd SE, Washington, DC 20020","2026/07/07",4214,"2 Beds","Apartment"
"650 Howard Rd SE, Washington, DC 20020","2026/07/07",1838,"Studio","Apartment"
"650 Howard Rd SE, Washington, DC 20020","2026/07/07",2554,"1 Bed","Apartment"
"650 Howard Rd SE, Washington, DC 20020","2026/07/07",4374,"2 Beds","Apartment"
"2601 Calvert St NW, Washington, DC 20008","2026/07/07",2438,"Studio","Apartment"
"2601 Calvert St NW, Washington, DC 20008","2026/07/07",2747,"1 Bed","Apartment"
"2601 Calvert St NW, Washington, DC 20008","2026/07/07",4432,"2 Beds+","Apartment"
"733 15th St NW, Washington, DC 20005","2026/07/07",2560,"Studio","Apartment"
"733 15th St NW, Washington, DC 20005","2026/07/07",2810,"1 Bed","Apartment"
"733 15th St NW, Washington, DC 20005","2026/07/07",4010,"2 Beds","Apartment"
"2730 Wisconsin Ave NW, Washington, DC 20007","2026/07/07",2075,"1 Bed","Apartment"
"2730 Wisconsin Ave NW, Washington, DC 20007","2026/07/07",2700,"2 Beds","Apartment"
"2730 Wisconsin Ave NW, Washington, DC 20007","2026/07/07",4795,"3 Beds","Apartment"
"4000 Massachusetts Ave NW, Washington, DC 20016","2026/07/07",1400,"Studio","Apartment"
"4000 Massachusetts Ave NW, Washington, DC 20016","2026/07/07",1700,"1 Bed","Apartment"
"4000 Massachusetts Ave NW, Washington, DC 20016","2026/07/07",2350,"2 Beds","Apartment"
NA,NA,NA,NA,NA
"2400 14th St NW, Washington, DC 20009","2026/07/07",2162,"Studio","Apartment"
"2400 14th St NW, Washington, DC 20009","2026/07/07",2433,"1 Bed","Apartment"
"2400 14th St NW, Washington, DC 20009","2026/07/07",3998,"2 Beds","Apartment"
"1445 P St NW, Washington, DC 20005","2026/07/07",2290,"Studio","Apartment"
"1445 P St NW, Washington, DC 20005","2026/07/07",4200,"2 Beds","Apartment"
"2300 Marion Barry Ave SE, Washington, DC 20020","2026/07/07",950,"1 Bed","Apartment"
"2300 Marion Barry Ave SE, Washington, DC 20020","2026/07/07",1320,"2 Beds","Apartment"
"1234 Massachusetts Ave NW, Washington, DC 20005","2026/07/07",1595,"Studio","Apartment"
"1234 Massachusetts Ave NW, Washington, DC 20005","2026/07/07",1900,"1 Bed","Apartment"
"1234 Massachusetts Ave NW, Washington, DC 20005","2026/07/07",3500,"2 Beds","Apartment"
"1 Florida Ave NE, Washington, DC 20002","2026/07/07",1786,"Studio","Apartment"
"1 Florida Ave NE, Washington, DC 20002","2026/07/07",2030,"1 Bed","Apartment"
"1 Florida Ave NE, Washington, DC 20002","2026/07/07",2867,"2 Beds","Apartment"
"1200 14th St NW, Washington, DC 20005","2026/07/07",2082,"Studio","Apartment"
"1200 14th St NW, Washington, DC 20005","2026/07/07",2788,"1 Bed","Apartment"
"1200 14th St NW, Washington, DC 20005","2026/07/07",4895,"2 Beds","Apartment"
"1101 Euclid St NW, Washington, DC 20009","2026/07/07",2800,"1 Bed","Apartment"
"1101 Euclid St NW, Washington, DC 20009","2026/07/07",2675,"2 Beds","Apartment"
"1101 Euclid St NW, Washington, DC 20009","2026/07/07",3375,"3 Beds","Apartment"
"2303 14th St NW, Washington, DC 20009","2026/07/07",1976,"Studio","Apartment"
"2303 14th St NW, Washington, DC 20009","2026/07/07",2154,"1 Bed","Apartment"
"1301 M St NW, Washington, DC 20005","2026/07/07",2885,"1 Bed","Apartment"
"1301 M St NW, Washington, DC 20005","2026/07/07",3920,"2 Beds","Apartment"
"1301 M St NW, Washington, DC 20005","2026/07/07",6020,"3 Beds","Apartment"
"301 M St SW, Washington, DC 20024","2026/07/07",1858,"Studio","Apartment"
"301 M St SW, Washington, DC 20024","2026/07/07",2140,"1 Bed","Apartment"
"301 M St SW, Washington, DC 20024","2026/07/07",2655,"2 Beds","Apartment"
"2800 Quebec St NW, Washington, DC 20008","2026/07/07",1626,"Studio","Apartment"
"2800 Quebec St NW, Washington, DC 20008","2026/07/07",1726,"1 Bed","Apartment"
"1255 25th St NW, Washington, DC 20037","2026/07/07",2460,"Studio","Apartment"
"1255 25th St NW, Washington, DC 20037","2026/07/07",3145,"1 Bed","Apartment"
"1255 25th St NW, Washington, DC 20037","2026/07/07",6089,"2 Beds","Apartment"
"2400 Virginia Ave NW, Washington, DC 20037","2026/07/07",2316,"Studio","Apartment"
"2400 Virginia Ave NW, Washington, DC 20037","2026/07/07",2395,"1 Bed","Apartment"
"2400 Virginia Ave NW, Washington, DC 20037","2026/07/07",4213,"2 Beds","Apartment"
"2 M St NE, Washington, DC 20002","2026/07/07",1600,"Studio","Apartment"
"2 M St NE, Washington, DC 20002","2026/07/07",1899,"1 Bed","Apartment"
"2 M St NE, Washington, DC 20002","2026/07/07",3100,"2 Beds","Apartment"
"907 6th St SW, Washington, DC 20024","2026/07/07",1793,"Studio","Apartment"
"907 6th St SW, Washington, DC 20024","2026/07/07",1847,"1 Bed","Apartment"
"907 6th St SW, Washington, DC 20024","2026/07/07",2543,"2 Beds","Apartment"
"4201 Massachusetts Ave NW, Washington, DC 20016","2026/07/07",1550,"Studio","Apartment"
"4201 Massachusetts Ave NW, Washington, DC 20016","2026/07/07",1840,"1 Bed","Apartment"
"4201 Massachusetts Ave NW, Washington, DC 20016","2026/07/07",3350,"2 Beds+","Apartment"
"1845 Summit Pl NW, Washington, DC 20009","2026/07/07",1588,"Studio","Apartment"
"1845 Summit Pl NW, Washington, DC 20009","2026/07/07",1920,"1 Bed","Apartment"
"1845 Summit Pl NW, Washington, DC 20009","2026/07/07",2760,"2 Beds","Apartment"
"440 Penn St NE, Washington, DC 20002","2026/07/07",2249,"1 Bed","Apartment"
"440 Penn St NE, Washington, DC 20002","2026/07/07",3597,"2 Beds","Apartment"
"440 Penn St NE, Washington, DC 20002","2026/07/07",5784,"3 Beds","Apartment"
"1701 H St NE, Washington, DC 20002","2026/07/07",1599,"Studio","Apartment"
"1701 H St NE, Washington, DC 20002","2026/07/07",1846,"1 Bed","Apartment"
"1701 H St NE, Washington, DC 20002","2026/07/07",3182,"2 Beds","Apartment"
"1700 H St NE, Washington, DC 20002","2026/07/07",1725,"Studio","Apartment"
"1700 H St NE, Washington, DC 20002","2026/07/07",2000,"1 Bed","Apartment"
"1700 H St NE, Washington, DC 20002","2026/07/07",2875,"2 Beds","Apartment"
"2121 Ward Pl NW, Washington, DC 20037","2026/07/07",5250,"2 Beds",NA
"3427 Wisconsin Ave NW, Washington, DC 20016","2026/07/07",9000,"2 Beds","Apartment"
"3427 Wisconsin Ave NW, Washington, DC 20016","2026/07/07",8250,"3 Beds","Apartment"
"801 15th St S, Arlington, VA 22202","2026/07/07",1980,"Studio","Apartment"
"801 15th St S, Arlington, VA 22202","2026/07/07",1963,"1 Bed","Apartment"
"801 15th St S, Arlington, VA 22202","2026/07/07",2685,"2 Beds","Apartment"
"1600 S Eads St, Arlington, VA 22202","2026/07/07",1999,"Studio","Apartment"
"1600 S Eads St, Arlington, VA 22202","2026/07/07",2431,"1 Bed","Apartment"
"1600 S Eads St, Arlington, VA 22202","2026/07/07",2902,"2 Beds+","Apartment"
"5443 16th Ave, Hyattsville, MD 20782","2026/07/07",1315,"1 Bed","Apartment"
"5443 16th Ave, Hyattsville, MD 20782","2026/07/07",1583,"2 Beds","Apartment"
"5443 16th Ave, Hyattsville, MD 20782","2026/07/07",1901,"3 Beds","Apartment"
"1425 S Eads St, Arlington, VA 22202","2026/07/07",2454,"1 Bed","Apartment"
"1425 S Eads St, Arlington, VA 22202","2026/07/07",2801,"2 Beds","Apartment"
"1221-1331 S Eads St, Arlington, VA 22202","2026/07/07",2146,"Studio","Apartment"
"1221-1331 S Eads St, Arlington, VA 22202","2026/07/07",2403,"1 Bed","Apartment"
"1221-1331 S Eads St, Arlington, VA 22202","2026/07/07",2881,"2 Beds","Apartment"
"1215 N Fayette St, Alexandria, VA 22314","2026/07/07",2390,"1 Bed","Apartment"
"1215 N Fayette St, Alexandria, VA 22314","2026/07/07",3595,"2 Beds","Apartment"
"1055 N Fairfax St, Alexandria, VA 22314","2026/07/07",2492,"1 Bed","Apartment"
"1055 N Fairfax St, Alexandria, VA 22314","2026/07/07",4922,"2 Beds","Apartment"
"1055 N Fairfax St, Alexandria, VA 22314","2026/07/07",5091,"3 Beds","Apartment"
"180 High Park Ln, Silver Spring, MD 20910","2026/07/07",2482,"1 Bed","Apartment"
"180 High Park Ln, Silver Spring, MD 20910","2026/07/07",3087,"2 Beds","Apartment"
"180 High Park Ln, Silver Spring, MD 20910","2026/07/07",4377,"3 Beds","Apartment"
"1401 Blair Mill Rd, Silver Spring, MD 20910","2026/07/07",1416,"Studio","Apartment"
"1401 Blair Mill Rd, Silver Spring, MD 20910","2026/07/07",1695,"1 Bed","Apartment"
"1401 Blair Mill Rd, Silver Spring, MD 20910","2026/07/07",2133,"2 Beds+","Apartment"
"5400 Livingston Rd, Oxon Hill, MD 20745","2026/07/07",1325,"1 Bed","Apartment"
"5400 Livingston Rd, Oxon Hill, MD 20745","2026/07/07",1643,"2 Beds","Apartment"
"5400 Livingston Rd, Oxon Hill, MD 20745","2026/07/07",1848,"3 Beds","Apartment"
"801-901 H St NE, Washington, DC 20002","2026/07/07",1775,"Studio","Apartment"
"801-901 H St NE, Washington, DC 20002","2026/07/07",2035,"1 Bed","Apartment"
"801-901 H St NE, Washington, DC 20002","2026/07/07",2635,"2 Beds","Apartment"
"35 E St NW, Washington, DC 20001","2026/07/07",1475,"Studio","Apartment"
"35 E St NW, Washington, DC 20001","2026/07/07",2123,"1 Bed","Apartment"
"2512 Q St, Washington, DC 20007","2026/07/07",2147,"Studio","Apartment"
"2512 Q St, Washington, DC 20007","2026/07/07",2165,"1 Bed","Apartment"
"2512 Q St, Washington, DC 20007","2026/07/07",3644,"2 Beds","Apartment"
NA,NA,NA,NA,NA
"1100 1st St SE, Washington, DC 20003","2026/07/07",1812,"Studio","Apartment"
"1100 1st St SE, Washington, DC 20003","2026/07/07",1929,"1 Bed","Apartment"
"1100 1st St SE, Washington, DC 20003","2026/07/07",2528,"2 Beds","Apartment"
"1160 1st St NE, Washington, DC 20002","2026/07/07",1983,"Studio","Apartment"
"1160 1st St NE, Washington, DC 20002","2026/07/07",2433,"1 Bed","Apartment"
"1160 1st St NE, Washington, DC 20002","2026/07/07",2718,"2 Beds","Apartment"
"701 2nd St NE, Washington, DC 20002","2026/07/07",2390,"Studio","Apartment"
"701 2nd St NE, Washington, DC 20002","2026/07/07",2299,"1 Bed","Apartment"
"701 2nd St NE, Washington, DC 20002","2026/07/07",3466,"2 Beds","Apartment"
"1111 New Jersey Ave SE, Washington, DC 20003","2026/07/07",1870,"Studio","Apartment"
"1111 New Jersey Ave SE, Washington, DC 20003","2026/07/07",2120,"1 Bed","Apartment"
"1111 New Jersey Ave SE, Washington, DC 20003","2026/07/07",3440,"2 Beds","Apartment"
"64 H St SW, Washington, DC 20024","2026/07/07",1848,"Studio","Apartment"
"64 H St SW, Washington, DC 20024","2026/07/07",2098,"1 Bed","Apartment"
"64 H St SW, Washington, DC 20024","2026/07/07",2866,"2 Beds+","Apartment"
"625 Monroe St NE, Washington, DC 20017","2026/07/07",1995,"Studio","Apartment"
"625 Monroe St NE, Washington, DC 20017","2026/07/07",2137,"1 Bed","Apartment"
"625 Monroe St NE, Washington, DC 20017","2026/07/07",3239,"2 Beds","Apartment"
"4849 Connecticut Ave NW, Washington, DC 20008","2026/07/07",1569,"Studio","Apartment"
"4849 Connecticut Ave NW, Washington, DC 20008","2026/07/07",1809,"1 Bed","Apartment"
"4849 Connecticut Ave NW, Washington, DC 20008","2026/07/07",2799,"2 Beds","Apartment"
"77 H St NW, Washington, DC 20001","2026/07/07",2233,"Studio","Apartment"
"77 H St NW, Washington, DC 20001","2026/07/07",2408,"1 Bed","Apartment"
"77 H St NW, Washington, DC 20001","2026/07/07",3228,"2 Beds","Apartment"
"1011 4th St NW, Washington, DC 20001","2026/07/07",1853,"Studio","Apartment"
"1011 4th St NW, Washington, DC 20001","2026/07/07",2298,"1 Bed","Apartment"
"1011 4th St NW, Washington, DC 20001","2026/07/07",3769,"2 Beds","Apartment"
"625 H St NE, Washington, DC 20002","2026/07/07",1978,"Studio","Apartment"
"625 H St NE, Washington, DC 20002","2026/07/07",2210,"1 Bed","Apartment"
"625 H St NE, Washington, DC 20002","2026/07/07",3060,"2 Beds","Apartment"
"1326 Florida Ave NE, Washington, DC 20002","2026/07/07",1300,"Studio","Apartment"
"1326 Florida Ave NE, Washington, DC 20002","2026/07/07",1585,"1 Bed","Apartment"
"1326 Florida Ave NE, Washington, DC 20002","2026/07/07",1995,"2 Beds","Apartment"
"600 H St NE, Washington, DC 20002","2026/07/07",1756,"Studio","Apartment"
"600 H St NE, Washington, DC 20002","2026/07/07",2036,"1 Bed","Apartment"
"600 H St NE, Washington, DC 20002","2026/07/07",3507,"2 Beds+","Apartment"
"2901 Connecticut Ave NW, Washington, DC 20008","2026/07/07",1609,"Studio","Apartment"
"2901 Connecticut Ave NW, Washington, DC 20008","2026/07/07",1699,"1 Bed","Apartment"
"2901 Connecticut Ave NW, Washington, DC 20008","2026/07/07",2335,"2 Beds","Apartment"
"1920-1934 14Th St NW, Washington, DC 20009","2026/07/07",2276,"Studio","Apartment"
"1920-1934 14Th St NW, Washington, DC 20009","2026/07/07",2669,"1 Bed","Apartment"
"1920-1934 14Th St NW, Washington, DC 20009","2026/07/07",4012,"2 Beds","Apartment"
"1676 Maryland Ave NE, Washington, DC 20002","2026/07/07",1311,"Studio","Apartment"
"1676 Maryland Ave NE, Washington, DC 20002","2026/07/07",1254,"1 Bed","Apartment"
"1676 Maryland Ave NE, Washington, DC 20002","2026/07/07",2003,"2 Beds","Apartment"
"1315 W St NW, Washington, DC 20009","2026/07/07",1966,"Studio","Apartment"
"1315 W St NW, Washington, DC 20009","2026/07/07",2539,"1 Bed","Apartment"
"1315 W St NW, Washington, DC 20009","2026/07/07",3640,"2 Beds","Apartment"
"3401 38th St NW, Washington, DC 20016","2026/07/07",1819,"Studio","Apartment"
"3401 38th St NW, Washington, DC 20016","2026/07/07",2316,"1 Bed","Apartment"
"3401 38th St NW, Washington, DC 20016","2026/07/07",3156,"2 Beds","Apartment"
"70 I St SE, Washington, DC 20003","2026/07/07",1718,"Studio","Apartment"
"70 I St SE, Washington, DC 20003","2026/07/07",1812,"1 Bed","Apartment"
"70 I St SE, Washington, DC 20003","2026/07/07",2862,"2 Beds","Apartment"
"82 I St SE, Washington, DC 20003","2026/07/07",1918,"Studio","Apartment"
"82 I St SE, Washington, DC 20003","2026/07/07",2080,"1 Bed","Apartment"
"2201 N St, Washington, DC 20037","2026/07/07",2328,"Studio","Apartment"
"2201 N St, Washington, DC 20037","2026/07/07",2844,"1 Bed","Apartment"
"2201 N St, Washington, DC 20037","2026/07/07",4611,"2 Beds","Apartment"
"3201 Wisconsin Ave NW, Washington, DC 20016","2026/07/07",1499,"Studio","Apartment"
"3201 Wisconsin Ave NW, Washington, DC 20016","2026/07/07",1699,"1 Bed","Apartment"
"3201 Wisconsin Ave NW, Washington, DC 20016","2026/07/07",3450,"2 Beds","Apartment"
"51 M St NE, Washington, DC 20002","2026/07/07",1973,"Studio","Apartment"
"51 M St NE, Washington, DC 20002","2026/07/07",2199,"1 Bed","Apartment"
"51 M St NE, Washington, DC 20002","2026/07/07",3238,"2 Beds+","Apartment"
"900 7th St SW, Washington, DC 20024","2026/07/07",1759,"Studio","Apartment"
"900 7th St SW, Washington, DC 20024","2026/07/07",2257,"1 Bed","Apartment"
"900 7th St SW, Washington, DC 20024","2026/07/07",5749,"2 Beds","Apartment"
"1250 Half St SE, Washington, DC 20003","2026/07/07",1766,"Studio","Apartment"
"1250 Half St SE, Washington, DC 20003","2026/07/07",2112,"1 Bed","Apartment"
"1250 Half St SE, Washington, DC 20003","2026/07/07",2582,"2 Beds","Apartment"
"465 M St SW, Washington, DC 20024","2026/07/07",1688,"Studio","Apartment"
"465 M St SW, Washington, DC 20024","2026/07/07",2005,"1 Bed","Apartment"
"465 M St SW, Washington, DC 20024","2026/07/07",3423,"2 Beds","Apartment"
"1900 Half St SW, Washington, DC 20002","2026/07/07",1379,"Studio","Apartment"
"1900 Half St SW, Washington, DC 20002","2026/07/07",1827,"1 Bed","Apartment"
"1900 Half St SW, Washington, DC 20002","2026/07/07",2829,"2 Beds+","Apartment"
"949 First St SE, Washington, DC 20003","2026/07/07",1885,"Studio","Apartment"
"949 First St SE, Washington, DC 20003","2026/07/07",2038,"1 Bed","Apartment"
"949 First St SE, Washington, DC 20003","2026/07/07",3644,"2 Beds+","Apartment"
"331 N St NE, Washington, DC 20002","2026/07/07",2071,"Studio","Apartment"
"331 N St NE, Washington, DC 20002","2026/07/07",2133,"1 Bed","Apartment"
"331 N St NE, Washington, DC 20002","2026/07/07",3055,"2 Beds","Apartment"
"1501 Harry Thomas Way NE, Washington, DC 20002","2026/07/07",1819,"Studio","Apartment"
"1501 Harry Thomas Way NE, Washington, DC 20002","2026/07/07",2014,"1 Bed","Apartment"
"1501 Harry Thomas Way NE, Washington, DC 20002","2026/07/07",2911,"2 Beds","Apartment"
"1240 3rd St NE, Washington, DC 20002","2026/07/07",1810,"Studio","Apartment"
"1240 3rd St NE, Washington, DC 20002","2026/07/07",2233,"1 Bed","Apartment"
"1240 3rd St NE, Washington, DC 20002","2026/07/07",3842,"2 Beds","Apartment"
"2607 Reed St NE, Washington, DC 20018","2026/07/07",1646,"Studio","Apartment"
"2607 Reed St NE, Washington, DC 20018","2026/07/07",1920,"1 Bed","Apartment"
"2607 Reed St NE, Washington, DC 20018","2026/07/07",2698,"2 Beds","Apartment"
"350 Maple Dr SW, Washington, DC 20024","2026/07/07",1889,"Studio","Apartment"
"350 Maple Dr SW, Washington, DC 20024","2026/07/07",2245,"1 Bed","Apartment"
"350 Maple Dr SW, Washington, DC 20024","2026/07/07",3428,"2 Beds","Apartment"
"202 Florida Ave NE, Washington, DC 20002","2026/07/07",1963,"Studio","Apartment"
"202 Florida Ave NE, Washington, DC 20002","2026/07/07",2336,"1 Bed","Apartment"
"202 Florida Ave NE, Washington, DC 20002","2026/07/07",3330,"2 Beds","Apartment"
"20 Ridge Square NW, Washington, DC 20016","2026/07/07",2828,"1 Bed","Apartment"
"20 Ridge Square NW, Washington, DC 20016","2026/07/07",3331,"2 Beds","Apartment"
"20 Ridge Square NW, Washington, DC 20016","2026/07/07",10173,"3 Beds","Apartment"
"40 Patterson St NE, Washington, DC 20002","2026/07/07",1947,"Studio","Apartment"
"40 Patterson St NE, Washington, DC 20002","2026/07/07",2225,"1 Bed","Apartment"
"40 Patterson St NE, Washington, DC 20002","2026/07/07",2919,"2 Beds","Apartment"
"1155 Dahlia St NW, Washington, DC 20012","2026/07/07",1650,"2 Beds","Apartment"
"1155 Dahlia St NW, Washington, DC 20012","2026/07/07",950,"3 Beds","Apartment"
"1155 Dahlia St NW, Washington, DC 20012","2026/07/07",1325,"4 Beds+","Apartment"
"1320 4th St NE, Washington, DC 20002","2026/07/07",2236,"1 Bed","Apartment"
"1320 4th St NE, Washington, DC 20002","2026/07/07",3098,"2 Beds","Apartment"
"853 New Jersey Ave SE, Washington, DC 20003","2026/07/07",1855,"Studio","Apartment"
"853 New Jersey Ave SE, Washington, DC 20003","2026/07/07",2149,"1 Bed","Apartment"
"853 New Jersey Ave SE, Washington, DC 20003","2026/07/07",3094,"2 Beds+","Apartment"
"3201 8th St NE, Washington, DC 20017","2026/07/07",2117,"Studio","Apartment"
"3201 8th St NE, Washington, DC 20017","2026/07/07",2213,"1 Bed","Apartment"
"3201 8th St NE, Washington, DC 20017","2026/07/07",2789,"2 Beds+","Apartment"
"801 New Jersey Ave NW, Washington, DC 20001","2026/07/07",2272,"Studio","Apartment"
"801 New Jersey Ave NW, Washington, DC 20001","2026/07/07",2382,"1 Bed","Apartment"
"801 New Jersey Ave NW, Washington, DC 20001","2026/07/07",3567,"2 Beds","Apartment"
"60 I St SW, Washington, DC 20024","2026/07/07",1818,"Studio","Apartment"
"60 I St SW, Washington, DC 20024","2026/07/07",2018,"1 Bed","Apartment"
"60 I St SW, Washington, DC 20024","2026/07/07",2748,"2 Beds","Apartment"
"5300 Wisconsin Ave NW, Washington, DC 20015","2026/07/07",2388,"Studio","Apartment"
"5300 Wisconsin Ave NW, Washington, DC 20015","2026/07/07",2693,"1 Bed","Apartment"
"5300 Wisconsin Ave NW, Washington, DC 20015","2026/07/07",3728,"2 Beds+","Apartment"
"300 Neal Pl NE, Washington, DC 20002","2026/07/07",2426,"1 Bed","Apartment"
"300 Neal Pl NE, Washington, DC 20002","2026/07/07",3505,"2 Beds","Apartment"
"300 Neal Pl NE, Washington, DC 20002","2026/07/07",7030,"4 Beds","Apartment"
"1280 Union St NE, Washington, DC 20002","2026/07/07",3153,"1 Bed","Apartment"
"1280 Union St NE, Washington, DC 20002","2026/07/07",3388,"2 Beds","Apartment"
"1280 Union St NE, Washington, DC 20002","2026/07/07",6692,"3 Beds","Apartment"
"1425 New York Ave NW, Washington, DC 20005","2026/07/07",2891,"Studio","Apartment"
"1425 New York Ave NW, Washington, DC 20005","2026/07/07",3106,"1 Bed","Apartment"
"1425 New York Ave NW, Washington, DC 20005","2026/07/07",4341,"2 Beds+","Apartment"
"800 P St NW, Washington, DC 20001","2026/07/07",2016,"Studio","Apartment"
"800 P St NW, Washington, DC 20001","2026/07/07",2394,"1 Bed","Apartment"
"800 P St NW, Washington, DC 20001","2026/07/07",3830,"2 Beds","Apartment"
"4100 Massachusetts Ave NW, Washington, DC 20016","2026/07/07",1915,"Studio","Apartment"
"4100 Massachusetts Ave NW, Washington, DC 20016","2026/07/07",1995,"1 Bed","Apartment"
"4100 Massachusetts Ave NW, Washington, DC 20016","2026/07/07",2835,"2 Beds","Apartment"
"1336 Missouri Ave NW, Washington, DC 20011","2026/07/07",1899,"1 Bed","Apartment"
"1336 Missouri Ave NW, Washington, DC 20011","2026/07/07",2149,"2 Beds","Apartment"
"4465 Macarthur Blvd NW, Washington, DC 20007","2026/07/07",1895,"2 Beds",NA
"2112 New Hampshire Ave NW, Washington, DC 20009","2026/07/07",1966,"2 Beds",NA
"1650 Harvard St NW, Washington, DC 20009","2026/07/07",2199,"Studio","Apartment"
"1650 Harvard St NW, Washington, DC 20009","2026/07/07",3339,"1 Bed","Apartment"
"3130 Wisconsin Ave NW, Washington, DC 20016","2026/07/07",1404,"Studio","Apartment"
"3130 Wisconsin Ave NW, Washington, DC 20016","2026/07/07",1595,"1 Bed","Apartment"
"1499 Massachusetts Ave NW, Washington, DC 20005","2026/07/07",2195,"Studio","Apartment"
"1499 Massachusetts Ave NW, Washington, DC 20005","2026/07/07",3370,"1 Bed","Apartment"
"1499 Massachusetts Ave NW, Washington, DC 20005","2026/07/07",4615,"2 Beds+","Apartment"
"222 M St SW, Washington, DC 20024","2026/07/07",1716,"Studio","Apartment"
"222 M St SW, Washington, DC 20024","2026/07/07",2310,"1 Bed","Apartment"
"222 M St SW, Washington, DC 20024","2026/07/07",3700,"2 Beds","Apartment"
"1825 7th St NW, Washington, DC 20001","2026/07/07",1763,"Studio","Apartment"
"1825 7th St NW, Washington, DC 20001","2026/07/07",2038,"1 Bed","Apartment"
"1825 7th St NW, Washington, DC 20001","2026/07/07",3237,"2 Beds","Apartment"
"2828 Connecticut Ave NW, Washington, DC 20008","2026/07/07",2129,"1 Bed","Apartment"
"2828 Connecticut Ave NW, Washington, DC 20008","2026/07/07",3309,"2 Beds","Apartment"
"2122 Massachusetts Ave NW, Washington, DC 20008","2026/07/07",1433,"Studio","Apartment"
"2122 Massachusetts Ave NW, Washington, DC 20008","2026/07/07",2200,"1 Bed","Apartment"
"925 25th St NW, Washington, DC 20037","2026/07/07",1808,"Studio","Apartment"
"925 25th St NW, Washington, DC 20037","2026/07/07",2289,"1 Bed","Apartment"
"1005 1st St NE, Washington, DC 20002","2026/07/07",1960,"Studio","Apartment"
"1005 1st St NE, Washington, DC 20002","2026/07/07",2392,"1 Bed","Apartment"
"1005 1st St NE, Washington, DC 20002","2026/07/07",3655,"2 Beds","Apartment"
NA,NA,NA,NA,NA
"300 M St NE, Washington, DC 20002","2026/07/07",2138,"1 Bed","Apartment"
"300 M St NE, Washington, DC 20002","2026/07/07",2847,"2 Beds","Apartment"
"300 M St NE, Washington, DC 20002","2026/07/07",5546,"3 Beds","Apartment"
"2501 Q St NW, Washington, DC 20007","2026/07/07",1470,"3 Beds",NA
"5323 Connecticut Ave NW, Washington, DC 20015","2026/07/07",1250,"Studio","Apartment"
"5323 Connecticut Ave NW, Washington, DC 20015","2026/07/07",1700,"1 Bed","Apartment"
"965 Florida Ave NW, Washington, DC 20001","2026/07/07",2049,"Studio","Apartment"
"965 Florida Ave NW, Washington, DC 20001","2026/07/07",2632,"1 Bed","Apartment"
"965 Florida Ave NW, Washington, DC 20001","2026/07/07",3736,"2 Beds","Apartment"
"1510-1514 7th St NW, Washington, DC 20001","2026/07/07",1975,"Studio","Apartment"
"1510-1514 7th St NW, Washington, DC 20001","2026/07/07",2177,"1 Bed","Apartment"
"1510-1514 7th St NW, Washington, DC 20001","2026/07/07",2682,"2 Beds","Apartment"
"3900 16th St NW, Washington, DC 20011","2026/07/07",1580,"Studio","Apartment"
"3900 16th St NW, Washington, DC 20011","2026/07/07",1850,"1 Bed","Apartment"
"2400 Pennsylvania Ave NW, Washington, DC 20037","2026/07/07",1922,"1 Bed",NA
"201 I St SW, Washington, DC 20024","2026/07/07",1744,"Studio","Apartment"
"201 I St SW, Washington, DC 20024","2026/07/07",1869,"1 Bed","Apartment"
"201 I St SW, Washington, DC 20024","2026/07/07",2242,"2 Beds","Apartment"
"2651 16th St NW, Washington, DC 20009","2026/07/07",1750,"2 Beds",NA
"2325 15th St NW, Washington, DC 20009","2026/07/07",1600,"Studio","Apartment"
"2325 15th St NW, Washington, DC 20009","2026/07/07",1900,"1 Bed","Apartment"
"2633 16th St NW, Washington, DC 20009","2026/07/07",2096,"Studio","Apartment"
"2633 16th St NW, Washington, DC 20009","2026/07/07",2236,"1 Bed","Apartment"
"2633 16th St NW, Washington, DC 20009","2026/07/07",3315,"2 Beds","Apartment"
"3003 Van Ness St NW, Washington, DC 20008","2026/07/07",1668,"Studio","Apartment"
"3003 Van Ness St NW, Washington, DC 20008","2026/07/07",1834,"1 Bed","Apartment"
"3003 Van Ness St NW, Washington, DC 20008","2026/07/07",2669,"2 Beds","Apartment"
"4500 Connecticut Ave NW, Washington, DC 20008","2026/07/07",1950,"1 Bed","Apartment"
"4500 Connecticut Ave NW, Washington, DC 20008","2026/07/07",2699,"2 Beds","Apartment"
"950 24th St NW, Washington, DC 20037","2026/07/07",2300,"Studio","Apartment"
"950 24th St NW, Washington, DC 20037","2026/07/07",2482,"1 Bed","Apartment"
"950 24th St NW, Washington, DC 20037","2026/07/07",4418,"2 Beds+","Apartment"
"1804-1817 New Jersey Ave NW, Washington, DC 20001","2026/07/07",1700,"1 Bed","Apartment"
"1804-1817 New Jersey Ave NW, Washington, DC 20001","2026/07/07",2325,"2 Beds","Apartment"
"1804-1817 New Jersey Ave NW, Washington, DC 20001","2026/07/07",2799,"3 Beds","Apartment"
"4850 Connecticut Ave NW, Washington, DC 20008","2026/07/07",1645,"Studio","Apartment"
"4850 Connecticut Ave NW, Washington, DC 20008","2026/07/07",1860,"1 Bed","Apartment"
"4850 Connecticut Ave NW, Washington, DC 20008","2026/07/07",2360,"2 Beds","Apartment"
"2562 Naylor Rd SE, Washington, DC 20020","2026/07/07",1279,"1 Bed","Apartment"
"2562 Naylor Rd SE, Washington, DC 20020","2026/07/07",1529,"2 Beds","Apartment"
"2020 F St NW, Washington, DC 20006","2026/07/07",1900,"Studio","Apartment"
"2020 F St NW, Washington, DC 20006","2026/07/07",2356,"1 Bed","Apartment"
"1221 24th St NW, Washington, DC 20037","2026/07/07",3235,"1 Bed","Apartment"
"1221 24th St NW, Washington, DC 20037","2026/07/07",4559,"2 Beds","Apartment"
"1421 Massachusetts Ave NW, Washington, DC 20005","2026/07/07",1649,"Studio","Apartment"
"1421 Massachusetts Ave NW, Washington, DC 20005","2026/07/07",2773,"1 Bed","Apartment"
"2401 Calvert St NW, Washington, DC 20008","2026/07/07",1831,"Studio","Apartment"
"2401 Calvert St NW, Washington, DC 20008","2026/07/07",2825,"1 Bed","Apartment"
"3206 Wisconsin Ave NW, Washington, DC 20016","2026/07/07",1700,"Studio","Apartment"
"3206 Wisconsin Ave NW, Washington, DC 20016","2026/07/07",2075,"1 Bed","Apartment"
"3206 Wisconsin Ave NW, Washington, DC 20016","2026/07/07",3095,"2 Beds","Apartment"
"3146 16th St NW, Washington, DC 20010","2026/07/07",1845,"Studio","Apartment"
"3146 16th St NW, Washington, DC 20010","2026/07/07",1900,"1 Bed","Apartment"
"3146 16th St NW, Washington, DC 20010","2026/07/07",2599,"2 Beds","Apartment"
"4000 47th St NW, Washington, DC 20016","2026/07/07",1600,"1 Bed","Apartment"
"4000 47th St NW, Washington, DC 20016","2026/07/07",3000,"2 Beds","Apartment"
"4000 47th St NW, Washington, DC 20016","2026/07/07",4500,"3 Beds","Apartment"
"1924 8th St NW, Washington, DC 20001","2026/07/07",1894,"Studio","Apartment"
"1924 8th St NW, Washington, DC 20001","2026/07/07",2281,"1 Bed","Apartment"
"1924 8th St NW, Washington, DC 20001","2026/07/07",3747,"2 Beds","Apartment"
"1150 4th St SW, Washington, DC 20024","2026/07/07",1511,"Studio","Apartment"
"1150 4th St SW, Washington, DC 20024","2026/07/07",1661,"1 Bed","Apartment"
"1150 4th St SW, Washington, DC 20024","2026/07/07",2975,"2 Beds","Apartment"
"1829 Summit Pl NW, Washington, DC 20009","2026/07/07",1950,"Studio","Apartment"
"1829 Summit Pl NW, Washington, DC 20009","2026/07/07",1699,"1 Bed","Apartment"
"1829 Summit Pl NW, Washington, DC 20009","2026/07/07",2550,"2 Beds","Apartment"
"1600 Pennsylvania Ave SE, Washington, DC 20003","2026/07/07",2054,"1 Bed","Apartment"
"1600 Pennsylvania Ave SE, Washington, DC 20003","2026/07/07",2629,"2 Beds","Apartment"
"2130 P St NW, Washington, DC 20037","2026/07/07",2113,"Studio","Apartment"
"2130 P St NW, Washington, DC 20037","2026/07/07",2762,"1 Bed","Apartment"
"151 Q St NE, Washington, DC 20002","2026/07/07",1599,"Studio","Apartment"
"151 Q St NE, Washington, DC 20002","2026/07/07",1718,"1 Bed","Apartment"
"151 Q St NE, Washington, DC 20002","2026/07/07",2401,"2 Beds","Apartment"
"315 H St NE, Washington, DC 20002","2026/07/07",2015,"Studio","Apartment"
"315 H St NE, Washington, DC 20002","2026/07/07",2350,"1 Bed","Apartment"
"315 H St NE, Washington, DC 20002","2026/07/07",3080,"2 Beds","Apartment"
"1100 2nd Pl SE, Washington, DC 20003","2026/07/07",1671,"1 Bed","Apartment"
"1100 2nd Pl SE, Washington, DC 20003","2026/07/07",2439,"2 Beds","Apartment"
"1100 2nd Pl SE, Washington, DC 20003","2026/07/07",5888,"3 Beds","Apartment"
"1201 Half St SE, Washington, DC 20003","2026/07/07",1707,"Studio","Apartment"
"1201 Half St SE, Washington, DC 20003","2026/07/07",1924,"1 Bed","Apartment"
"1201 Half St SE, Washington, DC 20003","2026/07/07",2639,"2 Beds","Apartment"
"3750 Jamison St NE, Washington, DC 20018","2026/07/07",1597,"Studio","Apartment"
"3750 Jamison St NE, Washington, DC 20018","2026/07/07",1974,"1 Bed","Apartment"
"3750 Jamison St NE, Washington, DC 20018","2026/07/07",2537,"2 Beds","Apartment"
"618 T St NW, Washington, DC 20001","2026/07/07",3410,"2 Beds",NA
"2121 1st St SW, Washington, DC 20024","2026/07/07",1709,"Studio","Apartment"
"2121 1st St SW, Washington, DC 20024","2026/07/07",1830,"1 Bed","Apartment"
"2121 1st St SW, Washington, DC 20024","2026/07/07",3243,"2 Beds","Apartment"
"1315 Clifton St NW, Washington, DC 20009","2026/07/07",1950,"Studio","Apartment"
"1315 Clifton St NW, Washington, DC 20009","2026/07/07",2329,"1 Bed","Apartment"
"1315 Clifton St NW, Washington, DC 20009","2026/07/07",3014,"2 Beds","Apartment"
"6800 Georgia Ave NW, Washington, DC 20012","2026/07/07",2103,"1 Bed","Apartment"
"6800 Georgia Ave NW, Washington, DC 20012","2026/07/07",3255,"2 Beds","Apartment"
"600 4th St SW, Washington, DC 20024","2026/07/07",1766,"Studio","Apartment"
"600 4th St SW, Washington, DC 20024","2026/07/07",1923,"1 Bed","Apartment"
"600 4th St SW, Washington, DC 20024","2026/07/07",2958,"2 Beds","Apartment"
"400 Florida Ave NE, Washington, DC 20002","2026/07/07",1379,"2 Beds","Apartment"
"400 Florida Ave NE, Washington, DC 20002","2026/07/07",1359,"3 Beds","Apartment"
"2615 Bladensburg Rd, Washington, DC 20018","2026/07/07",1735,"1 Bed","Apartment"
"2615 Bladensburg Rd, Washington, DC 20018","2026/07/07",2085,"2 Beds","Apartment"
"7150 12th St NW, Washington, DC 20012","2026/07/07",1775,"Studio","Apartment"
"7150 12th St NW, Washington, DC 20012","2026/07/07",2064,"1 Bed","Apartment"
"7150 12th St NW, Washington, DC 20012","2026/07/07",2848,"2 Beds+","Apartment"
"1400 Montana Ave NE, Washington, DC 20018","2026/07/07",1560,"1 Bed","Apartment"
"1400 Montana Ave NE, Washington, DC 20018","2026/07/07",2261,"2 Beds","Apartment"
"2210 Wisconsin Ave NW, Washington, DC 20007","2026/07/07",2495,"Studio","Apartment"
"2210 Wisconsin Ave NW, Washington, DC 20007","2026/07/07",2595,"1 Bed","Apartment"
"1000 29th St NW, Washington, DC 20007","2026/07/07",2724,"Studio","Apartment"
"1000 29th St NW, Washington, DC 20007","2026/07/07",2999,"1 Bed","Apartment"
"1000 29th St NW, Washington, DC 20007","2026/07/07",10000,"3 Beds","Apartment"
"1331 Yards Pl SE, Washington, DC 20003","2026/07/07",2225,"Studio","Apartment"
"1331 Yards Pl SE, Washington, DC 20003","2026/07/07",2164,"1 Bed","Apartment"
"1331 Yards Pl SE, Washington, DC 20003","2026/07/07",3339,"2 Beds","Apartment"
"630 Kenilworth Ter NE, Washington, DC 20019","2026/07/07",1615,"Studio","Apartment"
"630 Kenilworth Ter NE, Washington, DC 20019","2026/07/07",1645,"1 Bed","Apartment"
"630 Kenilworth Ter NE, Washington, DC 20019","2026/07/07",2470,"2 Beds","Apartment"
"1319 S Capitol St SW, Washington, DC 20003","2026/07/07",1730,"Studio","Apartment"
"1319 S Capitol St SW, Washington, DC 20003","2026/07/07",2013,"1 Bed","Apartment"
"1319 S Capitol St SW, Washington, DC 20003","2026/07/07",2921,"2 Beds+","Apartment"
"1224 M St NW, Washington, DC 20005","2026/07/07",2995,"1 Bed","Apartment"
"1224 M St NW, Washington, DC 20005","2026/07/07",4275,"2 Beds","Apartment"
"2116 Kalorama Rd NW, Washington, DC 20008","2026/07/07",2600,"2 Beds",NA
"1214 Bladensburg Rd NE, Washington, DC 20002","2026/07/07",1810,"2 Beds",NA
NA,NA,NA,NA,NA
"1625 Massachusetts Ave NW, Washington, DC 20036","2026/07/07",2475,"Studio","Apartment"
"1625 Massachusetts Ave NW, Washington, DC 20036","2026/07/07",2775,"1 Bed","Apartment"
"1625 Massachusetts Ave NW, Washington, DC 20036","2026/07/07",5390,"2 Beds","Apartment"
"1125 15th St NW, Washington, DC 20005","2026/07/07",2545,"Studio","Apartment"
"1125 15th St NW, Washington, DC 20005","2026/07/07",2800,"1 Bed","Apartment"
"1125 15th St NW, Washington, DC 20005","2026/07/07",3550,"2 Beds+","Apartment"
"1500 Massachusetts Ave NW, Washington, DC 20005","2026/07/07",1648,"Studio","Apartment"
"1500 Massachusetts Ave NW, Washington, DC 20005","2026/07/07",2200,"1 Bed","Apartment"
"200 Rhode Island Ave NE, Washington, DC 20002","2026/07/07",1663,"Studio","Apartment"
"200 Rhode Island Ave NE, Washington, DC 20002","2026/07/07",1799,"1 Bed","Apartment"
"200 Rhode Island Ave NE, Washington, DC 20002","2026/07/07",2895,"2 Beds","Apartment"
"4701 Willard Ave, Chevy Chase, MD 20815","2026/07/07",1660,"Studio","Apartment"
"4701 Willard Ave, Chevy Chase, MD 20815","2026/07/07",2078,"1 Bed","Apartment"
"4701 Willard Ave, Chevy Chase, MD 20815","2026/07/07",2625,"2 Beds+","Apartment"
"1201-1301 S Joyce Street Suite C, Arlington, VA 22202","2026/07/07",2185,"Studio","Apartment"
"1201-1301 S Joyce Street Suite C, Arlington, VA 22202","2026/07/07",2255,"1 Bed","Apartment"
"1201-1301 S Joyce Street Suite C, Arlington, VA 22202","2026/07/07",2760,"2 Beds+","Apartment"
"1200 N Veitch St, Arlington, VA 22201","2026/07/07",2245,"Studio","Apartment"
"1200 N Veitch St, Arlington, VA 22201","2026/07/07",2565,"1 Bed","Apartment"
"1200 N Veitch St, Arlington, VA 22201","2026/07/07",3780,"2 Beds+","Apartment"
"901 S 15th St, Arlington, VA 22202","2026/07/07",2191,"Studio","Apartment"
"901 S 15th St, Arlington, VA 22202","2026/07/07",2479,"1 Bed","Apartment"
"901 S 15th St, Arlington, VA 22202","2026/07/07",3387,"2 Beds+","Apartment"
"8621 Georgia Ave, Silver Spring, MD 20910","2026/07/07",1584,"Studio","Apartment"
"8621 Georgia Ave, Silver Spring, MD 20910","2026/07/07",1860,"1 Bed","Apartment"
"8621 Georgia Ave, Silver Spring, MD 20910","2026/07/07",2800,"2 Beds","Apartment"
"505 18th St S, Arlington, VA 22202","2026/07/07",2473,"Studio","Apartment"
"505 18th St S, Arlington, VA 22202","2026/07/07",2586,"1 Bed","Apartment"
"505 18th St S, Arlington, VA 22202","2026/07/07",3181,"2 Beds","Apartment"
"710 12th St S, Arlington, VA 22202","2026/07/07",2297,"Studio","Apartment"
"710 12th St S, Arlington, VA 22202","2026/07/07",2737,"1 Bed","Apartment"
"710 12th St S, Arlington, VA 22202","2026/07/07",4526,"2 Beds+","Apartment"
"3601 Gallatin St, Hyattsville, MD 20782","2026/07/07",1431,"1 Bed","Apartment"
"3601 Gallatin St, Hyattsville, MD 20782","2026/07/07",1854,"2 Beds","Apartment"
"731 Seaton Ave, Alexandria, VA 22305","2026/07/07",2019,"Studio","Apartment"
"731 Seaton Ave, Alexandria, VA 22305","2026/07/07",2218,"1 Bed","Apartment"
"731 Seaton Ave, Alexandria, VA 22305","2026/07/07",2789,"2 Beds","Apartment"
"1510 Clarendon Blvd, Arlington, VA 22209","2026/07/07",2652,"Studio","Apartment"
"1510 Clarendon Blvd, Arlington, VA 22209","2026/07/07",2585,"1 Bed","Apartment"
"1510 Clarendon Blvd, Arlington, VA 22209","2026/07/07",3830,"2 Beds","Apartment"
"1804 N Quinn St, Arlington, VA 22209","2026/07/07",2624,"1 Bed","Apartment"
"1804 N Quinn St, Arlington, VA 22209","2026/07/07",3174,"2 Beds","Apartment"
"8021 Georgia Ave, Silver Spring, MD 20910","2026/07/07",1855,"Studio","Apartment"
"8021 Georgia Ave, Silver Spring, MD 20910","2026/07/07",1743,"1 Bed","Apartment"
"8021 Georgia Ave, Silver Spring, MD 20910","2026/07/07",2400,"2 Beds","Apartment"
"4300 Langston Blvd, Arlington, VA 22207","2026/07/07",2014,"Studio","Apartment"
"4300 Langston Blvd, Arlington, VA 22207","2026/07/07",2067,"1 Bed","Apartment"
"4300 Langston Blvd, Arlington, VA 22207","2026/07/07",2915,"2 Beds","Apartment"
"400 Army Navy Dr, Arlington, VA 22202","2026/07/07",2105,"Studio","Apartment"
"400 Army Navy Dr, Arlington, VA 22202","2026/07/07",2127,"1 Bed","Apartment"
"400 Army Navy Dr, Arlington, VA 22202","2026/07/07",3037,"2 Beds+","Apartment"
"1515 Richmond Hwy, Arlington, VA 22202","2026/07/07",2236,"Studio","Apartment"
"1515 Richmond Hwy, Arlington, VA 22202","2026/07/07",2449,"1 Bed","Apartment"
"1515 Richmond Hwy, Arlington, VA 22202","2026/07/07",3655,"2 Beds","Apartment"
"2000 N Adams St, Arlington, VA 22201","2026/07/07",1876,"Studio","Apartment"
"2000 N Adams St, Arlington, VA 22201","2026/07/07",1775,"1 Bed","Apartment"
"2000 N Adams St, Arlington, VA 22201","2026/07/07",2488,"2 Beds","Apartment"
NA,NA,NA,NA,NA
"1550 N Clarendon Blvd, Arlington, VA 22209","2026/07/07",2415,"1 Bed","Apartment"
"1550 N Clarendon Blvd, Arlington, VA 22209","2026/07/07",3709,"2 Beds","Apartment"
"1260 Spring St, Silver Spring, MD 20910","2026/07/07",1747,"Studio","Apartment"
"1260 Spring St, Silver Spring, MD 20910","2026/07/07",2152,"1 Bed","Apartment"
"1260 Spring St, Silver Spring, MD 20910","2026/07/07",3026,"2 Beds","Apartment"
"1215 E West Hwy, Silver Spring, MD 20910","2026/07/07",1907,"Studio","Apartment"
"1215 E West Hwy, Silver Spring, MD 20910","2026/07/07",1807,"1 Bed","Apartment"
"1215 E West Hwy, Silver Spring, MD 20910","2026/07/07",2302,"2 Beds","Apartment"
"1947 N Uhle St, Arlington, VA 22201","2026/07/07",2311,"Studio","Apartment"
"1947 N Uhle St, Arlington, VA 22201","2026/07/07",2410,"1 Bed","Apartment"
"1947 N Uhle St, Arlington, VA 22201","2026/07/07",3822,"2 Beds","Apartment"
"1353 N Rolfe St, Arlington, VA 22209","2026/07/07",2305,"1 Bed","Apartment"
"1353 N Rolfe St, Arlington, VA 22209","2026/07/07",3909,"2 Beds","Apartment"
"1771 N Pierce St, Arlington, VA 22209","2026/07/07",2355,"Studio","Apartment"
"1771 N Pierce St, Arlington, VA 22209","2026/07/07",2508,"1 Bed","Apartment"
"1771 N Pierce St, Arlington, VA 22209","2026/07/07",3979,"2 Beds+","Apartment"
"400 Wythe St, Alexandria, VA 22314","2026/07/07",2651,"Studio","Apartment"
"400 Wythe St, Alexandria, VA 22314","2026/07/07",3014,"1 Bed","Apartment"
"400 Wythe St, Alexandria, VA 22314","2026/07/07",4701,"2 Beds","Apartment"
"1100 N Fayette St, Alexandria, VA 22314","2026/07/07",1954,"Studio","Apartment"
"1100 N Fayette St, Alexandria, VA 22314","2026/07/07",2172,"1 Bed","Apartment"
"1100 N Fayette St, Alexandria, VA 22314","2026/07/07",2851,"2 Beds+","Apartment"
"480 11th St S, Arlington, VA 22202","2026/07/07",2044,"Studio","Apartment"
"480 11th St S, Arlington, VA 22202","2026/07/07",2502,"1 Bed","Apartment"
"480 11th St S, Arlington, VA 22202","2026/07/07",3428,"2 Beds","Apartment"
"244 19th Ct S, Arlington, VA 22202","2026/07/07",2180,"Studio","Apartment"
"244 19th Ct S, Arlington, VA 22202","2026/07/07",2270,"1 Bed","Apartment"
"244 19th Ct S, Arlington, VA 22202","2026/07/07",3980,"2 Beds","Apartment"
"4800 Addison Rd, Capitol Heights, MD 20743","2026/07/07",1683,"1 Bed","Apartment"
"4800 Addison Rd, Capitol Heights, MD 20743","2026/07/07",2032,"2 Beds","Apartment"
"4800 Addison Rd, Capitol Heights, MD 20743","2026/07/07",2458,"3 Beds","Apartment"
"2051 S Bell St, Arlington, VA 22202","2026/07/07",1945,"Studio","Apartment"
"2051 S Bell St, Arlington, VA 22202","2026/07/07",2175,"1 Bed","Apartment"
"2051 S Bell St, Arlington, VA 22202","2026/07/07",3630,"2 Beds","Apartment"
"1919 N Nash St, Arlington, VA 22209","2026/07/07",2395,"Studio","Apartment"
"1919 N Nash St, Arlington, VA 22209","2026/07/07",2425,"1 Bed","Apartment"
"1919 N Nash St, Arlington, VA 22209","2026/07/07",3745,"2 Beds+","Apartment"
"2025 Clarendon Blvd, Arlington, VA 22201","2026/07/07",2711,"Studio","Apartment"
"2025 Clarendon Blvd, Arlington, VA 22201","2026/07/07",2852,"1 Bed","Apartment"
"2025 Clarendon Blvd, Arlington, VA 22201","2026/07/07",5822,"2 Beds+","Apartment"
"5685 Little Branch Run, Hyattsville, MD 20782","2026/07/07",1849,"Studio","Apartment"
"5685 Little Branch Run, Hyattsville, MD 20782","2026/07/07",1767,"1 Bed","Apartment"
"5685 Little Branch Run, Hyattsville, MD 20782","2026/07/07",2425,"2 Beds+","Apartment"
"1601 Clarendon Blvd, Arlington, VA 22209","2026/07/07",2173,"Studio","Apartment"
"1601 Clarendon Blvd, Arlington, VA 22209","2026/07/07",1652,"1 Bed","Apartment"
"1601 Clarendon Blvd, Arlington, VA 22209","2026/07/07",3495,"2 Beds+","Apartment"
"4710 Bethesda Ave, Bethesda, MD 20814","2026/07/07",1875,"Studio","Apartment"
"4710 Bethesda Ave, Bethesda, MD 20814","2026/07/07",2095,"1 Bed","Apartment"
"8600 16th St, Silver Spring, MD 20910","2026/07/07",1760,"Studio","Apartment"
"8600 16th St, Silver Spring, MD 20910","2026/07/07",1649,"1 Bed","Apartment"
"8600 16th St, Silver Spring, MD 20910","2026/07/07",2275,"2 Beds","Apartment"
"1002 Kennebec St, Oxon Hill, MD 20745","2026/07/07",1200,"Studio","Apartment"
"1002 Kennebec St, Oxon Hill, MD 20745","2026/07/07",1395,"1 Bed","Apartment"
"1002 Kennebec St, Oxon Hill, MD 20745","2026/07/07",1624,"2 Beds+","Apartment"
"3807 Rhode Island Ave, Brentwood, MD 20722","2026/07/07",1970,"1 Bed","Apartment"
"3807 Rhode Island Ave, Brentwood, MD 20722","2026/07/07",2390,"2 Beds","Apartment"
"3807 Rhode Island Ave, Brentwood, MD 20722","2026/07/07",3095,"3 Beds","Apartment"
"8484 16th St, Silver Spring, MD 20910","2026/07/07",1543,"Studio","Apartment"
"8484 16th St, Silver Spring, MD 20910","2026/07/07",1525,"1 Bed","Apartment"
"8484 16th St, Silver Spring, MD 20910","2026/07/07",1676,"2 Beds+","Apartment"
"1203 Fidler Ln, Silver Spring, MD 20910","2026/07/07",1620,"Studio","Apartment"
"1203 Fidler Ln, Silver Spring, MD 20910","2026/07/07",2060,"1 Bed","Apartment"
"1203 Fidler Ln, Silver Spring, MD 20910","2026/07/07",2170,"2 Beds","Apartment"
"1200 E -West Hwy, Silver Spring, MD 20910","2026/07/07",1593,"1 Bed","Apartment"
"1200 E -West Hwy, Silver Spring, MD 20910","2026/07/07",2297,"2 Beds","Apartment"
"4400 East-West Hwy, Bethesda, MD 20814","2026/07/07",1906,"Studio","Apartment"
"4400 East-West Hwy, Bethesda, MD 20814","2026/07/07",2095,"1 Bed","Apartment"
"4400 East-West Hwy, Bethesda, MD 20814","2026/07/07",2832,"2 Beds+","Apartment"
"5603 Cypress Creek Dr, Hyattsville, MD 20782","2026/07/07",1288,"1 Bed","Apartment"
"5603 Cypress Creek Dr, Hyattsville, MD 20782","2026/07/07",1764,"2 Beds","Apartment"
"5603 Cypress Creek Dr, Hyattsville, MD 20782","2026/07/07",2233,"3 Beds","Apartment"
"4523 Sangamore Rd, Bethesda, MD 20816","2026/07/07",1981,"1 Bed","Apartment"
"4523 Sangamore Rd, Bethesda, MD 20816","2026/07/07",2199,"2 Beds","Apartment"
"8000 Eastern Dr, Silver Spring, MD 20910","2026/07/07",1550,"1 Bed","Apartment"
"8000 Eastern Dr, Silver Spring, MD 20910","2026/07/07",2100,"2 Beds","Apartment"
"2009 14th St N, Arlington, VA 22201","2026/07/07",2275,"Studio","Apartment"
"2009 14th St N, Arlington, VA 22201","2026/07/07",2599,"1 Bed","Apartment"
"2009 14th St N, Arlington, VA 22201","2026/07/07",3774,"2 Beds","Apartment"
"8560 2nd Ave, Silver Spring, MD 20910","2026/07/07",1535,"Studio","Apartment"
"8560 2nd Ave, Silver Spring, MD 20910","2026/07/07",1705,"1 Bed","Apartment"
"8560 2nd Ave, Silver Spring, MD 20910","2026/07/07",2210,"2 Beds","Apartment"
"1155 Ripley St, Silver Spring, MD 20910","2026/07/07",1681,"Studio","Apartment"
"1155 Ripley St, Silver Spring, MD 20910","2026/07/07",1519,"1 Bed","Apartment"
"1155 Ripley St, Silver Spring, MD 20910","2026/07/07",2182,"2 Beds","Apartment"
"3103-3107 Good Hope Ave, Temple Hills, MD 20748","2026/07/07",1492,"Studio","Apartment"
"3103-3107 Good Hope Ave, Temple Hills, MD 20748","2026/07/07",1484,"1 Bed","Apartment"
"3103-3107 Good Hope Ave, Temple Hills, MD 20748","2026/07/07",2133,"2 Beds+","Apartment"
"7000 Wisconsin Ave, Bethesda, MD 20815","2026/07/07",2610,"1 Bed","Apartment"
"7000 Wisconsin Ave, Bethesda, MD 20815","2026/07/07",3915,"2 Beds","Apartment"
"2055 15th St N, Arlington, VA 22201","2026/07/07",2156,"Studio","Apartment"
"2055 15th St N, Arlington, VA 22201","2026/07/07",2594,"1 Bed","Apartment"
"2055 15th St N, Arlington, VA 22201","2026/07/07",3826,"2 Beds","Apartment"
"22 M St NE, Washington, DC 20002","2026/07/07",1868,"Studio","Apartment"
"22 M St NE, Washington, DC 20002","2026/07/07",2068,"1 Bed","Apartment"
"22 M St NE, Washington, DC 20002","2026/07/07",3483,"2 Beds","Apartment"
"2144 California St NW, Washington, DC 20008","2026/07/07",2078,"Studio","Apartment"
"2144 California St NW, Washington, DC 20008","2026/07/07",2518,"1 Bed","Apartment"
"300 Morse St NE, Washington, DC 20002","2026/07/07",2107,"Studio","Apartment"
"300 Morse St NE, Washington, DC 20002","2026/07/07",2215,"1 Bed","Apartment"
"300 Morse St NE, Washington, DC 20002","2026/07/07",3557,"2 Beds+","Apartment"
"2701 Calvert St NW, Washington, DC 20008","2026/07/07",2106,"Studio","Apartment"
"2701 Calvert St NW, Washington, DC 20008","2026/07/07",2596,"1 Bed","Apartment"
"2701 Calvert St NW, Washington, DC 20008","2026/07/07",4264,"2 Beds","Apartment"
"1150 1st St NE, Washington, DC 20002","2026/07/07",1947,"Studio","Apartment"
"1150 1st St NE, Washington, DC 20002","2026/07/07",2236,"1 Bed","Apartment"
"1150 1st St NE, Washington, DC 20002","2026/07/07",3012,"2 Beds","Apartment"
"1011 1st St SE, Washington, DC 20003","2026/07/07",1649,"Studio","Apartment"
"1011 1st St SE, Washington, DC 20003","2026/07/07",1901,"1 Bed","Apartment"
"1011 1st St SE, Washington, DC 20003","2026/07/07",3258,"2 Beds","Apartment"
"1953 19th Pl SE, Washington, DC 20020","2026/07/07",5301,"3 Beds","Apartment"
"1953 19th Pl SE, Washington, DC 20020","2026/07/07",7365,"6 Beds","Apartment"
"3801 Connecticut Ave NW, Washington, DC 20008","2026/07/07",1794,"Studio","Apartment"
"3801 Connecticut Ave NW, Washington, DC 20008","2026/07/07",2289,"1 Bed","Apartment"
"850 Quincy St NW, Washington, DC 20011","2026/07/07",2049,"1 Bed","Apartment"
"850 Quincy St NW, Washington, DC 20011","2026/07/07",3646,"2 Beds","Apartment"
"41 L St SE, Washington, DC 20003","2026/07/07",2330,"Studio","Apartment"
"41 L St SE, Washington, DC 20003","2026/07/07",1904,"1 Bed","Apartment"
"41 L St SE, Washington, DC 20003","2026/07/07",3077,"2 Beds","Apartment"
"2009 8th St NW, Washington, DC 20001","2026/07/07",2027,"Studio","Apartment"
"2009 8th St NW, Washington, DC 20001","2026/07/07",1987,"1 Bed","Apartment"
"2009 8th St NW, Washington, DC 20001","2026/07/07",3862,"2 Beds","Apartment"
"3040 Idaho Ave NW, Washington, DC 20016","2026/07/07",1563,"Studio","Apartment"
"3040 Idaho Ave NW, Washington, DC 20016","2026/07/07",2057,"1 Bed","Apartment"
"3040 Idaho Ave NW, Washington, DC 20016","2026/07/07",3058,"2 Beds","Apartment"
"2505 13th St NW, Washington, DC 20009","2026/07/07",1799,"Studio","Apartment"
"2505 13th St NW, Washington, DC 20009","2026/07/07",2234,"1 Bed","Apartment"
"2505 13th St NW, Washington, DC 20009","2026/07/07",3001,"2 Beds","Apartment"
"3621 Newark St NW, Washington, DC 20016","2026/07/07",1599,"2 Beds",NA
"829 Quincy St NW, Washington, DC 20011","2026/07/07",1814,"Studio","Apartment"
"829 Quincy St NW, Washington, DC 20011","2026/07/07",1881,"1 Bed","Apartment"
"750 Kenilworth Ter NE, Washington, DC 20019","2026/07/07",1575,"Studio","Apartment"
"750 Kenilworth Ter NE, Washington, DC 20019","2026/07/07",1749,"1 Bed","Apartment"
"750 Kenilworth Ter NE, Washington, DC 20019","2026/07/07",2450,"2 Beds","Apartment"
"510 21st St NW, Washington, DC 20006","2026/07/07",1850,"Studio","Apartment"
"510 21st St NW, Washington, DC 20006","2026/07/07",2252,"1 Bed","Apartment"
"2005 11th St NW, Washington, DC 20001","2026/07/07",2200,"1 Bed",NA
NA,NA,NA,NA,NA
"2101 Wisconsin Ave NW, Washington, DC 20007","2026/07/07",2677,"Studio","Apartment"
"2101 Wisconsin Ave NW, Washington, DC 20007","2026/07/07",3057,"1 Bed","Apartment"
"2101 Wisconsin Ave NW, Washington, DC 20007","2026/07/07",3992,"2 Beds+","Apartment"
"5415 Connecticut Ave NW, Washington, DC 20015","2026/07/07",1298,"Studio","Apartment"
"5415 Connecticut Ave NW, Washington, DC 20015","2026/07/07",1599,"1 Bed","Apartment"
"5415 Connecticut Ave NW, Washington, DC 20015","2026/07/07",2928,"2 Beds","Apartment"
"1600 16th St NW, Washington, DC 20009","2026/07/07",1699,"Studio","Apartment"
"1600 16th St NW, Washington, DC 20009","2026/07/07",2120,"1 Bed","Apartment"
"4607 Connecticut Ave NW, Washington, DC 20008","2026/07/07",1795,"1 Bed",NA
"325 P St SW, Washington, DC 20024","2026/07/07",1350,"Studio","Apartment"
"325 P St SW, Washington, DC 20024","2026/07/07",1750,"1 Bed","Apartment"
"325 P St SW, Washington, DC 20024","2026/07/07",2200,"2 Beds","Apartment"
"218 Vine St NW, Washington, DC 20012","2026/07/07",1052,"2 Beds",NA
"2324 41st St NW, Washington, DC 20007","2026/07/07",1461,"Studio","Apartment"
"2324 41st St NW, Washington, DC 20007","2026/07/07",1796,"1 Bed","Apartment"
"2324 41st St NW, Washington, DC 20007","2026/07/07",2475,"2 Beds","Apartment"
"7051 Spring Pl, Washington, DC 20012","2026/07/07",1195,"Studio","Apartment"
"7051 Spring Pl, Washington, DC 20012","2026/07/07",1395,"1 Bed","Apartment"
"7051 Spring Pl, Washington, DC 20012","2026/07/07",2025,"2 Beds","Apartment"
"305 10th St S, Arlington, VA 22202","2026/07/07",2158,"Studio","Apartment"
"305 10th St S, Arlington, VA 22202","2026/07/07",2457,"1 Bed","Apartment"
"305 10th St S, Arlington, VA 22202","2026/07/07",3016,"2 Beds","Apartment"
"1260 Braddock Pl, Alexandria, VA 22314","2026/07/07",2136,"Studio","Apartment"
"1260 Braddock Pl, Alexandria, VA 22314","2026/07/07",2502,"1 Bed","Apartment"
"1820 N Quinn St, Arlington, VA 22209","2026/07/07",2843,"1 Bed","Apartment"
"1820 N Quinn St, Arlington, VA 22209","2026/07/07",3039,"2 Beds","Apartment"
"1420 W Abingdon Dr, Alexandria, VA 22314","2026/07/07",1460,"Studio","Apartment"
"1420 W Abingdon Dr, Alexandria, VA 22314","2026/07/07",1771,"1 Bed","Apartment"
"1420 W Abingdon Dr, Alexandria, VA 22314","2026/07/07",2102,"2 Beds","Apartment"
"2001 N Adams St, Arlington, VA 22201","2026/07/07",1870,"Studio","Apartment"
"2001 N Adams St, Arlington, VA 22201","2026/07/07",2523,"1 Bed","Apartment"
"2001 N Adams St, Arlington, VA 22201","2026/07/07",3065,"2 Beds","Apartment"
"401 S 12th St, Arlington, VA 22202","2026/07/07",1984,"Studio","Apartment"
"401 S 12th St, Arlington, VA 22202","2026/07/07",1986,"1 Bed","Apartment"
"401 S 12th St, Arlington, VA 22202","2026/07/07",2646,"2 Beds","Apartment"
"1500 Arlington Blvd, Arlington, VA 22209","2026/07/07",1771,"Studio","Apartment"
"1500 Arlington Blvd, Arlington, VA 22209","2026/07/07",2054,"1 Bed","Apartment"
"2100 N Pierce St, Arlington, VA 22209","2026/07/07",1914,"Studio","Apartment"
"2100 N Pierce St, Arlington, VA 22209","2026/07/07",2031,"1 Bed","Apartment"
"2100 N Pierce St, Arlington, VA 22209","2026/07/07",2734,"2 Beds","Apartment"
"650 Potomac Ave, Alexandria, VA 22301","2026/07/07",2188,"1 Bed","Apartment"
"650 Potomac Ave, Alexandria, VA 22301","2026/07/07",2941,"2 Beds","Apartment"
"2445 Lyttonsville Rd, Silver Spring, MD 20910","2026/07/07",1365,"Studio","Apartment"
"2445 Lyttonsville Rd, Silver Spring, MD 20910","2026/07/07",1712,"1 Bed","Apartment"
"2445 Lyttonsville Rd, Silver Spring, MD 20910","2026/07/07",2367,"2 Beds","Apartment"
"4403 23rd Pky, Temple Hills, MD 20748","2026/07/07",1325,"1 Bed","Apartment"
"4403 23rd Pky, Temple Hills, MD 20748","2026/07/07",1499,"2 Beds","Apartment"
"4403 23rd Pky, Temple Hills, MD 20748","2026/07/07",1875,"3 Beds","Apartment"
"790 Fairview Ave, Takoma Park, MD 20912","2026/07/07",1399,"1 Bed","Apartment"
"790 Fairview Ave, Takoma Park, MD 20912","2026/07/07",1599,"2 Beds","Apartment"
"3416 Curtis Dr, Suitland, MD 20746","2026/07/07",1278,"1 Bed","Apartment"
"3416 Curtis Dr, Suitland, MD 20746","2026/07/07",1498,"2 Beds","Apartment"
"3930 Suitland Rd, Suitland, MD 20746","2026/07/07",1240,"1 Bed","Apartment"
"3930 Suitland Rd, Suitland, MD 20746","2026/07/07",1450,"2 Beds","Apartment"
"1901-1939 Brooks Dr, Capitol Heights, MD 20743","2026/07/07",1245,"1 Bed","Apartment"
"1901-1939 Brooks Dr, Capitol Heights, MD 20743","2026/07/07",1355,"2 Beds","Apartment"
"1901-1939 Brooks Dr, Capitol Heights, MD 20743","2026/07/07",1741,"3 Beds","Apartment"
"2100 Brooks Dr, Forestville, MD 20747","2026/07/07",1009,"Studio","Apartment"
"2100 Brooks Dr, Forestville, MD 20747","2026/07/07",1139,"1 Bed","Apartment"
"2100 Brooks Dr, Forestville, MD 20747","2026/07/07",1459,"2 Beds","Apartment"
"1201 Benning Rd, Capitol Heights, MD 20743","2026/07/07",1108,"1 Bed","Apartment"
"1201 Benning Rd, Capitol Heights, MD 20743","2026/07/07",1256,"2 Beds","Apartment"
"1201 Benning Rd, Capitol Heights, MD 20743","2026/07/07",1452,"3 Beds","Apartment"
"2601 14th St NW, Washington, DC 20009","2026/07/07",2383,"Studio","Apartment"
"2601 14th St NW, Washington, DC 20009","2026/07/07",2433,"1 Bed","Apartment"
"2601 14th St NW, Washington, DC 20009","2026/07/07",4535,"2 Beds","Apartment"
"7035 Blair Rd NW, Washington, DC 20012","2026/07/07",1814,"Studio","Apartment"
"7035 Blair Rd NW, Washington, DC 20012","2026/07/07",2117,"1 Bed","Apartment"
"7035 Blair Rd NW, Washington, DC 20012","2026/07/07",3453,"2 Beds","Apartment"
"1630 Columbia Rd NW, Washington, DC 20009","2026/07/07",2668,"Studio","Apartment"
"1630 Columbia Rd NW, Washington, DC 20009","2026/07/07",3253,"1 Bed","Apartment"
"1630 Columbia Rd NW, Washington, DC 20009","2026/07/07",5773,"2 Beds","Apartment"
"235-255 Carroll St NW, Washington, DC 20012","2026/07/07",1653,"Studio","Apartment"
"235-255 Carroll St NW, Washington, DC 20012","2026/07/07",2054,"1 Bed","Apartment"
"235-255 Carroll St NW, Washington, DC 20012","2026/07/07",2856,"2 Beds","Apartment"
"2000 2nd St SW, Washington, DC 20024","2026/07/07",1991,"Studio","Apartment"
"2000 2nd St SW, Washington, DC 20024","2026/07/07",2035,"1 Bed","Apartment"
"2000 2nd St SW, Washington, DC 20024","2026/07/07",3701,"2 Beds","Apartment"
"200 Florida Ave NE, Washington, DC 20002","2026/07/07",2119,"Studio","Apartment"
"200 Florida Ave NE, Washington, DC 20002","2026/07/07",2204,"1 Bed","Apartment"
"200 Florida Ave NE, Washington, DC 20002","2026/07/07",3457,"2 Beds+","Apartment"
"1401 S St NW, Washington, DC 20009","2026/07/07",2224,"Studio","Apartment"
"1401 S St NW, Washington, DC 20009","2026/07/07",2804,"1 Bed","Apartment"
"5333 Connecticut Ave NW, Washington, DC 20015","2026/07/07",2211,"Studio","Apartment"
"5333 Connecticut Ave NW, Washington, DC 20015","2026/07/07",2321,"1 Bed","Apartment"
"2 I St SE, Washington, DC 20003","2026/07/07",1996,"Studio","Apartment"
"2 I St SE, Washington, DC 20003","2026/07/07",2291,"1 Bed","Apartment"
"2 I St SE, Washington, DC 20003","2026/07/07",2654,"2 Beds+","Apartment"
"1301 U St NW, Washington, DC 20009","2026/07/07",2539,"1 Bed","Apartment"
"1301 U St NW, Washington, DC 20009","2026/07/07",3682,"2 Beds","Apartment"
"44 M St NE, Washington, DC 20002","2026/07/07",2164,"Studio","Apartment"
"44 M St NE, Washington, DC 20002","2026/07/07",2399,"1 Bed","Apartment"
"44 M St NE, Washington, DC 20002","2026/07/07",4259,"2 Beds+","Apartment"
NA,NA,NA,NA,NA
"2112 8th St NW, Washington, DC 20001","2026/07/07",2362,"1 Bed","Apartment"
"2112 8th St NW, Washington, DC 20001","2026/07/07",4227,"2 Beds","Apartment"
"100 Florida Ave NE, Washington, DC 20002","2026/07/07",1923,"Studio","Apartment"
"100 Florida Ave NE, Washington, DC 20002","2026/07/07",2070,"1 Bed","Apartment"
"100 Florida Ave NE, Washington, DC 20002","2026/07/07",3747,"2 Beds","Apartment"
"201 I St NE, Washington, DC 20002","2026/07/07",2050,"Studio","Apartment"
"201 I St NE, Washington, DC 20002","2026/07/07",2288,"1 Bed","Apartment"
"201 I St NE, Washington, DC 20002","2026/07/07",3057,"2 Beds","Apartment"
"565 Pennsylvania Ave NW, Washington, DC 20001","2026/07/07",2447,"Studio","Apartment"
"565 Pennsylvania Ave NW, Washington, DC 20001","2026/07/07",2492,"1 Bed","Apartment"
"565 Pennsylvania Ave NW, Washington, DC 20001","2026/07/07",3548,"2 Beds","Apartment"
"1441 U St NW, Washington, DC 20009","2026/07/07",2224,"Studio","Apartment"
"1441 U St NW, Washington, DC 20009","2026/07/07",2733,"1 Bed","Apartment"
"1441 U St NW, Washington, DC 20009","2026/07/07",3944,"2 Beds","Apartment"
"1325 5th St NE, Washington, DC 20002","2026/07/07",2027,"Studio","Apartment"
"1325 5th St NE, Washington, DC 20002","2026/07/07",2142,"1 Bed","Apartment"
"1325 5th St NE, Washington, DC 20002","2026/07/07",3996,"2 Beds","Apartment"
"101 V St SW, Washington, DC 20024","2026/07/07",1816,"Studio","Apartment"
"101 V St SW, Washington, DC 20024","2026/07/07",2063,"1 Bed","Apartment"
"101 V St SW, Washington, DC 20024","2026/07/07",3907,"2 Beds","Apartment"
"2221 I St NW, Washington, DC 20037","2026/07/07",3213,"Studio","Apartment"
"2221 I St NW, Washington, DC 20037","2026/07/07",3928,"1 Bed","Apartment"
"2221 I St NW, Washington, DC 20037","2026/07/07",5423,"2 Beds","Apartment"
"3435 Holmead Pl NW, Washington, DC 20010","2026/07/07",1370,"Studio","Apartment"
"3435 Holmead Pl NW, Washington, DC 20010","2026/07/07",1580,"1 Bed","Apartment"
"3435 Holmead Pl NW, Washington, DC 20010","2026/07/07",1790,"2 Beds","Apartment"
NA,NA,NA,NA,NA
"825-875 10th St NW, Washington, DC 20001","2026/07/07",2953,"Studio","Apartment"
"825-875 10th St NW, Washington, DC 20001","2026/07/07",3019,"1 Bed","Apartment"
"825-875 10th St NW, Washington, DC 20001","2026/07/07",4558,"2 Beds","Apartment"
"460 L St NW, Washington, DC 20001","2026/07/07",1912,"Studio","Apartment"
"460 L St NW, Washington, DC 20001","2026/07/07",2162,"1 Bed","Apartment"
"460 L St NW, Washington, DC 20001","2026/07/07",3310,"2 Beds","Apartment"
"770 5th St NW, Washington, DC 20001","2026/07/07",2680,"Studio","Apartment"
"770 5th St NW, Washington, DC 20001","2026/07/07",2529,"1 Bed","Apartment"
"770 5th St NW, Washington, DC 20001","2026/07/07",3853,"2 Beds+","Apartment"
"318 I St NE, Washington, DC 20002","2026/07/07",1948,"Studio","Apartment"
"318 I St NE, Washington, DC 20002","2026/07/07",2918,"2 Beds","Apartment"
"33 N St NE, Washington, DC 20002","2026/07/07",1853,"Studio","Apartment"
"33 N St NE, Washington, DC 20002","2026/07/07",2283,"1 Bed","Apartment"
"33 N St NE, Washington, DC 20002","2026/07/07",3433,"2 Beds","Apartment"
"800 Kenilworth Ave NE, Washington, DC 20019","2026/07/07",2130,"Unit 1-321 at Boundary Stone Flats",NA
NA,NA,NA,NA,NA
"1400 W St NW, Washington, DC 20009","2026/07/07",1967,"Studio","Apartment"
"1400 W St NW, Washington, DC 20009","2026/07/07",2088,"1 Bed","Apartment"
"1400 W St NW, Washington, DC 20009","2026/07/07",3123,"2 Beds","Apartment"
"300 Massachusetts Ave NW, Washington, DC 20001","2026/07/07",2136,"Studio","Apartment"
"300 Massachusetts Ave NW, Washington, DC 20001","2026/07/07",2346,"1 Bed","Apartment"
"300 Massachusetts Ave NW, Washington, DC 20001","2026/07/07",3589,"2 Beds","Apartment"
"1325 15th St NW, Washington, DC 20005","2026/07/07",2141,"Studio","Apartment"
"1325 15th St NW, Washington, DC 20005","2026/07/07",2438,"1 Bed","Apartment"
"5210 3rd St NE, Washington, DC 20011","2026/07/07",1794,"Studio","Apartment"
"5210 3rd St NE, Washington, DC 20011","2026/07/07",1679,"1 Bed","Apartment"
"5210 3rd St NE, Washington, DC 20011","2026/07/07",2450,"2 Beds","Apartment"
"320 Florida Ave NE, Washington, DC 20002","2026/07/07",1454,"2 Beds","Apartment"
"320 Florida Ave NE, Washington, DC 20002","2026/07/07",1502,"3 Beds","Apartment"
"320 Florida Ave NE, Washington, DC 20002","2026/07/07",1615,"4 Beds","Apartment"
"2315-2321 Lincoln Rd NE, Washington, DC 20002","2026/07/07",1295,"Studio","Apartment"
"2315-2321 Lincoln Rd NE, Washington, DC 20002","2026/07/07",1495,"1 Bed","Apartment"
"2099 1st St SW, Washington, DC 20024","2026/07/07",1674,"Studio","Apartment"
"2099 1st St SW, Washington, DC 20024","2026/07/07",2018,"1 Bed","Apartment"
"2099 1st St SW, Washington, DC 20024","2026/07/07",5378,"2 Beds+","Apartment"
"806 Channing Place NE, Washington, DC 20018","2026/07/07",1773,"Studio","Apartment"
"806 Channing Place NE, Washington, DC 20018","2026/07/07",1605,"1 Bed","Apartment"
"806 Channing Place NE, Washington, DC 20018","2026/07/07",2166,"2 Beds","Apartment"
"1401 New York Ave NE, Washington, DC 20002","2026/07/07",1512,"Studio","Apartment"
"1401 New York Ave NE, Washington, DC 20002","2026/07/07",1058,"1 Bed","Apartment"
"1401 New York Ave NE, Washington, DC 20002","2026/07/07",2185,"2 Beds+","Apartment"
"1 Hawaii Ave NE, Washington, DC 20011","2026/07/07",1354,"Studio","Apartment"
"1 Hawaii Ave NE, Washington, DC 20011","2026/07/07",1755,"1 Bed","Apartment"
"1 Hawaii Ave NE, Washington, DC 20011","2026/07/07",2088,"2 Beds+","Apartment"
"2400-2410 Hartford St SE, Washington, DC 20020","2026/07/07",1120,"1 Bed","Apartment"
"2400-2410 Hartford St SE, Washington, DC 20020","2026/07/07",1320,"2 Beds","Apartment"
"4811-4819 N Capitol St NE, Washington, DC 20011","2026/07/07",1250,"1 Bed","Apartment"
"4811-4819 N Capitol St NE, Washington, DC 20011","2026/07/07",1400,"2 Beds","Apartment"
"4811-4819 N Capitol St NE, Washington, DC 20011","2026/07/07",1550,"3 Beds","Apartment"
"3133 Connecticut Ave NW, Washington, DC 20008","2026/07/07",3211,"3 Beds",NA
NA,NA,NA,NA,NA
"2228 Martin Luther King Jr Ave SE, Washington, DC 20020","2026/07/07",1795,"Unit 1-423 at Maple View Flats",NA
"1625-1633 Morris Rd SE, Washington, DC 20020","2026/07/07",6500,"Unit 1-423 at Maple View Flats",NA
NA,NA,NA,NA,NA
"930 Kennedy St NW, Washington, DC 20011","2026/07/07",2250,"Unit 1-423 at Maple View Flats",NA
"1629 Columbia Rd NW, Washington, DC 20009","2026/07/07",2492,"Unit 1-423 at Maple View Flats",NA
"4455 Connecticut Ave NW, Washington, DC 20008","2026/07/07",2399,"Unit 1-423 at Maple View Flats",NA
"1331 4th St SE, Washington, DC 20003","2026/07/07",1945,"Studio","Apartment"
"1331 4th St SE, Washington, DC 20003","2026/07/07",2247,"1 Bed","Apartment"
"1331 4th St SE, Washington, DC 20003","2026/07/07",4154,"2 Beds","Apartment"
"1818 7th St NW, Washington, DC 20001","2026/07/07",2396,"1 Bed","Apartment"
"1818 7th St NW, Washington, DC 20001","2026/07/07",3999,"2 Beds","Apartment"
"1925 14th St NW, Washington, DC 20009","2026/07/07",3287,"1 Bed","Apartment"
"1925 14th St NW, Washington, DC 20009","2026/07/07",4546,"2 Beds","Apartment"
"3725 Macomb St NW, Washington, DC 20016","2026/07/07",1775,"Studio","Apartment"
"3725 Macomb St NW, Washington, DC 20016","2026/07/07",2125,"1 Bed","Apartment"
"3725 Macomb St NW, Washington, DC 20016","2026/07/07",2750,"2 Beds","Apartment"
"2131 9th St NW, Washington, DC 20001","2026/07/07",2160,"2 Beds",NA
"1310 U St NW, Washington, DC 20009","2026/07/07",3180,"1 Bed","Apartment"
"1310 U St NW, Washington, DC 20009","2026/07/07",4070,"2 Beds","Apartment"
"4545 Connecticut Ave NW, Washington, DC 20008","2026/07/07",1950,"1 Bed","Apartment"
"4545 Connecticut Ave NW, Washington, DC 20008","2026/07/07",2599,"2 Beds","Apartment"
"4545 Connecticut Ave NW, Washington, DC 20008","2026/07/07",3800,"3 Beds+","Apartment"
"1772 Church St NW, Washington, DC 20036","2026/07/07",2805,"Studio","Apartment"
"1772 Church St NW, Washington, DC 20036","2026/07/07",3144,"1 Bed","Apartment"
"1772 Church St NW, Washington, DC 20036","2026/07/07",4351,"2 Beds","Apartment"
"4601 Connecticut Ave NW, Washington, DC 20008","2026/07/07",2200,"2 Beds",NA
"2495 Alabama Ave SE, Washington, DC 20020","2026/07/07",2500,"2 Beds",NA
"915 L St NW, Washington, DC 20001","2026/07/07",2241,"Studio","Apartment"
"915 L St NW, Washington, DC 20001","2026/07/07",2481,"1 Bed","Apartment"
"915 L St NW, Washington, DC 20001","2026/07/07",3841,"2 Beds","Apartment"
NA,NA,NA,NA,NA
"1930 Columbia Rd NW, Washington, DC 20009","2026/07/07",1750,"Studio","Apartment"
"1930 Columbia Rd NW, Washington, DC 20009","2026/07/07",2095,"1 Bed","Apartment"
"1400 Irving St NW, Washington, DC 20010","2026/07/07",1787,"Studio","Apartment"
"1400 Irving St NW, Washington, DC 20010","2026/07/07",1997,"1 Bed","Apartment"
"1400 Irving St NW, Washington, DC 20010","2026/07/07",3215,"2 Beds","Apartment"
"1825 R St NW, Washington, DC 20009","2026/07/07",2391,"1 Bed","Apartment"
"1825 R St NW, Washington, DC 20009","2026/07/07",1763,"2 Beds","Apartment"
"1825 R St NW, Washington, DC 20009","2026/07/07",1998,"3 Beds+","Apartment"
"3903 Davis Pl NW, Washington, DC 20007","2026/07/07",1745,"1 Bed","Apartment"
"3903 Davis Pl NW, Washington, DC 20007","2026/07/07",2503,"2 Beds","Apartment"
NA,NA,NA,NA,NA
"1111 Massachusetts Ave NW, Washington, DC 20005","2026/07/07",1435,"2 Beds",NA
"601 Edgewood St NE, Washington, DC 20017","2026/07/07",1248,"Studio","Apartment"
"601 Edgewood St NE, Washington, DC 20017","2026/07/07",1394,"1 Bed","Apartment"
"601 Edgewood St NE, Washington, DC 20017","2026/07/07",1652,"2 Beds","Apartment"
"3333 Wisconsin Ave NW, Washington, DC 20016","2026/07/07",2300,"Studio","Apartment"
"3333 Wisconsin Ave NW, Washington, DC 20016","2026/07/07",2325,"1 Bed","Apartment"
"3333 Wisconsin Ave NW, Washington, DC 20016","2026/07/07",3500,"2 Beds","Apartment"
"1001 4th St SW, Washington, DC 20024","2026/07/07",2134,"1 Bed","Apartment"
"1001 4th St SW, Washington, DC 20024","2026/07/07",3940,"2 Beds","Apartment"
"2950 Van Ness St NW, Washington, DC 20008","2026/07/07",1985,"1 Bed","Apartment"
"2950 Van Ness St NW, Washington, DC 20008","2026/07/07",2922,"2 Beds","Apartment"
NA,NA,NA,NA,NA
"300 K St NW, Washington, DC 20001","2026/07/07",2034,"Studio","Apartment"
"300 K St NW, Washington, DC 20001","2026/07/07",2887,"1 Bed","Apartment"
"300 K St NW, Washington, DC 20001","2026/07/07",3775,"2 Beds","Apartment"
"3701 Massachusetts Ave NW, Washington, DC 20016","2026/07/07",1799,"Studio","Apartment"
"3701 Massachusetts Ave NW, Washington, DC 20016","2026/07/07",1999,"1 Bed","Apartment"
"2000 N St St NW, Washington, DC 20036","2026/07/07",2165,"Studio","Apartment"
"2000 N St St NW, Washington, DC 20036","2026/07/07",2862,"1 Bed","Apartment"
"2000 N St St NW, Washington, DC 20036","2026/07/07",4150,"2 Beds","Apartment"
NA,NA,NA,NA,NA
"3220 Prospect St NW, Washington, DC 20007","2026/07/07",2500,"2 Beds",NA
"1358 Florida Ave NE, Washington, DC 20002","2026/07/07",1550,"2 Beds",NA
"654 Girard St NW, Washington, DC 20001","2026/07/07",1624,"Studio","Apartment"
"654 Girard St NW, Washington, DC 20001","2026/07/07",1740,"1 Bed","Apartment"
"654 Girard St NW, Washington, DC 20001","2026/07/07",2089,"2 Beds","Apartment"
"1400-1404 14th St NW, Washington, DC 20005","2026/07/07",2250,"2 Beds",NA
"5702-5708 Georgia Ave NW, Washington, DC 20011","2026/07/07",2500,"2 Beds",NA
"6600 Luzon Ave NW, Washington, DC 20012","2026/07/07",1424,"1 Bed","Apartment"
"6600 Luzon Ave NW, Washington, DC 20012","2026/07/07",1960,"2 Beds","Apartment"
"6600 Luzon Ave NW, Washington, DC 20012","2026/07/07",2620,"3 Beds","Apartment"
NA,NA,NA,NA,NA
"5508 7th St NW, Washington, DC 20011","2026/07/07",1600,"Studio","Apartment"
"5508 7th St NW, Washington, DC 20011","2026/07/07",1650,"1 Bed","Apartment"
"5508 7th St NW, Washington, DC 20011","2026/07/07",2375,"2 Beds","Apartment"
"1205 1/2 7th St NW, Washington, DC 20001","2026/07/07",1821,"1 Bed","Apartment"
"1205 1/2 7th St NW, Washington, DC 20001","2026/07/07",2177,"2 Beds","Apartment"
"1205 1/2 7th St NW, Washington, DC 20001","2026/07/07",3185,"3 Beds","Apartment"
"100 Michigan Ave NE, Washington, DC 20017","2026/07/07",2174,"2 Beds","Apartment"
"100 Michigan Ave NE, Washington, DC 20017","2026/07/07",5301,"3 Beds","Apartment"
"2413 14th St NE, Washington, DC 20018","2026/07/07",1352,"1 Bed","Apartment"
"2413 14th St NE, Washington, DC 20018","2026/07/07",2600,"4 Beds","Apartment"
"2413 14th St NE, Washington, DC 20018","2026/07/07",2730,"5 Beds","Apartment"
"2333 Skyland Pl SE, Washington, DC 20020","2026/07/07",1145,"1 Bed","Apartment"
"2333 Skyland Pl SE, Washington, DC 20020","2026/07/07",1525,"2 Beds","Apartment"
"2333 Skyland Pl SE, Washington, DC 20020","2026/07/07",1715,"3 Beds","Apartment"
NA,NA,NA,NA,NA
"611 Edgewood St NE, Washington, DC 20017","2026/07/07",749,"1 Bed","Apartment"
"611 Edgewood St NE, Washington, DC 20017","2026/07/07",1959,"2 Beds","Apartment"
"2800 Clarendon Blvd, Arlington, VA 22201","2026/07/07",2888,"Studio","Apartment"
"2800 Clarendon Blvd, Arlington, VA 22201","2026/07/07",2884,"1 Bed","Apartment"
"2800 Clarendon Blvd, Arlington, VA 22201","2026/07/07",3818,"2 Beds","Apartment"
"615 Swann Ave, Alexandria, VA 22301","2026/07/07",1972,"Studio","Apartment"
"615 Swann Ave, Alexandria, VA 22301","2026/07/07",2320,"1 Bed","Apartment"
"615 Swann Ave, Alexandria, VA 22301","2026/07/07",3470,"2 Beds","Apartment"
"550 14th Rd S, Arlington, VA 22202","2026/07/07",2543,"Studio","Apartment"
"550 14th Rd S, Arlington, VA 22202","2026/07/07",2483,"1 Bed","Apartment"
"550 14th Rd S, Arlington, VA 22202","2026/07/07",3441,"2 Beds","Apartment"
"620 Jefferson St, Alexandria, VA 22314","2026/07/07",1999,"2 Beds",NA
"625 E Monroe Ave, Alexandria, VA 22301","2026/07/07",2273,"1 Bed","Apartment"
"625 E Monroe Ave, Alexandria, VA 22301","2026/07/07",3629,"2 Beds","Apartment"
"590 S 15th St, Arlington, VA 22202","2026/07/07",2117,"Studio","Apartment"
"590 S 15th St, Arlington, VA 22202","2026/07/07",2399,"1 Bed","Apartment"
"590 S 15th St, Arlington, VA 22202","2026/07/07",3046,"2 Beds","Apartment"
"525 Montgomery St, Alexandria, VA 22314","2026/07/07",2248,"Studio","Apartment"
"525 Montgomery St, Alexandria, VA 22314","2026/07/07",2355,"1 Bed","Apartment"
"525 Montgomery St, Alexandria, VA 22314","2026/07/07",4231,"2 Beds","Apartment"
"1919 Clarendon Blvd, Arlington, VA 22201","2026/07/07",2347,"Studio","Apartment"
"1919 Clarendon Blvd, Arlington, VA 22201","2026/07/07",2679,"1 Bed","Apartment"
"1919 Clarendon Blvd, Arlington, VA 22201","2026/07/07",3947,"2 Beds","Apartment"
"575 12th Rd S, Arlington, VA 22202","2026/07/07",2247,"Studio","Apartment"
"575 12th Rd S, Arlington, VA 22202","2026/07/07",2566,"1 Bed","Apartment"
"575 12th Rd S, Arlington, VA 22202","2026/07/07",3754,"2 Beds","Apartment"
"1200 N Rolfe St, Arlington, VA 22209","2026/07/07",2733,"1 Bed","Apartment"
"1200 N Rolfe St, Arlington, VA 22209","2026/07/07",3526,"2 Beds","Apartment"
"7170 Woodmont Ave, Bethesda, MD 20815","2026/07/07",2755,"1 Bed","Apartment"
"7170 Woodmont Ave, Bethesda, MD 20815","2026/07/07",2412,"2 Beds","Apartment"
"7170 Woodmont Ave, Bethesda, MD 20815","2026/07/07",7152,"3 Beds","Apartment"
"1301 N Troy St, Arlington, VA 22201","2026/07/07",2449,"Studio","Apartment"
"1301 N Troy St, Arlington, VA 22201","2026/07/07",2784,"1 Bed","Apartment"
"1301 N Troy St, Arlington, VA 22201","2026/07/07",3710,"2 Beds","Apartment"
"2200 12th Ct, Arlington, VA 22201","2026/07/07",3024,"1 Bed","Apartment"
"2200 12th Ct, Arlington, VA 22201","2026/07/07",4185,"2 Beds","Apartment"
"2200 12th Ct, Arlington, VA 22201","2026/07/07",5616,"3 Beds","Apartment"
"2120 N Monroe St, Arlington, VA 22207","2026/07/07",1925,"1 Bed","Apartment"
"2120 N Monroe St, Arlington, VA 22207","2026/07/07",2085,"2 Beds","Apartment"
"2120 N Monroe St, Arlington, VA 22207","2026/07/07",3045,"3 Beds","Apartment"
"620 N Fayette St, Alexandria, VA 22314","2026/07/07",2156,"Studio","Apartment"
"620 N Fayette St, Alexandria, VA 22314","2026/07/07",2422,"1 Bed","Apartment"
"620 N Fayette St, Alexandria, VA 22314","2026/07/07",3373,"2 Beds","Apartment"
"1330 S Fair St, Arlington, VA 22202","2026/07/07",2109,"Studio","Apartment"
"1330 S Fair St, Arlington, VA 22202","2026/07/07",2550,"1 Bed","Apartment"
"1330 S Fair St, Arlington, VA 22202","2026/07/07",3690,"2 Beds+","Apartment"
"1111 N Belle Pre Way, Alexandria, VA 22314","2026/07/07",2037,"1 Bed","Apartment"
"1111 N Belle Pre Way, Alexandria, VA 22314","2026/07/07",2838,"2 Beds","Apartment"
"8455 Fenton St, Silver Spring, MD 20910","2026/07/07",1879,"Studio","Apartment"
"8455 Fenton St, Silver Spring, MD 20910","2026/07/07",1818,"1 Bed","Apartment"
"8455 Fenton St, Silver Spring, MD 20910","2026/07/07",2989,"2 Beds","Apartment"
"915 Silver Spring Ave, Silver Spring, MD 20910","2026/07/07",1652,"Studio","Apartment"
"915 Silver Spring Ave, Silver Spring, MD 20910","2026/07/07",2002,"1 Bed","Apartment"
"915 Silver Spring Ave, Silver Spring, MD 20910","2026/07/07",2832,"2 Beds","Apartment"
"2250 Clarendon Blvd, Arlington, VA 22201","2026/07/07",2355,"1 Bed","Apartment"
"2250 Clarendon Blvd, Arlington, VA 22201","2026/07/07",3704,"2 Beds","Apartment"
"733 15th St NW, Washington, DC 20005","2026/07/07",2810,"Unit 0320 at The Woodward Building Apartments",NA
"4615 N Park Ave, Chevy Chase, MD 20815","2026/07/07",1850,"1 Bed","Apartment"
"4615 N Park Ave, Chevy Chase, MD 20815","2026/07/07",2970,"2 Beds","Apartment"
"2500 Clarendon Blvd, Arlington, VA 22201","2026/07/07",2130,"Studio","Apartment"
"2500 Clarendon Blvd, Arlington, VA 22201","2026/07/07",2470,"1 Bed","Apartment"
"2500 Clarendon Blvd, Arlington, VA 22201","2026/07/07",3495,"2 Beds","Apartment"
"8605 Cameron St, Silver Spring, MD 20910","2026/07/07",1665,"Studio","Apartment"
"8605 Cameron St, Silver Spring, MD 20910","2026/07/07",1800,"1 Bed","Apartment"
"8605 Cameron St, Silver Spring, MD 20910","2026/07/07",2322,"2 Beds","Apartment"
"520 12th St S, Arlington, VA 22202","2026/07/07",2572,"Studio","Apartment"
"520 12th St S, Arlington, VA 22202","2026/07/07",2545,"1 Bed","Apartment"
"520 12th St S, Arlington, VA 22202","2026/07/07",3613,"2 Beds+","Apartment"
"701 N Wayne St, Arlington, VA 22201","2026/07/07",1695,"Studio","Apartment"
"701 N Wayne St, Arlington, VA 22201","2026/07/07",1895,"1 Bed","Apartment"
"701 N Wayne St, Arlington, VA 22201","2026/07/07",2381,"2 Beds","Apartment"
"8710 Cameron St, Silver Spring, MD 20910","2026/07/07",1503,"Studio","Apartment"
"8710 Cameron St, Silver Spring, MD 20910","2026/07/07",2073,"1 Bed","Apartment"
"8710 Cameron St, Silver Spring, MD 20910","2026/07/07",2963,"2 Beds","Apartment"
"5325 Westbard Ave, Bethesda, MD 20816","2026/07/07",1839,"Studio","Apartment"
"5325 Westbard Ave, Bethesda, MD 20816","2026/07/07",1961,"1 Bed","Apartment"
"5325 Westbard Ave, Bethesda, MD 20816","2026/07/07",2360,"2 Beds+","Apartment"
"1320 N Veitch St, Arlington, VA 22201","2026/07/07",2263,"1 Bed","Apartment"
"1320 N Veitch St, Arlington, VA 22201","2026/07/07",3724,"2 Beds","Apartment"
"5401 Westbard Ave, Bethesda, MD 20816","2026/07/07",1510,"Studio","Apartment"
"5401 Westbard Ave, Bethesda, MD 20816","2026/07/07",1740,"1 Bed","Apartment"
"5401 Westbard Ave, Bethesda, MD 20816","2026/07/07",2470,"2 Beds","Apartment"
"8708 1st Ave, Silver Spring, MD 20910","2026/07/07",2268,"1 Bed","Apartment"
"8708 1st Ave, Silver Spring, MD 20910","2026/07/07",2467,"2 Beds","Apartment"
"4000 Massachusetts Ave NW, Washington, DC 20016","2026/07/07",1700,"Unit 1102 at 4000 Massachusetts",NA
"714 Sligo Ave, Silver Spring, MD 20910","2026/07/07",1550,"1 Bed","Apartment"
"714 Sligo Ave, Silver Spring, MD 20910","2026/07/07",1701,"2 Beds","Apartment"
"8584 Freyman Dr, Chevy Chase, MD 20815","2026/07/07",1690,"2 Beds",NA
"3801 Kenilworth Ave, Bladensburg, MD 20710","2026/07/07",1358,"1 Bed","Apartment"
"3801 Kenilworth Ave, Bladensburg, MD 20710","2026/07/07",1598,"2 Beds","Apartment"
"3801 Kenilworth Ave, Bladensburg, MD 20710","2026/07/07",1998,"3 Beds","Apartment"
"501 Chillum Rd, Hyattsville, MD 20783","2026/07/07",1343,"1 Bed","Apartment"
"501 Chillum Rd, Hyattsville, MD 20783","2026/07/07",1600,"2 Beds","Apartment"
"1316 Fenwick Ln, Silver Spring, MD 20910","2026/07/07",1435,"Studio","Apartment"
"1316 Fenwick Ln, Silver Spring, MD 20910","2026/07/07",1699,"1 Bed","Apartment"
"1316 Fenwick Ln, Silver Spring, MD 20910","2026/07/07",1938,"2 Beds","Apartment"
"1400 Oronoco St, Alexandria, VA 22314","2026/07/07",2750,"2 Beds","Apartment"
"1400 Oronoco St, Alexandria, VA 22314","2026/07/07",3850,"3 Beds","Apartment"
"903 Glen Willow Dr, Seat Pleasant, MD 20743","2026/07/07",1347,"1 Bed","Apartment"
"903 Glen Willow Dr, Seat Pleasant, MD 20743","2026/07/07",1550,"2 Beds","Apartment"
"903 Glen Willow Dr, Seat Pleasant, MD 20743","2026/07/07",1950,"3 Beds","Apartment"
"1315 Apple Ave, Silver Spring, MD 20910","2026/07/07",1685,"3 Beds","Apartment"
"3901 Suitland Rd, Suitland, MD 20746","2026/07/07",1395,"1 Bed","Apartment"
"3901 Suitland Rd, Suitland, MD 20746","2026/07/07",1555,"2 Beds","Apartment"
"3901 Suitland Rd, Suitland, MD 20746","2026/07/07",1975,"3 Beds","Apartment"
"4101 Kaywood Pl, Mount Rainier, MD 20712","2026/07/07",1148,"Studio","Apartment"
"4101 Kaywood Pl, Mount Rainier, MD 20712","2026/07/07",1203,"1 Bed","Apartment"
"4101 Kaywood Pl, Mount Rainier, MD 20712","2026/07/07",1642,"2 Beds","Apartment"
"1439 Southern Ave, Oxon Hill, MD 20745","2026/07/07",1399,"1 Bed","Apartment"
"1439 Southern Ave, Oxon Hill, MD 20745","2026/07/07",1814,"2 Beds","Apartment"
"1439 Southern Ave, Oxon Hill, MD 20745","2026/07/07",1970,"3 Beds","Apartment"
"3301 Chillum Rd, Mount Rainier, MD 20712","2026/07/07",1227,"1 Bed","Apartment"
"3301 Chillum Rd, Mount Rainier, MD 20712","2026/07/07",1418,"2 Beds","Apartment"
"4110 Suitland Rd, Suitland, MD 20746","2026/07/07",1298,"1 Bed","Apartment"
"4110 Suitland Rd, Suitland, MD 20746","2026/07/07",1538,"2 Beds","Apartment"
"4110 Suitland Rd, Suitland, MD 20746","2026/07/07",1986,"3 Beds","Apartment"
"2641 Shadyside Ave, Suitland, MD 20746","2026/07/07",1230,"1 Bed","Apartment"
"2641 Shadyside Ave, Suitland, MD 20746","2026/07/07",1450,"2 Beds","Apartment"
"3200 Curtis Dr, Temple Hills, MD 20748","2026/07/07",1118,"Studio","Apartment"
"3200 Curtis Dr, Temple Hills, MD 20748","2026/07/07",1068,"1 Bed","Apartment"
"3200 Curtis Dr, Temple Hills, MD 20748","2026/07/07",1448,"2 Beds","Apartment"
"2300 Marion Barry Ave SE, Washington, DC 20020","2026/07/07",1083,"Unit 302 at Langston Views","Apartment"
"1108 Kennebec St, Oxon Hill, MD 20745","2026/07/07",1330,"1 Bed","Apartment"
"1108 Kennebec St, Oxon Hill, MD 20745","2026/07/07",1506,"2 Beds","Apartment"
"1108 Kennebec St, Oxon Hill, MD 20745","2026/07/07",2005,"3 Beds","Apartment"
"625 Audrey Ln, Oxon Hill, MD 20745","2026/07/07",1050,"Studio","Apartment"
"625 Audrey Ln, Oxon Hill, MD 20745","2026/07/07",1184,"1 Bed","Apartment"
"625 Audrey Ln, Oxon Hill, MD 20745","2026/07/07",1300,"2 Beds+","Apartment"
"3907 23rd Pky, Temple Hills, MD 20748","2026/07/07",1148,"Studio","Apartment"
"3907 23rd Pky, Temple Hills, MD 20748","2026/07/07",1248,"1 Bed","Apartment"
"3907 23rd Pky, Temple Hills, MD 20748","2026/07/07",1223,"2 Beds+","Apartment"
"1531 N Pierce St, Arlington, VA 22209","2026/07/07",1670,"Studio","Apartment"
"1531 N Pierce St, Arlington, VA 22209","2026/07/07",1773,"1 Bed","Apartment"
"1531 N Pierce St, Arlington, VA 22209","2026/07/07",1990,"2 Beds+","Apartment"
"2731 Nicholson St, Hyattsville, MD 20782","2026/07/07",1248,"Studio","Apartment"
"2731 Nicholson St, Hyattsville, MD 20782","2026/07/07",1088,"1 Bed","Apartment"
"2731 Nicholson St, Hyattsville, MD 20782","2026/07/07",1248,"2 Beds","Apartment"
"1234 Massachusetts Ave NW, Washington, DC 20005","2026/07/07",1650,"Unit 0128 at Zen Apollo","Apartment"
"4301 23rd Pky, Temple Hills, MD 20748","2026/07/07",1138,"Studio","Apartment"
"4301 23rd Pky, Temple Hills, MD 20748","2026/07/07",998,"1 Bed","Apartment"
"4301 23rd Pky, Temple Hills, MD 20748","2026/07/07",1198,"2 Beds+","Apartment"
NA,NA,NA,NA,NA
"1924 8th St NW, Washington, DC 20001","2026/07/07",2300,"2 Beds+","Apartment"
NA,NA,NA,NA,NA
NA,NA,NA,NA,NA
"1 Florida Ave NE, Washington, DC 20002","2026/07/07",2247,"Unit PH110 at The Florian","Apartment"
"1313 L St NW, Washington, DC 20005","2026/07/07",2280,"Unit PH110 at The Florian","Apartment"
NA,NA,NA,NA,NA
"55 M St NE, Washington, DC 20002","2026/07/07",2420,"Unit PH110 at The Florian","Apartment"
NA,NA,NA,NA,NA
NA,NA,NA,NA,NA
"1200 14th St NW, Washington, DC 20005","2026/07/07",2795,"Unit N/A-0104 at Andover House","Apartment"
NA,NA,NA,NA,NA
"632 Howard Rd SE, Washington, DC 20020","2026/07/07",3804,"Unit N/A-0104 at Andover House","Apartment"
NA,NA,NA,NA,NA
NA,NA,NA,NA,NA
"314 E Capitol St NE, Washington, DC 20003","2026/07/07",1700,"Studio","Apartment"
"314 E Capitol St NE, Washington, DC 20003","2026/07/07",2095,"1 Bed","Apartment"
"1101 Euclid St NW, Washington, DC 20009","2026/07/07",4000,"Unit 47 at 1101 Euclid Street","Apartment"
"2101 New Hampshire Ave NW, Washington, DC 20009","2026/07/07",1745,"Studio","Apartment"
"2101 New Hampshire Ave NW, Washington, DC 20009","2026/07/07",1740,"1 Bed","Apartment"
"2702 Wisconsin Ave NW, Washington, DC 20007","2026/07/07",1295,"Studio","Apartment"
"2702 Wisconsin Ave NW, Washington, DC 20007","2026/07/07",1675,"1 Bed","Apartment"
"1720 Trenton Pl SE, Washington, DC 20020","2026/07/07",1175,"1 Bed","Apartment"
"1720 Trenton Pl SE, Washington, DC 20020","2026/07/07",1335,"2 Beds","Apartment"
"1701 Mass Ave NW, Washington, DC 20036","2026/07/07",1525,"Studio","Apartment"
"1701 Mass Ave NW, Washington, DC 20036","2026/07/07",2250,"1 Bed","Apartment"
"2724 11th St NW, Washington, DC 20001","2026/07/07",1864,"2 Beds","Apartment"
"2724 11th St NW, Washington, DC 20001","2026/07/07",1614,"3 Beds","Apartment"
"2724 11th St NW, Washington, DC 20001","2026/07/07",1514,"4 Beds+","Apartment"
"3220 Connecticut Ave NW, Washington, DC 20008","2026/07/07",1399,"4 Beds+","Room"
"3557-3559 Georgia Ave NW, Washington, DC 20010","2026/07/07",1970,"1 Bed","Apartment"
"3557-3559 Georgia Ave NW, Washington, DC 20010","2026/07/07",2360,"2 Beds","Apartment"
"1511 Franklin St NE, Washington, DC 20018","2026/07/07",1600,"2 Beds","Room"
"2727 29th St NW, Washington, DC 20008","2026/07/07",2205,"1 Bed","Apartment"
"2727 29th St NW, Washington, DC 20008","2026/07/07",3499,"2 Beds","Apartment"
"875 N St NW, Washington, DC 20001","2026/07/07",1600,"Studio","Apartment"
"875 N St NW, Washington, DC 20001","2026/07/07",2000,"1 Bed","Apartment"
"301 M St SW, Washington, DC 20024","2026/07/07",2810,"Unit 0715 at Artline Apartments","Room"
"811 Quincy St NW, Washington, DC 20011","2026/07/07",1575,"Studio","Apartment"
"811 Quincy St NW, Washington, DC 20011","2026/07/07",1850,"1 Bed","Apartment"
"811 Quincy St NW, Washington, DC 20011","2026/07/07",2499,"2 Beds","Apartment"
"2601 Woodley Pl NW, Washington, DC 20008","2026/07/07",2499,"1 Bed","Apartment"
"2601 Woodley Pl NW, Washington, DC 20008","2026/07/07",3697,"2 Beds","Apartment"
"5401 Connecticut Ave NW, Washington, DC 20015","2026/07/07",2000,"2 Beds","Room"
"230 Rhode Island Ave NE, Washington, DC 20002","2026/07/07",1320,"Studio","Apartment"
"230 Rhode Island Ave NE, Washington, DC 20002","2026/07/07",1660,"1 Bed","Apartment"
"816 E St NE, Washington, DC 20002","2026/07/07",1799,"Studio","Apartment"
"816 E St NE, Washington, DC 20002","2026/07/07",3699,"2 Beds","Apartment"
"2800 Quebec St NW, Washington, DC 20008","2026/07/07",2160,"Unit N-0122 at Quebec House Apartments","Room"
"6101 16th St NW, Washington, DC 20011","2026/07/07",1844,"1 Bed","Apartment"
"6101 16th St NW, Washington, DC 20011","2026/07/07",3034,"2 Beds","Apartment"
"1250 9th St NW, Washington, DC 20001","2026/07/07",1800,"Studio","Apartment"
"1250 9th St NW, Washington, DC 20001","2026/07/07",1850,"1 Bed","Apartment"
"1250 9th St NW, Washington, DC 20001","2026/07/07",3799,"2 Beds","Apartment"
"1036 Newton St NE, Washington, DC 20017","2026/07/07",1275,"2 Beds","Room"
"7730 Eastern Ave NW, Washington, DC 20012","2026/07/07",1725,"1 Bed","Apartment"
"7730 Eastern Ave NW, Washington, DC 20012","2026/07/07",1850,"2 Beds","Apartment"
"1717 R St NW, Washington, DC 20009","2026/07/07",1599,"2 Beds","Room"
"801 3rd St NW, Washington, DC 20001","2026/07/07",2453,"Studio","Apartment"
"801 3rd St NW, Washington, DC 20001","2026/07/07",2638,"1 Bed","Apartment"
"801 3rd St NW, Washington, DC 20001","2026/07/07",3981,"2 Beds","Apartment"
"1230 New Hampshire Ave NW, Washington, DC 20036","2026/07/07",2329,"Studio","Apartment"
"1230 New Hampshire Ave NW, Washington, DC 20036","2026/07/07",3200,"1 Bed","Apartment"
"1230 New Hampshire Ave NW, Washington, DC 20036","2026/07/07",4150,"2 Beds","Apartment"
"1001 Spring Rd NW, Washington, DC 20010","2026/07/07",1929,"1 Bed","Apartment"
"1001 Spring Rd NW, Washington, DC 20010","2026/07/07",2275,"2 Beds","Apartment"
"745 Gresham Pl NW, Washington, DC 20001","2026/07/07",1300,"2 Beds","Room"
"2220 11th St NW, Washington, DC 20001","2026/07/07",1970,"1 Bed","Apartment"
"2220 11th St NW, Washington, DC 20001","2026/07/07",2700,"2 Beds","Apartment"
"2929 Connecticut Ave NW, Washington, DC 20008","2026/07/07",1599,"Studio","Apartment"
"2929 Connecticut Ave NW, Washington, DC 20008","2026/07/07",1899,"1 Bed","Apartment"
"2929 Connecticut Ave NW, Washington, DC 20008","2026/07/07",2699,"2 Beds","Apartment"
"400 Taylor St NE, Washington, DC 20017","2026/07/07",1790,"1 Bed","Apartment"
"400 Taylor St NE, Washington, DC 20017","2026/07/07",1976,"2 Beds","Apartment"
NA,NA,NA,NA,NA
"1936 Naylor Rd SE, Washington, DC 20020","2026/07/07",1159,"1 Bed","Apartment"
"1936 Naylor Rd SE, Washington, DC 20020","2026/07/07",1155,"2 Beds","Apartment"
"3726 Connecticut Ave NW, Washington, DC 20008","2026/07/07",1799,"Studio","Apartment"
"3726 Connecticut Ave NW, Washington, DC 20008","2026/07/07",1699,"1 Bed","Apartment"
"3726 Connecticut Ave NW, Washington, DC 20008","2026/07/07",4199,"3 Beds","Apartment"
"2 M St NE, Washington, DC 20002","2026/07/07",3465,"Unit 1215 at Affinity at 2M","Room"
"2900 Adams Mill Rd NW, Washington, DC 20009","2026/07/07",3080,"Unit 1215 at Affinity at 2M","Room"
"3048 Stanton Rd SE, Washington, DC 20020","2026/07/07",1613,"1 Bed","Apartment"
"3048 Stanton Rd SE, Washington, DC 20020","2026/07/07",1797,"2 Beds","Apartment"
"3048 Stanton Rd SE, Washington, DC 20020","2026/07/07",2494,"3 Beds","Apartment"
"3431 13th St NW, Washington, DC 20010","2026/07/07",1100,"3 Beds","Room"
"331 15th St NE, Washington, DC 20002","2026/07/07",1150,"3 Beds","Room"
"1530 16th St NW, Washington, DC 20036","2026/07/07",1775,"Studio","Apartment"
"1530 16th St NW, Washington, DC 20036","2026/07/07",2300,"1 Bed","Apartment"
"2620 13th St NW, Washington, DC 20009","2026/07/07",1949,"2 Beds","Apartment"
"2620 13th St NW, Washington, DC 20009","2026/07/07",2770,"3 Beds","Apartment"
"2620 13th St NW, Washington, DC 20009","2026/07/07",5083,"4 Beds","Apartment"
"2213 14th St NW, Washington, DC 20009","2026/07/07",2000,"Studio","Apartment"
"2213 14th St NW, Washington, DC 20009","2026/07/07",868,"1 Bed","Apartment"
"2213 14th St NW, Washington, DC 20009","2026/07/07",1297,"2 Beds","Apartment"
"225 Vine St NW, Washington, DC 20012","2026/07/07",1000,"2 Beds","Room"
"1125 Spring Rd NW, Washington, DC 20010","2026/07/07",948,"1 Bed","Apartment"
"1125 Spring Rd NW, Washington, DC 20010","2026/07/07",1383,"2 Beds","Apartment"
"2549 Elvans Rd SE, Washington, DC 20020","2026/07/07",1841,"1 Bed","Apartment"
"2549 Elvans Rd SE, Washington, DC 20020","2026/07/07",2005,"2 Beds","Apartment"
"2549 Elvans Rd SE, Washington, DC 20020","2026/07/07",2562,"3 Beds+","Apartment"
"4201 Massachusetts Ave NW, Washington, DC 20016","2026/07/07",1600,"Unit A278 at The Berkshire Apartments","Room"
"435 Edgewood St NE, Washington, DC 20017","2026/07/07",1322,"Studio","Apartment"
"435 Edgewood St NE, Washington, DC 20017","2026/07/07",922,"1 Bed","Apartment"
"435 Edgewood St NE, Washington, DC 20017","2026/07/07",1840,"2 Beds","Apartment"
"908 Marcy Ave, Oxon Hill, MD 20745","2026/07/07",1363,"1 Bed","Apartment"
"908 Marcy Ave, Oxon Hill, MD 20745","2026/07/07",1635,"2 Beds","Apartment"
"908 Marcy Ave, Oxon Hill, MD 20745","2026/07/07",2141,"3 Beds","Apartment"
"700-708 N Washington St, Alexandria, VA 22314","2026/07/07",2495,"3 Beds",NA
"1112 First St, Alexandria, VA 22314","2026/07/07",2228,"1 Bed","Apartment"
"1112 First St, Alexandria, VA 22314","2026/07/07",3975,"2 Beds","Apartment"
"2500 Queens Chapel Rd, Hyattsville, MD 20782","2026/07/07",1700,"2 Beds",NA
"506 Easley St, Silver Spring, MD 20910","2026/07/07",1610,"1 Bed","Apartment"
"506 Easley St, Silver Spring, MD 20910","2026/07/07",1800,"2 Beds","Apartment"
"1301 N Queen St, Arlington, VA 22209","2026/07/07",1596,"1 Bed","Apartment"
"1301 N Queen St, Arlington, VA 22209","2026/07/07",1758,"2 Beds","Apartment"
"2603 Southern Ave, Temple Hills, MD 20748","2026/07/07",900,"Studio","Apartment"
"2603 Southern Ave, Temple Hills, MD 20748","2026/07/07",1125,"1 Bed","Apartment"
"2603 Southern Ave, Temple Hills, MD 20748","2026/07/07",1245,"2 Beds+","Apartment"
"2306 11th St N, Arlington, VA 22201","2026/07/07",1620,"Studio","Apartment"
"2306 11th St N, Arlington, VA 22201","2026/07/07",1729,"1 Bed","Apartment"
"2306 11th St N, Arlington, VA 22201","2026/07/07",2036,"2 Beds+","Apartment"
"1220 N Queen St, Arlington, VA 22209","2026/07/07",1477,"Studio","Apartment"
"1220 N Queen St, Arlington, VA 22209","2026/07/07",1100,"1 Bed","Apartment"
"1220 N Queen St, Arlington, VA 22209","2026/07/07",2127,"2 Beds+","Apartment"
"320 Florida Ave NE, Washington, DC 20002","2026/07/07",2174,"Studio","Apartment"
"320 Florida Ave NE, Washington, DC 20002","2026/07/07",2339,"1 Bed","Apartment"
"320 Florida Ave NE, Washington, DC 20002","2026/07/07",2969,"2 Beds","Apartment"
"6918 Willow St NW, Washington, DC 20012","2026/07/07",1700,"Studio","Apartment"
"6918 Willow St NW, Washington, DC 20012","2026/07/07",1736,"1 Bed","Apartment"
"6918 Willow St NW, Washington, DC 20012","2026/07/07",2896,"2 Beds","Apartment"
"1270 4th St NE, Washington, DC 20002","2026/07/07",1954,"Studio","Apartment"
"1270 4th St NE, Washington, DC 20002","2026/07/07",2381,"1 Bed","Apartment"
"1270 4th St NE, Washington, DC 20002","2026/07/07",3251,"2 Beds","Apartment"
"450 K St NW, Washington, DC 20001","2026/07/07",2190,"Studio","Apartment"
"450 K St NW, Washington, DC 20001","2026/07/07",2320,"1 Bed","Apartment"
"450 K St NW, Washington, DC 20001","2026/07/07",3860,"2 Beds","Apartment"
"1339 E St SE, Washington, DC 20003","2026/07/07",2114,"Studio","Apartment"
"1339 E St SE, Washington, DC 20003","2026/07/07",2238,"1 Bed","Apartment"
"1339 E St SE, Washington, DC 20003","2026/07/07",5434,"3 Beds","Apartment"
"1240 4th St NE, Washington, DC 20002","2026/07/07",1806,"1 Bed","Apartment"
"1240 4th St NE, Washington, DC 20002","2026/07/07",2881,"2 Beds","Apartment"
"1701 H St NE, Washington, DC 20002","2026/07/07",2631,"Unit 801 at Link Apartments® H Street",NA
"2634 15th St NW, Washington, DC 20009","2026/07/07",1686,"1 Bed","Apartment"
"2634 15th St NW, Washington, DC 20009","2026/07/07",1986,"2 Beds","Apartment"
NA,NA,NA,NA,NA
"1611 Eckington Pl NE, Washington, DC 20002","2026/07/07",1853,"Studio","Apartment"
"1611 Eckington Pl NE, Washington, DC 20002","2026/07/07",1838,"1 Bed","Apartment"
"1611 Eckington Pl NE, Washington, DC 20002","2026/07/07",2384,"2 Beds+","Apartment"
"2800 Woodley Rd NW, Washington, DC 20008","2026/07/07",1725,"Studio","Apartment"
"2800 Woodley Rd NW, Washington, DC 20008","2026/07/07",1920,"1 Bed","Apartment"
"2800 Woodley Rd NW, Washington, DC 20008","2026/07/07",2562,"2 Beds","Apartment"
"869 21st St NE, Washington, DC 20002","2026/07/07",1150,"1 Bed","Apartment"
"869 21st St NE, Washington, DC 20002","2026/07/07",1350,"2 Beds","Apartment"
"1700 H St NE, Washington, DC 20002","2026/07/07",2230,"Unit 1-322 at Modera H Street",NA
"2601 16th St NW, Washington, DC 20009","2026/07/07",1852,"Studio","Apartment"
"2601 16th St NW, Washington, DC 20009","2026/07/07",2512,"1 Bed","Apartment"
"2601 16th St NW, Washington, DC 20009","2026/07/07",4084,"2 Beds","Apartment"
"555 E St SW, Washington, DC 20024","2026/07/07",1246,"Studio","Apartment"
"555 E St SW, Washington, DC 20024","2026/07/07",1332,"1 Bed","Apartment"
"555 E St SW, Washington, DC 20024","2026/07/07",3485,"2 Beds","Apartment"
"501 12th St NE, Washington, DC 20002","2026/07/07",2150,"2 Beds",NA
NA,NA,NA,NA,NA
"3709 New Hampshire Ave NW, Washington, DC 20010","2026/07/07",3995,"2 Beds",NA
"3032 Rodman St NW, Washington, DC 20008","2026/07/07",1875,"2 Beds",NA
"2401 Pennsylvania Ave NW, Washington, DC 20037","2026/07/07",3420,"1 Bed","Apartment"
"2401 Pennsylvania Ave NW, Washington, DC 20037","2026/07/07",5320,"2 Beds","Apartment"
"1700 Harvard St NW, Washington, DC 20009","2026/07/07",1730,"Studio","Apartment"
"1700 Harvard St NW, Washington, DC 20009","2026/07/07",1920,"1 Bed","Apartment"
"1700 Harvard St NW, Washington, DC 20009","2026/07/07",3550,"2 Beds","Apartment"
"2745-2749 Ordway St NW, Washington, DC 20008","2026/07/07",1350,"Studio","Apartment"
"2745-2749 Ordway St NW, Washington, DC 20008","2026/07/07",1950,"1 Bed","Apartment"
"2745-2749 Ordway St NW, Washington, DC 20008","2026/07/07",2600,"2 Beds","Apartment"
"4600 Wisconsin Ave NW, Washington, DC 20016","2026/07/07",2150,"Studio","Apartment"
"4600 Wisconsin Ave NW, Washington, DC 20016","2026/07/07",2400,"1 Bed","Apartment"
"4600 Wisconsin Ave NW, Washington, DC 20016","2026/07/07",4200,"2 Beds","Apartment"
"1575 Spring Pl NW, Washington, DC 20010","2026/07/07",1850,"2 Beds",NA
"1443 T St NW, Washington, DC 20009","2026/07/07",2300,"2 Beds",NA
"6701-6707 14th St NW, Washington, DC 20012","2026/07/07",2500,"1 Bed","Apartment"
"6701-6707 14th St NW, Washington, DC 20012","2026/07/07",3240,"2 Beds","Apartment"
"2620 16th St NW, Washington, DC 20009","2026/07/07",1595,"Studio","Apartment"
"2620 16th St NW, Washington, DC 20009","2026/07/07",2400,"1 Bed","Apartment"
"3624 Connecticut Ave NW, Washington, DC 20008","2026/07/07",1699,"1 Bed","Apartment"
"3624 Connecticut Ave NW, Washington, DC 20008","2026/07/07",2999,"2 Beds","Apartment"
NA,NA,NA,NA,NA
"3647 6th St SE, Washington, DC 20032","2026/07/07",1373,"1 Bed","Apartment"
"3647 6th St SE, Washington, DC 20032","2026/07/07",1652,"2 Beds","Apartment"
"3647 6th St SE, Washington, DC 20032","2026/07/07",1936,"3 Beds","Apartment"
"2420 16th St NW, Washington, DC 20009","2026/07/07",1816,"Studio","Apartment"
"2420 16th St NW, Washington, DC 20009","2026/07/07",2303,"1 Bed","Apartment"
"5100 Connecticut Ave NW, Washington, DC 20008","2026/07/07",1650,"Studio","Apartment"
"5100 Connecticut Ave NW, Washington, DC 20008","2026/07/07",1995,"1 Bed","Apartment"
"1631 Kalorama Rd NW, Washington, DC 20009","2026/07/07",1760,"1 Bed","Room"
"1717 E Capitol St SE, Washington, DC 20003","2026/07/07",1775,"Studio","Apartment"
"1717 E Capitol St SE, Washington, DC 20003","2026/07/07",2010,"1 Bed","Apartment"
"1717 E Capitol St SE, Washington, DC 20003","2026/07/07",2295,"2 Beds","Apartment"
"4900 Fort Totten Dr NE, Washington, DC 20011","2026/07/07",1427,"1 Bed","Apartment"
"4900 Fort Totten Dr NE, Washington, DC 20011","2026/07/07",1334,"2 Beds","Apartment"
"3625 16TH St NW, WASHINGTON, DC 20010","2026/07/07",1600,"Studio","Apartment"
"3625 16TH St NW, WASHINGTON, DC 20010","2026/07/07",1750,"1 Bed","Apartment"
NA,NA,NA,NA,NA
"950 3rd St NW, Washington, DC 20001","2026/07/07",2535,"1 Bed","Apartment"
"950 3rd St NW, Washington, DC 20001","2026/07/07",3750,"2 Beds","Apartment"
NA,NA,NA,NA,NA
"425 8th St NW, Washington, DC 20004","2026/07/07",2950,"1 Bed","Apartment"
"425 8th St NW, Washington, DC 20004","2026/07/07",3900,"2 Beds","Apartment"
"1630 Euclid St NW, Washington, DC 20009","2026/07/07",1650,"Studio","Apartment"
"1630 Euclid St NW, Washington, DC 20009","2026/07/07",1900,"1 Bed","Apartment"
"1630 Euclid St NW, Washington, DC 20009","2026/07/07",2750,"2 Beds","Apartment"
"1510 Butler St SE, Washington, DC 20020","2026/07/07",1377,"2 Beds","Apartment"
"1510 Butler St SE, Washington, DC 20020","2026/07/07",1667,"3 Beds","Apartment"
"2323 Sherman Ave NW, Washington, DC 20001","2026/07/07",1932,"Studio","Apartment"
"2323 Sherman Ave NW, Washington, DC 20001","2026/07/07",2213,"1 Bed","Apartment"
"4530 Fort Totten Dr NE, Washington, DC 20011","2026/07/07",1499,"1 Bed","Apartment"
"4530 Fort Totten Dr NE, Washington, DC 20011","2026/07/07",1999,"2 Beds","Apartment"
"1350 Florida Ave NW, Washington, DC 20009","2026/07/07",1788,"Studio","Apartment"
"1350 Florida Ave NW, Washington, DC 20009","2026/07/07",2320,"1 Bed","Apartment"
NA,NA,NA,NA,NA
"910-912 Euclid St NW, Washington, DC 20001","2026/07/07",1740,"1 Bed","Room"
NA,NA,NA,NA,NA
"3850 Tunlaw Rd NW, Washington, DC 20007","2026/07/07",1823,"1 Bed","Apartment"
"3850 Tunlaw Rd NW, Washington, DC 20007","2026/07/07",2360,"2 Beds","Apartment"
"5182 Eastern Ave NE, Washington, DC 20011","2026/07/07",1599,"1 Bed","Apartment"
"5182 Eastern Ave NE, Washington, DC 20011","2026/07/07",2200,"2 Beds","Apartment"
"5182 Eastern Ave NE, Washington, DC 20011","2026/07/07",2575,"3 Beds","Apartment"
"822-852 Barnaby St SE, Washington, DC 20032","2026/07/07",1400,"2 Beds","Apartment"
"822-852 Barnaby St SE, Washington, DC 20032","2026/07/07",1560,"3 Beds","Apartment"
"2724-2740 Porter St NW, Washington, DC 20008","2026/07/07",1350,"Studio","Apartment"
"2724-2740 Porter St NW, Washington, DC 20008","2026/07/07",1950,"1 Bed","Apartment"
"2724-2740 Porter St NW, Washington, DC 20008","2026/07/07",2600,"2 Beds","Apartment"
"40 N St NE, Washington, DC 20002","2026/07/07",2197,"1 Bed","Apartment"
"40 N St NE, Washington, DC 20002","2026/07/07",3068,"2 Beds","Apartment"
NA,NA,NA,NA,NA
"550 Morse St NE, Washington, DC 20002","2026/07/07",2225,"1 Bed","Apartment"
"550 Morse St NE, Washington, DC 20002","2026/07/07",2907,"2 Beds","Apartment"
"2400 16th St NW, Washington, DC 20009","2026/07/07",1699,"Studio","Apartment"
"2400 16th St NW, Washington, DC 20009","2026/07/07",2399,"1 Bed","Apartment"
"1601 Argonne Pl NW, Washington, DC 20009","2026/07/07",1627,"Studio","Apartment"
"1601 Argonne Pl NW, Washington, DC 20009","2026/07/07",2188,"1 Bed","Apartment"
"1201 Perry St NE, Washington, DC 20017","2026/07/07",1150,"1 Bed","Room"
"4660 Martin Luther King Jr Ave SW, Washington, DC 20032","2026/07/07",1299,"1 Bed","Apartment"
"4660 Martin Luther King Jr Ave SW, Washington, DC 20032","2026/07/07",1599,"2 Beds","Apartment"
NA,NA,NA,NA,NA
"2726 Connecticut Ave NW, Washington, DC 20008","2026/07/07",1600,"Studio","Apartment"
"2726 Connecticut Ave NW, Washington, DC 20008","2026/07/07",2000,"1 Bed","Apartment"
"2726 Connecticut Ave NW, Washington, DC 20008","2026/07/07",2950,"2 Beds","Apartment"
"1631 S St NW, Washington, DC 20009","2026/07/07",1599,"2 Beds","Room"
"2425 17th St NW, Washington, DC 20009","2026/07/07",1600,"Studio","Apartment"
"2425 17th St NW, Washington, DC 20009","2026/07/07",2000,"1 Bed","Apartment"
"2425 17th St NW, Washington, DC 20009","2026/07/07",2999,"2 Beds","Apartment"
"908-922 Eastern Ave NE, Washington, DC 20019","2026/07/07",1300,"1 Bed","Apartment"
"908-922 Eastern Ave NE, Washington, DC 20019","2026/07/07",1500,"2 Beds","Apartment"
"3614 Connecticut Ave NW, Washington, DC 20008","2026/07/07",1600,"Studio","Apartment"
"3614 Connecticut Ave NW, Washington, DC 20008","2026/07/07",1412,"1 Bed","Apartment"
"3614 Connecticut Ave NW, Washington, DC 20008","2026/07/07",2500,"2 Beds","Apartment"
"32 Chesapeake St SW, Washington, DC 20032","2026/07/07",1150,"1 Bed","Apartment"
"32 Chesapeake St SW, Washington, DC 20032","2026/07/07",1375,"2 Beds","Apartment"
"5425 Connecticut Ave NW, Washington, DC 20015","2026/07/07",1725,"Studio","Apartment"
"5425 Connecticut Ave NW, Washington, DC 20015","2026/07/07",2025,"1 Bed","Apartment"
"5425 Connecticut Ave NW, Washington, DC 20015","2026/07/07",2885,"2 Beds","Apartment"
"1627 Lamont St NW, Washington, DC 20010","2026/07/07",2950,"2 Beds","Room"
NA,NA,NA,NA,NA
"6817 Georgia Ave NW, Washington, DC 20012","2026/07/07",1475,"Studio","Apartment"
"6817 Georgia Ave NW, Washington, DC 20012","2026/07/07",1699,"1 Bed","Apartment"
"6817 Georgia Ave NW, Washington, DC 20012","2026/07/07",1925,"2 Beds","Apartment"
"1515 Ogden St NW, Washington, DC 20010","2026/07/07",1291,"Studio","Apartment"
"1515 Ogden St NW, Washington, DC 20010","2026/07/07",1500,"1 Bed","Apartment"
"1415 Rhode Island Ave NW, Washington, DC 20005","2026/07/07",2485,"1 Bed","Apartment"
"1415 Rhode Island Ave NW, Washington, DC 20005","2026/07/07",4370,"2 Beds","Apartment"
"1151-1551 4th St SW, Washington, DC 20024","2026/07/07",1821,"Studio","Apartment"
"1151-1551 4th St SW, Washington, DC 20024","2026/07/07",2053,"1 Bed","Apartment"
"2834 Q St SE, Washington, DC 20020","2026/07/07",1226,"1 Bed","Apartment"
"2834 Q St SE, Washington, DC 20020","2026/07/07",1350,"2 Beds","Apartment"
"1616 18th St NW, Washington, DC 20009","2026/07/07",1953,"Studio","Apartment"
"1616 18th St NW, Washington, DC 20009","2026/07/07",2650,"1 Bed","Apartment"
"100 K St NE, Washington, DC 20002","2026/07/07",1870,"Studio","Apartment"
"100 K St NE, Washington, DC 20002","2026/07/07",2295,"1 Bed","Apartment"
"100 K St NE, Washington, DC 20002","2026/07/07",3260,"2 Beds","Apartment"
"801-901 H St NE, Washington, DC 20002","2026/07/07",2525,"Unit 309 at Avec on H Street","Room"
"1908 Florida Ave NW, Washington, DC 20009","2026/07/07",1861,"Studio","Apartment"
"1908 Florida Ave NW, Washington, DC 20009","2026/07/07",2608,"1 Bed","Apartment"
"5661 3rd St NE, Washington, DC 20011","2026/07/07",1490,"Studio","Apartment"
"5661 3rd St NE, Washington, DC 20011","2026/07/07",1729,"1 Bed","Apartment"
"5661 3rd St NE, Washington, DC 20011","2026/07/07",2521,"2 Beds","Apartment"
"3825-3829 Georgia Ave NW, Washington, DC 20011","2026/07/07",1450,"Studio","Apartment"
"3825-3829 Georgia Ave NW, Washington, DC 20011","2026/07/07",1306,"1 Bed","Apartment"
"400 K St NW, Washington, DC 20001","2026/07/07",2348,"Studio","Apartment"
"400 K St NW, Washington, DC 20001","2026/07/07",2542,"1 Bed","Apartment"
"400 K St NW, Washington, DC 20001","2026/07/07",3408,"2 Beds","Apartment"
"1210 Massachusetts Ave NW, Washington, DC 20005","2026/07/07",2456,"1 Bed","Apartment"
"1210 Massachusetts Ave NW, Washington, DC 20005","2026/07/07",4021,"2 Beds","Apartment"
"501 H St NE, Washington, DC 20002","2026/07/07",1994,"Studio","Apartment"
"501 H St NE, Washington, DC 20002","2026/07/07",1955,"1 Bed","Apartment"
"501 H St NE, Washington, DC 20002","2026/07/07",2755,"2 Beds","Apartment"
"207 Mississippi Ave SE, Washington, DC 20032","2026/07/07",1299,"1 Bed","Apartment"
"207 Mississippi Ave SE, Washington, DC 20032","2026/07/07",1549,"2 Beds","Apartment"
"2700 Wisconsin Ave NW, Washington, DC 20007","2026/07/07",1300,"Studio","Apartment"
"2700 Wisconsin Ave NW, Washington, DC 20007","2026/07/07",1800,"1 Bed","Apartment"
"2607 Bowen Rd SE, Washington, DC 20020","2026/07/07",1436,"1 Bed","Apartment"
"2607 Bowen Rd SE, Washington, DC 20020","2026/07/07",491,"2 Beds","Apartment"
"800 Southern Ave SE, Washington, DC 20032","2026/07/07",1300,"1 Bed","Apartment"
"800 Southern Ave SE, Washington, DC 20032","2026/07/07",1725,"2 Beds","Apartment"
"1617 14th St NW, Washington, DC 20009","2026/07/07",2200,"Studio","Apartment"
"1617 14th St NW, Washington, DC 20009","2026/07/07",2599,"1 Bed","Apartment"
"1617 14th St NW, Washington, DC 20009","2026/07/07",4100,"2 Beds","Apartment"
"510 8th St NE, Washington, DC 20002","2026/07/07",1800,"Studio","Apartment"
"510 8th St NE, Washington, DC 20002","2026/07/07",2200,"1 Bed","Apartment"
"4540 Macarthur Blvd NW, Washington, DC 20007","2026/07/07",1595,"1 Bed","Apartment"
"4540 Macarthur Blvd NW, Washington, DC 20007","2026/07/07",1995,"2 Beds","Apartment"
"410 Richardson Pl NW, Washington, DC 20001","2026/07/07",1450,"2 Beds","Room"
"1811-1815 S St NW, Washington, DC 20009","2026/07/07",1695,"2 Beds","Room"
NA,NA,NA,NA,NA
"2385 Rhode Island Ave NE, Washington, DC 20018","2026/07/07",1999,"1 Bed","Apartment"
"2385 Rhode Island Ave NE, Washington, DC 20018","2026/07/07",2399,"2 Beds","Apartment"
"5455 Western Ave, Washington, DC 20015","2026/07/07",1384,"2 Beds","Room"
"4196 Livingston Rd SE, Washington, DC 20032","2026/07/07",1095,"1 Bed","Apartment"
"4196 Livingston Rd SE, Washington, DC 20032","2026/07/07",1893,"3 Beds","Apartment"
"5429 Connecticut Ave NW, Washington, DC 20015","2026/07/07",1450,"Studio","Apartment"
"5429 Connecticut Ave NW, Washington, DC 20015","2026/07/07",1620,"1 Bed","Apartment"
"2601 Virginia Ave NW, Washington, DC 20037","2026/07/07",2375,"1 Bed","Apartment"
"2601 Virginia Ave NW, Washington, DC 20037","2026/07/07",2099,"2 Beds","Apartment"
NA,NA,NA,NA,NA
"501 Kennedy St NW, Washington, DC 20011","2026/07/07",1561,"1 Bed","Apartment"
"501 Kennedy St NW, Washington, DC 20011","2026/07/07",3195,"2 Beds","Apartment"
"1441 Harvard St NW, Washington, DC 20009","2026/07/07",1595,"Studio","Apartment"
"1441 Harvard St NW, Washington, DC 20009","2026/07/07",2000,"1 Bed","Apartment"
"1441 Harvard St NW, Washington, DC 20009","2026/07/07",2600,"2 Beds","Apartment"
"820 Southern Ave SE, Washington, DC 20032","2026/07/07",1450,"2 Beds","Apartment"
"820 Southern Ave SE, Washington, DC 20032","2026/07/07",1600,"3 Beds","Apartment"
"57 Galveston St SW, Washington, DC 20032","2026/07/07",1099,"1 Bed","Apartment"
"57 Galveston St SW, Washington, DC 20032","2026/07/07",1299,"2 Beds","Apartment"
"2620 Bowen Rd SE, Washington, DC 20020","2026/07/07",1292,"1 Bed","Apartment"
"2620 Bowen Rd SE, Washington, DC 20020","2026/07/07",1540,"2 Beds","Apartment"
"2620 Bowen Rd SE, Washington, DC 20020","2026/07/07",2204,"3 Beds","Apartment"
NA,NA,NA,NA,NA
"4212 E Capital St NE, Washington, DC 20019","2026/07/07",1623,"1 Bed","Apartment"
"4212 E Capital St NE, Washington, DC 20019","2026/07/07",1935,"2 Beds","Apartment"
"3300 6th St SE, Washington, DC 20032","2026/07/07",1149,"Studio","Apartment"
"3300 6th St SE, Washington, DC 20032","2026/07/07",1212,"1 Bed","Apartment"
"3300 6th St SE, Washington, DC 20032","2026/07/07",1340,"2 Beds","Apartment"
"599 50th St NE, Washington, DC 20019","2026/07/07",1399,"1 Bed","Apartment"
"599 50th St NE, Washington, DC 20019","2026/07/07",2081,"2 Beds","Apartment"
"1813 35th St NW, Washington, DC 20007","2026/07/07",2549,"1 Bed","Apartment"
"1813 35th St NW, Washington, DC 20007","2026/07/07",2900,"2 Beds","Apartment"
"1001 3rd St SW, Washington, DC 20024","2026/07/07",1599,"Studio","Apartment"
"1001 3rd St SW, Washington, DC 20024","2026/07/07",1999,"1 Bed","Apartment"
NA,NA,NA,NA,NA
"945 52nd St, Washington, DC 20019","2026/07/07",1750,"2 Beds","Apartment"
"945 52nd St, Washington, DC 20019","2026/07/07",1800,"3 Beds","Apartment"
"4801 Connecticut Ave NW, Washington, DC 20008","2026/07/07",1550,"Studio","Apartment"
"4801 Connecticut Ave NW, Washington, DC 20008","2026/07/07",1850,"1 Bed","Apartment"
"4801 Connecticut Ave NW, Washington, DC 20008","2026/07/07",2550,"2 Beds","Apartment"
"4200 S Capitol St SE, Washington, DC 20032","2026/07/07",1045,"1 Bed","Apartment"
"4200 S Capitol St SE, Washington, DC 20032","2026/07/07",1050,"2 Beds","Apartment"
"118 Galveston St SW, Washington, DC 20032","2026/07/07",1249,"1 Bed","Apartment"
"118 Galveston St SW, Washington, DC 20032","2026/07/07",1499,"2 Beds","Apartment"
"118 Galveston St SW, Washington, DC 20032","2026/07/07",1907,"3 Beds","Apartment"
"1815-1831 P St SE, Washington, DC 20020","2026/07/07",925,"3 Beds","Room"
"4419 3rd St SE, Washington, DC 20032","2026/07/07",1294,"1 Bed","Apartment"
"4419 3rd St SE, Washington, DC 20032","2026/07/07",1308,"2 Beds","Apartment"
"3232-3242 13th St SE, Washington, DC 20032","2026/07/07",963,"2 Beds","Apartment"
"3232-3242 13th St SE, Washington, DC 20032","2026/07/07",1114,"3 Beds","Apartment"
"3534 E Capitol St NE, Washington, DC 20019","2026/07/07",1455,"1 Bed","Apartment"
"3534 E Capitol St NE, Washington, DC 20019","2026/07/07",1737,"2 Beds","Apartment"
"2627 Jasper St SE, Washington, DC 20020","2026/07/07",1297,"1 Bed","Apartment"
"2627 Jasper St SE, Washington, DC 20020","2026/07/07",1513,"2 Beds","Apartment"
"5816 Georgia Ave NW, Washington, DC 20011","2026/07/07",1650,"1 Bed","Apartment"
"5816 Georgia Ave NW, Washington, DC 20011","2026/07/07",2150,"2 Beds","Apartment"
"600 Barnes St NE, Washington, DC 20019","2026/07/07",1084,"1 Bed","Apartment"
"600 Barnes St NE, Washington, DC 20019","2026/07/07",1221,"2 Beds","Apartment"
"2426 19th St NW, Washington, DC 20009","2026/07/07",1799,"1 Bed","Apartment"
"2426 19th St NW, Washington, DC 20009","2026/07/07",3250,"2 Beds","Apartment"
"1550 First St SW, Washington, DC 20024","2026/07/07",1323,"1 Bed","Apartment"
"1550 First St SW, Washington, DC 20024","2026/07/07",1676,"2 Beds","Apartment"
"1324 N Capitol St NW, Washington, DC 20002","2026/07/07",1599,"Studio","Apartment"
"1324 N Capitol St NW, Washington, DC 20002","2026/07/07",1899,"1 Bed","Apartment"
"1324 N Capitol St NW, Washington, DC 20002","2026/07/07",2499,"2 Beds","Apartment"
"2106 Vermont Ave NW, Washington, DC 20001","2026/07/07",1400,"2 Beds","Room"
"1754 Lanier Pl NW, Washington, DC 20009","2026/07/07",1550,"Studio","Apartment"
"1754 Lanier Pl NW, Washington, DC 20009","2026/07/07",1700,"1 Bed","Apartment"
"1630 R St NW, Washington, DC 20009","2026/07/07",1725,"Studio","Apartment"
"1630 R St NW, Washington, DC 20009","2026/07/07",2500,"1 Bed","Apartment"
"1630 R St NW, Washington, DC 20009","2026/07/07",3200,"2 Beds","Apartment"
"930 M St NW, Washington, DC 20001","2026/07/07",1850,"1 Bed","Apartment"
"930 M St NW, Washington, DC 20001","2026/07/07",2495,"2 Beds","Apartment"
"2343 Green St SE, Washington, DC 20020","2026/07/07",825,"1 Bed","Apartment"
"2343 Green St SE, Washington, DC 20020","2026/07/07",1100,"2 Beds","Apartment"
"2343 Green St SE, Washington, DC 20020","2026/07/07",1600,"3 Beds","Apartment"
"4001 S Capitol St, Washington, DC 20032","2026/07/07",1080,"Studio","Apartment"
"4001 S Capitol St, Washington, DC 20032","2026/07/07",930,"1 Bed","Apartment"
"4001 S Capitol St, Washington, DC 20032","2026/07/07",1845,"2 Beds+","Apartment"
"1709 8th St NW, Washington, DC 20001","2026/07/07",1450,"1 Bed","Apartment"
"1709 8th St NW, Washington, DC 20001","2026/07/07",1750,"2 Beds","Apartment"
"1709 8th St NW, Washington, DC 20001","2026/07/07",1900,"3 Beds","Apartment"
"1436 R St NW, Washington, DC 20009","2026/07/07",1346,"Studio","Apartment"
"1436 R St NW, Washington, DC 20009","2026/07/07",825,"1 Bed","Apartment"
"1436 R St NW, Washington, DC 20009","2026/07/07",1716,"2 Beds+","Apartment"
"1225 First St, Alexandria, VA 22314","2026/07/07",1935,"Studio","Apartment"
"1225 First St, Alexandria, VA 22314","2026/07/07",2260,"1 Bed","Apartment"
"1225 First St, Alexandria, VA 22314","2026/07/07",2775,"2 Beds","Apartment"
"1401 N Taft St, Arlington, VA 22201","2026/07/07",2242,"Studio","Apartment"
"1401 N Taft St, Arlington, VA 22201","2026/07/07",2566,"1 Bed","Apartment"
"1401 N Taft St, Arlington, VA 22201","2026/07/07",3727,"2 Beds","Apartment"
"1800 N Oak St, Arlington, VA 22209","2026/07/07",2464,"1 Bed","Apartment"
"1800 N Oak St, Arlington, VA 22209","2026/07/07",3269,"2 Beds","Apartment"
NA,NA,NA,NA,NA
NA,NA,NA,NA,NA
"1401 S Joyce St, Arlington, VA 22202","2026/07/07",2015,"Studio","Apartment"
"1401 S Joyce St, Arlington, VA 22202","2026/07/07",2443,"1 Bed","Apartment"
"1401 S Joyce St, Arlington, VA 22202","2026/07/07",3080,"2 Beds","Apartment"
"1501-1505 Crystal Dr, Arlington, VA 22202","2026/07/07",2277,"1 Bed","Apartment"
"1501-1505 Crystal Dr, Arlington, VA 22202","2026/07/07",2955,"2 Beds","Apartment"
"1501-1505 Crystal Dr, Arlington, VA 22202","2026/07/07",4935,"3 Beds","Apartment"
"1221 N Pierce St, Arlington, VA 22209","2026/07/07",2358,"1 Bed","Apartment"
"1221 N Pierce St, Arlington, VA 22209","2026/07/07",3561,"2 Beds","Apartment"
"2602 Langston Blvd, Arlington, VA 22201","2026/07/07",1850,"2 Beds","Room"
"1800 N Lynn St, Arlington, VA 22209","2026/07/07",2441,"Studio","Apartment"
"1800 N Lynn St, Arlington, VA 22209","2026/07/07",2548,"1 Bed","Apartment"
"1800 N Lynn St, Arlington, VA 22209","2026/07/07",4377,"2 Beds","Apartment"
"1701 N Kent St, Arlington, VA 22209","2026/07/07",2171,"1 Bed","Apartment"
"1701 N Kent St, Arlington, VA 22209","2026/07/07",2334,"2 Beds","Apartment"
"1701 N Kent St, Arlington, VA 22209","2026/07/07",4082,"3 Beds","Apartment"
"1400 S Joyce St, Arlington, VA 22202","2026/07/07",1649,"Studio","Apartment"
"1400 S Joyce St, Arlington, VA 22202","2026/07/07",1854,"1 Bed","Apartment"
"1400 S Joyce St, Arlington, VA 22202","2026/07/07",2583,"2 Beds+","Apartment"
"1400 E West Hwy, Silver Spring, MD 20910","2026/07/07",1864,"1 Bed","Apartment"
"1400 E West Hwy, Silver Spring, MD 20910","2026/07/07",2348,"2 Beds","Apartment"
"4743 Bradley Blvd, Chevy Chase, MD 20815","2026/07/07",1895,"1 Bed","Apartment"
"4743 Bradley Blvd, Chevy Chase, MD 20815","2026/07/07",2450,"2 Beds","Apartment"
"4743 Bradley Blvd, Chevy Chase, MD 20815","2026/07/07",3085,"3 Beds","Apartment"
"929 Bonifant St, Silver Spring, MD 20910","2026/07/07",1699,"3 Beds","Room"
"702 Chaney Dr, Takoma Park, MD 20912","2026/07/07",1810,"3 Beds","Room"
"8616 2nd Ave, Silver Spring, MD 20910","2026/07/07",1849,"Studio","Apartment"
"8616 2nd Ave, Silver Spring, MD 20910","2026/07/07",2001,"1 Bed","Apartment"
"8616 2nd Ave, Silver Spring, MD 20910","2026/07/07",1836,"2 Beds+","Apartment"
"1133 East-West Hwy, Silver Spring, MD 20910","2026/07/07",1667,"Studio","Apartment"
"1133 East-West Hwy, Silver Spring, MD 20910","2026/07/07",1748,"1 Bed","Apartment"
"1133 East-West Hwy, Silver Spring, MD 20910","2026/07/07",2425,"2 Beds","Apartment"
"8800 Lanier Dr, Silver Spring, MD 20910","2026/07/07",1696,"2 Beds","Apartment"
"8800 Lanier Dr, Silver Spring, MD 20910","2026/07/07",2350,"3 Beds","Apartment"
"2420 16th St N, Arlington, VA 22201","2026/07/07",1800,"3 Beds","Apartment"
"5237 Marlboro Pike, Capitol Heights, MD 20743","2026/07/07",1322,"1 Bed","Apartment"
"5237 Marlboro Pike, Capitol Heights, MD 20743","2026/07/07",1638,"2 Beds","Apartment"
"5237 Marlboro Pike, Capitol Heights, MD 20743","2026/07/07",1890,"3 Beds","Apartment"
"2900 St Clair Dr, Temple Hills, MD 20748","2026/07/07",1260,"1 Bed","Apartment"
"2900 St Clair Dr, Temple Hills, MD 20748","2026/07/07",1425,"2 Beds","Apartment"
"7517-7521 Blair Rd, Takoma Park, MD 20912","2026/07/07",1650,"1 Bed","Apartment"
"7517-7521 Blair Rd, Takoma Park, MD 20912","2026/07/07",1668,"2 Beds","Apartment"
"1201 S Eads St, Arlington, VA 22202","2026/07/07",1775,"Studio","Apartment"
"1201 S Eads St, Arlington, VA 22202","2026/07/07",2149,"1 Bed","Apartment"
"1201 S Eads St, Arlington, VA 22202","2026/07/07",2699,"2 Beds","Apartment"
"5284 Marlboro Pike, Capitol Heights, MD 20743","2026/07/07",1295,"1 Bed","Apartment"
"5284 Marlboro Pike, Capitol Heights, MD 20743","2026/07/07",1339,"2 Beds","Apartment"
"5284 Marlboro Pike, Capitol Heights, MD 20743","2026/07/07",1715,"3 Beds","Apartment"
"4545 Wheeler Rd, Oxon Hill, MD 20745","2026/07/07",1180,"Studio","Apartment"
"4545 Wheeler Rd, Oxon Hill, MD 20745","2026/07/07",1550,"1 Bed","Apartment"
"1501 N Rhodes St, Arlington, VA 22209","2026/07/07",2300,"1 Bed","Apartment"
"1317 Fort Myer Dr, Arlington, VA 22209","2026/07/07",1550,"1 Bed","Apartment"
"7700 Blair Rd, Takoma Park, MD 20912","2026/07/07",1395,"1 Bed","Apartment"
"7700 Blair Rd, Takoma Park, MD 20912","2026/07/07",1645,"2 Beds","Apartment"
"1970 Rosemary Hills Dr, Silver Spring, MD 20910","2026/07/07",1299,"1 Bed","Apartment"
"1970 Rosemary Hills Dr, Silver Spring, MD 20910","2026/07/07",1499,"2 Beds","Apartment"
"1970 Rosemary Hills Dr, Silver Spring, MD 20910","2026/07/07",2391,"3 Beds","Apartment"
"1525 Elkwood Ln, Capitol Heights, MD 20743","2026/07/07",1049,"1 Bed","Apartment"
"1525 Elkwood Ln, Capitol Heights, MD 20743","2026/07/07",1199,"2 Beds","Apartment"
"2001 N Cleveland St, Arlington, VA 22201","2026/07/07",1033,"1 Bed","Apartment"
"2001 N Cleveland St, Arlington, VA 22201","2026/07/07",1307,"2 Beds","Apartment"
NA,NA,NA,NA,NA
NA,NA,NA,NA,NA
NA,NA,NA,NA,NA
NA,NA,NA,NA,NA
NA,NA,NA,NA,NA
NA,NA,NA,NA,NA
NA,NA,NA,NA,NA
NA,NA,NA,NA,NA
NA,NA,NA,NA,NA
NA,NA,NA,NA,NA
"1532 15th St NW, Washington, DC 20005","2026/07/07",5447,"Unit 0721 at The 202","Apartment"
NA,NA,NA,NA,NA
NA,NA,NA,NA,NA
NA,NA,NA,NA,NA
"1320 21st St NW Unit 106, Washington, DC 20036","2026/07/07",2650,"1 Bed, 1 Bath, 650 sq ft","Apartment"
NA,NA,NA,NA,NA
"800 4th St SW Unit N117, Washington, DC 20024","2026/07/07",1950,"1 Bed, 1 Bath, 581 sq ft","Apartment"
"3976 East Capitol Street Northeast, Washington, DC 20019","2026/07/07",2895,"3 Beds, 2 Baths, 1,536 sq ft","Apartment"
"1242 New Jersey Ave NW Unit Apt 1, Washington, DC 20001","2026/07/07",3950,"2 Beds, 2.5 Baths, 1,500 sq ft","Apartment"
"11 R Street NW, Washington, DC 20001","2026/07/07",4800,"4 Beds, 3.5 Baths, 2,900 sq ft","Apartment"
"1915 Capitol Ave NE Unit 2, Washington, DC 20002","2026/07/07",2900,"3 Beds, 2 Baths, 1,000 sq ft","Apartment"
NA,NA,NA,NA,NA
NA,NA,NA,NA,NA
"803 7th St NE Unit 4, Washington, DC 20002","2026/07/07",2400,"2 Beds, 1 Bath, 880 sq ft","Condo"
NA,NA,NA,NA,NA
"1823 N Capitol St NE Unit 1823, Washington, DC 20002","2026/07/07",4000,"3 Beds, 2.5 Baths, 1,331 sq ft","Condo"
"37 L St SE Unit 1105, Washington, DC 20003","2026/07/07",2995,"1 Bed, 1 Bath, 665 sq ft","Condo"
"1550 11th St NW Unit 407, Washington, DC 20001","2026/07/07",4600,"2 Beds, 1.5 Baths, 1,064 sq ft","Condo"
NA,NA,NA,NA,NA
"773 10th St, Washington DC, DC 20003","2026/07/07",1410,"Unit 0707 at Ledger Union Market","Condo"
"2235 Quincy St NE, Washington, DC 20018","2026/07/07",1080,"1 Bed, 1 Bath, 900 sq ft","Condo"
"6107 7th Pl NW, Washington, DC 20011","2026/07/07",850,"1 Bed, 1 Bath, 900 sq ft","Condo"
"3504 18th St NE, Washington, DC 20018","2026/07/07",875,"1 Bed, 1 Bath, 900 sq ft","Condo"
"1815 Vernon St NW, Washington, DC 20009","2026/07/07",1350,"Unit 1019 at Illume","Condo"
"302 19th St NE, Washington, DC 20002","2026/07/07",715,"Unit 1019 at Illume","Condo"
"1317 Belmont St NW, Washington, DC 20009","2026/07/07",1130,"Unit 1019 at Illume","Condo"
"525 Water St SW Unit Waterfront, Washington, DC 20024","2026/07/07",3975,"2 Beds, 2 Baths, 925 sq ft","Condo"
"1413 Q St NW, Washington, DC 20009","2026/07/07",995,"2 Beds, 2 Baths, 925 sq ft","Condo"
"155 U St NW, Washington, DC 20001","2026/07/07",1355,"Unit South-P206 at Hanover 8th Street","Condo"
NA,NA,NA,NA,NA
NA,NA,NA,NA,NA
"2430 Iverson St, Temple Hills, MD 20748","2026/07/07",1750,"2 Beds, 1 Bath, 768 sq ft","Condo"
NA,NA,NA,NA,NA
NA,NA,NA,NA,NA
NA,NA,NA,NA,NA
NA,NA,NA,NA,NA
NA,NA,NA,NA,NA
NA,NA,NA,NA,NA
NA,NA,NA,NA,NA
NA,NA,NA,NA,NA
NA,NA,NA,NA,NA
NA,NA,NA,NA,NA
NA,NA,NA,NA,NA
"2633 16th St NW, Washington, DC 20009","2026/07/07",2936,"Unit W2AC at Warder Mansion","Condo"
"3003 Van Ness St NW, Washington, DC 20008","2026/07/07",2043,"Unit W-0931 at 3003 Van Ness","Condo"
"950 24th St NW, Washington, DC 20037","2026/07/07",2854,"Unit Main-218 at Varsity On K","Condo"
